place_id,display_name,wiki_title,year,month,views,source
lk_ampara_arugam_bay,Arugam Bay,Arugam_Bay,2024,1,2180,Wikimedia Pageviews API monthly per-article
lk_ampara_arugam_bay,Arugam Bay,Arugam_Bay,2024,2,2077,Wikimedia Pageviews API monthly per-article
lk_ampara_arugam_bay,Arugam Bay,Arugam_Bay,2024,3,2709,Wikimedia Pageviews API monthly per-article
lk_ampara_arugam_bay,Arugam Bay,Arugam_Bay,2024,4,2273,Wikimedia Pageviews API monthly per-article
lk_ampara_arugam_bay,Arugam Bay,Arugam_Bay,2024,5,1962,Wikimedia Pageviews API monthly per-article
lk_ampara_arugam_bay,Arugam Bay,Arugam_Bay,2024,6,1698,Wikimedia Pageviews API monthly per-article
lk_ampara_arugam_bay,Arugam Bay,Arugam_Bay,2024,7,2045,Wikimedia Pageviews API monthly per-article
lk_ampara_arugam_bay,Arugam Bay,Arugam_Bay,2024,8,2151,Wikimedia Pageviews API monthly per-article
lk_ampara_arugam_bay,Arugam Bay,Arugam_Bay,2024,9,1689,Wikimedia Pageviews API monthly per-article
lk_ampara_arugam_bay,Arugam Bay,Arugam_Bay,2024,10,18290,Wikimedia Pageviews API monthly per-article
lk_ampara_arugam_bay,Arugam Bay,Arugam_Bay,2024,11,2373,Wikimedia Pageviews API monthly per-article
lk_ampara_arugam_bay,Arugam Bay,Arugam_Bay,2024,12,1896,Wikimedia Pageviews API monthly per-article
lk_ampara_arugam_bay,Arugam Bay,Arugam_Bay,2025,1,2126,Wikimedia Pageviews API monthly per-article
lk_ampara_arugam_bay,Arugam Bay,Arugam_Bay,2025,2,1708,Wikimedia Pageviews API monthly per-article
lk_ampara_arugam_bay,Arugam Bay,Arugam_Bay,2025,3,2153,Wikimedia Pageviews API monthly per-article
lk_ampara_arugam_bay,Arugam Bay,Arugam_Bay,2025,4,2029,Wikimedia Pageviews API monthly per-article
lk_ampara_arugam_bay,Arugam Bay,Arugam_Bay,2025,5,2208,Wikimedia Pageviews API monthly per-article
lk_ampara_arugam_bay,Arugam Bay,Arugam_Bay,2025,6,2109,Wikimedia Pageviews API monthly per-article
lk_ampara_arugam_bay,Arugam Bay,Arugam_Bay,2025,7,2861,Wikimedia Pageviews API monthly per-article
lk_ampara_arugam_bay,Arugam Bay,Arugam_Bay,2025,8,3842,Wikimedia Pageviews API monthly per-article
lk_ampara_arugam_bay,Arugam Bay,Arugam_Bay,2025,9,2152,Wikimedia Pageviews API monthly per-article
lk_ampara_arugam_bay,Arugam Bay,Arugam_Bay,2025,10,1917,Wikimedia Pageviews API monthly per-article
lk_ampara_arugam_bay,Arugam Bay,Arugam_Bay,2025,11,1363,Wikimedia Pageviews API monthly per-article
lk_ampara_arugam_bay,Arugam Bay,Arugam_Bay,2025,12,938,Wikimedia Pageviews API monthly per-article
lk_ampara_arugam_bay,Arugam Bay,Arugam_Bay,2026,1,25,Wikimedia Pageviews API monthly per-article
lk_ampara_gal_oya_national_park,Gal Oya National Park,Gal_Oya_National_Park,2024,1,577,Wikimedia Pageviews API monthly per-article
lk_ampara_gal_oya_national_park,Gal Oya National Park,Gal_Oya_National_Park,2024,2,358,Wikimedia Pageviews API monthly per-article
lk_ampara_gal_oya_national_park,Gal Oya National Park,Gal_Oya_National_Park,2024,3,423,Wikimedia Pageviews API monthly per-article
lk_ampara_gal_oya_national_park,Gal Oya National Park,Gal_Oya_National_Park,2024,4,314,Wikimedia Pageviews API monthly per-article
lk_ampara_gal_oya_national_park,Gal Oya National Park,Gal_Oya_National_Park,2024,5,299,Wikimedia Pageviews API monthly per-article
lk_ampara_gal_oya_national_park,Gal Oya National Park,Gal_Oya_National_Park,2024,6,252,Wikimedia Pageviews API monthly per-article
lk_ampara_gal_oya_national_park,Gal Oya National Park,Gal_Oya_National_Park,2024,7,255,Wikimedia Pageviews API monthly per-article
lk_ampara_gal_oya_national_park,Gal Oya National Park,Gal_Oya_National_Park,2024,8,253,Wikimedia Pageviews API monthly per-article
lk_ampara_gal_oya_national_park,Gal Oya National Park,Gal_Oya_National_Park,2024,9,209,Wikimedia Pageviews API monthly per-article
lk_ampara_gal_oya_national_park,Gal Oya National Park,Gal_Oya_National_Park,2024,10,283,Wikimedia Pageviews API monthly per-article
lk_ampara_gal_oya_national_park,Gal Oya National Park,Gal_Oya_National_Park,2024,11,272,Wikimedia Pageviews API monthly per-article
lk_ampara_gal_oya_national_park,Gal Oya National Park,Gal_Oya_National_Park,2024,12,291,Wikimedia Pageviews API monthly per-article
lk_ampara_gal_oya_national_park,Gal Oya National Park,Gal_Oya_National_Park,2025,1,374,Wikimedia Pageviews API monthly per-article
lk_ampara_gal_oya_national_park,Gal Oya National Park,Gal_Oya_National_Park,2025,2,233,Wikimedia Pageviews API monthly per-article
lk_ampara_gal_oya_national_park,Gal Oya National Park,Gal_Oya_National_Park,2025,3,361,Wikimedia Pageviews API monthly per-article
lk_ampara_gal_oya_national_park,Gal Oya National Park,Gal_Oya_National_Park,2025,4,259,Wikimedia Pageviews API monthly per-article
lk_ampara_gal_oya_national_park,Gal Oya National Park,Gal_Oya_National_Park,2025,5,234,Wikimedia Pageviews API monthly per-article
lk_ampara_gal_oya_national_park,Gal Oya National Park,Gal_Oya_National_Park,2025,6,207,Wikimedia Pageviews API monthly per-article
lk_ampara_gal_oya_national_park,Gal Oya National Park,Gal_Oya_National_Park,2025,7,239,Wikimedia Pageviews API monthly per-article
lk_ampara_gal_oya_national_park,Gal Oya National Park,Gal_Oya_National_Park,2025,8,246,Wikimedia Pageviews API monthly per-article
lk_ampara_gal_oya_national_park,Gal Oya National Park,Gal_Oya_National_Park,2025,9,184,Wikimedia Pageviews API monthly per-article
lk_ampara_gal_oya_national_park,Gal Oya National Park,Gal_Oya_National_Park,2025,10,217,Wikimedia Pageviews API monthly per-article
lk_ampara_gal_oya_national_park,Gal Oya National Park,Gal_Oya_National_Park,2025,11,233,Wikimedia Pageviews API monthly per-article
lk_ampara_gal_oya_national_park,Gal Oya National Park,Gal_Oya_National_Park,2025,12,215,Wikimedia Pageviews API monthly per-article
lk_ampara_gal_oya_national_park,Gal Oya National Park,Gal_Oya_National_Park,2026,1,6,Wikimedia Pageviews API monthly per-article
lk_ampara_kumana_national_park,Kumana National Park,Kumana_National_Park,2024,1,623,Wikimedia Pageviews API monthly per-article
lk_ampara_kumana_national_park,Kumana National Park,Kumana_National_Park,2024,2,529,Wikimedia Pageviews API monthly per-article
lk_ampara_kumana_national_park,Kumana National Park,Kumana_National_Park,2024,3,594,Wikimedia Pageviews API monthly per-article
lk_ampara_kumana_national_park,Kumana National Park,Kumana_National_Park,2024,4,539,Wikimedia Pageviews API monthly per-article
lk_ampara_kumana_national_park,Kumana National Park,Kumana_National_Park,2024,5,440,Wikimedia Pageviews API monthly per-article
lk_ampara_kumana_national_park,Kumana National Park,Kumana_National_Park,2024,6,441,Wikimedia Pageviews API monthly per-article
lk_ampara_kumana_national_park,Kumana National Park,Kumana_National_Park,2024,7,475,Wikimedia Pageviews API monthly per-article
lk_ampara_kumana_national_park,Kumana National Park,Kumana_National_Park,2024,8,555,Wikimedia Pageviews API monthly per-article
lk_ampara_kumana_national_park,Kumana National Park,Kumana_National_Park,2024,9,445,Wikimedia Pageviews API monthly per-article
lk_ampara_kumana_national_park,Kumana National Park,Kumana_National_Park,2024,10,412,Wikimedia Pageviews API monthly per-article
lk_ampara_kumana_national_park,Kumana National Park,Kumana_National_Park,2024,11,331,Wikimedia Pageviews API monthly per-article
lk_ampara_kumana_national_park,Kumana National Park,Kumana_National_Park,2024,12,358,Wikimedia Pageviews API monthly per-article
lk_ampara_kumana_national_park,Kumana National Park,Kumana_National_Park,2025,1,448,Wikimedia Pageviews API monthly per-article
lk_ampara_kumana_national_park,Kumana National Park,Kumana_National_Park,2025,2,327,Wikimedia Pageviews API monthly per-article
lk_ampara_kumana_national_park,Kumana National Park,Kumana_National_Park,2025,3,521,Wikimedia Pageviews API monthly per-article
lk_ampara_kumana_national_park,Kumana National Park,Kumana_National_Park,2025,4,503,Wikimedia Pageviews API monthly per-article
lk_ampara_kumana_national_park,Kumana National Park,Kumana_National_Park,2025,5,446,Wikimedia Pageviews API monthly per-article
lk_ampara_kumana_national_park,Kumana National Park,Kumana_National_Park,2025,6,473,Wikimedia Pageviews API monthly per-article
lk_ampara_kumana_national_park,Kumana National Park,Kumana_National_Park,2025,7,470,Wikimedia Pageviews API monthly per-article
lk_ampara_kumana_national_park,Kumana National Park,Kumana_National_Park,2025,8,423,Wikimedia Pageviews API monthly per-article
lk_ampara_kumana_national_park,Kumana National Park,Kumana_National_Park,2025,9,386,Wikimedia Pageviews API monthly per-article
lk_ampara_kumana_national_park,Kumana National Park,Kumana_National_Park,2025,10,322,Wikimedia Pageviews API monthly per-article
lk_ampara_kumana_national_park,Kumana National Park,Kumana_National_Park,2025,11,317,Wikimedia Pageviews API monthly per-article
lk_ampara_kumana_national_park,Kumana National Park,Kumana_National_Park,2025,12,241,Wikimedia Pageviews API monthly per-article
lk_ampara_kumana_national_park,Kumana National Park,Kumana_National_Park,2026,1,6,Wikimedia Pageviews API monthly per-article
lk_ampara_muhudu_maha_viharaya,Muhudu Maha Viharaya,Muhudu_Maha_Viharaya,2024,1,11,Wikimedia Pageviews API monthly per-article
lk_ampara_muhudu_maha_viharaya,Muhudu Maha Viharaya,Muhudu_Maha_Viharaya,2024,2,9,Wikimedia Pageviews API monthly per-article
lk_ampara_muhudu_maha_viharaya,Muhudu Maha Viharaya,Muhudu_Maha_Viharaya,2024,3,10,Wikimedia Pageviews API monthly per-article
lk_ampara_muhudu_maha_viharaya,Muhudu Maha Viharaya,Muhudu_Maha_Viharaya,2024,4,8,Wikimedia Pageviews API monthly per-article
lk_ampara_muhudu_maha_viharaya,Muhudu Maha Viharaya,Muhudu_Maha_Viharaya,2024,5,4,Wikimedia Pageviews API monthly per-article
lk_ampara_muhudu_maha_viharaya,Muhudu Maha Viharaya,Muhudu_Maha_Viharaya,2024,6,11,Wikimedia Pageviews API monthly per-article
lk_ampara_muhudu_maha_viharaya,Muhudu Maha Viharaya,Muhudu_Maha_Viharaya,2024,7,14,Wikimedia Pageviews API monthly per-article
lk_ampara_muhudu_maha_viharaya,Muhudu Maha Viharaya,Muhudu_Maha_Viharaya,2024,8,14,Wikimedia Pageviews API monthly per-article
lk_ampara_muhudu_maha_viharaya,Muhudu Maha Viharaya,Muhudu_Maha_Viharaya,2024,9,12,Wikimedia Pageviews API monthly per-article
lk_ampara_muhudu_maha_viharaya,Muhudu Maha Viharaya,Muhudu_Maha_Viharaya,2024,10,18,Wikimedia Pageviews API monthly per-article
lk_ampara_muhudu_maha_viharaya,Muhudu Maha Viharaya,Muhudu_Maha_Viharaya,2024,11,7,Wikimedia Pageviews API monthly per-article
lk_ampara_muhudu_maha_viharaya,Muhudu Maha Viharaya,Muhudu_Maha_Viharaya,2024,12,12,Wikimedia Pageviews API monthly per-article
lk_ampara_muhudu_maha_viharaya,Muhudu Maha Viharaya,Muhudu_Maha_Viharaya,2025,1,19,Wikimedia Pageviews API monthly per-article
lk_ampara_muhudu_maha_viharaya,Muhudu Maha Viharaya,Muhudu_Maha_Viharaya,2025,2,8,Wikimedia Pageviews API monthly per-article
lk_ampara_muhudu_maha_viharaya,Muhudu Maha Viharaya,Muhudu_Maha_Viharaya,2025,3,13,Wikimedia Pageviews API monthly per-article
lk_ampara_muhudu_maha_viharaya,Muhudu Maha Viharaya,Muhudu_Maha_Viharaya,2025,4,3,Wikimedia Pageviews API monthly per-article
lk_ampara_muhudu_maha_viharaya,Muhudu Maha Viharaya,Muhudu_Maha_Viharaya,2025,5,4,Wikimedia Pageviews API monthly per-article
lk_ampara_muhudu_maha_viharaya,Muhudu Maha Viharaya,Muhudu_Maha_Viharaya,2025,6,10,Wikimedia Pageviews API monthly per-article
lk_ampara_muhudu_maha_viharaya,Muhudu Maha Viharaya,Muhudu_Maha_Viharaya,2025,7,12,Wikimedia Pageviews API monthly per-article
lk_ampara_muhudu_maha_viharaya,Muhudu Maha Viharaya,Muhudu_Maha_Viharaya,2025,8,19,Wikimedia Pageviews API monthly per-article
lk_ampara_muhudu_maha_viharaya,Muhudu Maha Viharaya,Muhudu_Maha_Viharaya,2025,9,11,Wikimedia Pageviews API monthly per-article
lk_ampara_muhudu_maha_viharaya,Muhudu Maha Viharaya,Muhudu_Maha_Viharaya,2025,10,9,Wikimedia Pageviews API monthly per-article
lk_ampara_muhudu_maha_viharaya,Muhudu Maha Viharaya,Muhudu_Maha_Viharaya,2025,11,12,Wikimedia Pageviews API monthly per-article
lk_ampara_muhudu_maha_viharaya,Muhudu Maha Viharaya,Muhudu_Maha_Viharaya,2025,12,4,Wikimedia Pageviews API monthly per-article
lk_ampara_muhudu_maha_viharaya,Muhudu Maha Viharaya,Muhudu_Maha_Viharaya,2026,1,0,Wikimedia Pageviews API monthly per-article
lk_ampara_lahugala_kitulana_national_park,Lahugala Kitulana National Park,Lahugala_Kitulana_National_Park,2024,1,156,Wikimedia Pageviews API monthly per-article
lk_ampara_lahugala_kitulana_national_park,Lahugala Kitulana National Park,Lahugala_Kitulana_National_Park,2024,2,101,Wikimedia Pageviews API monthly per-article
lk_ampara_lahugala_kitulana_national_park,Lahugala Kitulana National Park,Lahugala_Kitulana_National_Park,2024,3,116,Wikimedia Pageviews API monthly per-article
lk_ampara_lahugala_kitulana_national_park,Lahugala Kitulana National Park,Lahugala_Kitulana_National_Park,2024,4,119,Wikimedia Pageviews API monthly per-article
lk_ampara_lahugala_kitulana_national_park,Lahugala Kitulana National Park,Lahugala_Kitulana_National_Park,2024,5,90,Wikimedia Pageviews API monthly per-article
lk_ampara_lahugala_kitulana_national_park,Lahugala Kitulana National Park,Lahugala_Kitulana_National_Park,2024,6,77,Wikimedia Pageviews API monthly per-article
lk_ampara_lahugala_kitulana_national_park,Lahugala Kitulana National Park,Lahugala_Kitulana_National_Park,2024,7,113,Wikimedia Pageviews API monthly per-article
lk_ampara_lahugala_kitulana_national_park,Lahugala Kitulana National Park,Lahugala_Kitulana_National_Park,2024,8,123,Wikimedia Pageviews API monthly per-article
lk_ampara_lahugala_kitulana_national_park,Lahugala Kitulana National Park,Lahugala_Kitulana_National_Park,2024,9,109,Wikimedia Pageviews API monthly per-article
lk_ampara_lahugala_kitulana_national_park,Lahugala Kitulana National Park,Lahugala_Kitulana_National_Park,2024,10,77,Wikimedia Pageviews API monthly per-article
lk_ampara_lahugala_kitulana_national_park,Lahugala Kitulana National Park,Lahugala_Kitulana_National_Park,2024,11,74,Wikimedia Pageviews API monthly per-article
lk_ampara_lahugala_kitulana_national_park,Lahugala Kitulana National Park,Lahugala_Kitulana_National_Park,2024,12,89,Wikimedia Pageviews API monthly per-article
lk_ampara_lahugala_kitulana_national_park,Lahugala Kitulana National Park,Lahugala_Kitulana_National_Park,2025,1,104,Wikimedia Pageviews API monthly per-article
lk_ampara_lahugala_kitulana_national_park,Lahugala Kitulana National Park,Lahugala_Kitulana_National_Park,2025,2,79,Wikimedia Pageviews API monthly per-article
lk_ampara_lahugala_kitulana_national_park,Lahugala Kitulana National Park,Lahugala_Kitulana_National_Park,2025,3,177,Wikimedia Pageviews API monthly per-article
lk_ampara_lahugala_kitulana_national_park,Lahugala Kitulana National Park,Lahugala_Kitulana_National_Park,2025,4,119,Wikimedia Pageviews API monthly per-article
lk_ampara_lahugala_kitulana_national_park,Lahugala Kitulana National Park,Lahugala_Kitulana_National_Park,2025,5,94,Wikimedia Pageviews API monthly per-article
lk_ampara_lahugala_kitulana_national_park,Lahugala Kitulana National Park,Lahugala_Kitulana_National_Park,2025,6,84,Wikimedia Pageviews API monthly per-article
lk_ampara_lahugala_kitulana_national_park,Lahugala Kitulana National Park,Lahugala_Kitulana_National_Park,2025,7,102,Wikimedia Pageviews API monthly per-article
lk_ampara_lahugala_kitulana_national_park,Lahugala Kitulana National Park,Lahugala_Kitulana_National_Park,2025,8,106,Wikimedia Pageviews API monthly per-article
lk_ampara_lahugala_kitulana_national_park,Lahugala Kitulana National Park,Lahugala_Kitulana_National_Park,2025,9,114,Wikimedia Pageviews API monthly per-article
lk_ampara_lahugala_kitulana_national_park,Lahugala Kitulana National Park,Lahugala_Kitulana_National_Park,2025,10,110,Wikimedia Pageviews API monthly per-article
lk_ampara_lahugala_kitulana_national_park,Lahugala Kitulana National Park,Lahugala_Kitulana_National_Park,2025,11,98,Wikimedia Pageviews API monthly per-article
lk_ampara_lahugala_kitulana_national_park,Lahugala Kitulana National Park,Lahugala_Kitulana_National_Park,2025,12,75,Wikimedia Pageviews API monthly per-article
lk_ampara_lahugala_kitulana_national_park,Lahugala Kitulana National Park,Lahugala_Kitulana_National_Park,2026,1,5,Wikimedia Pageviews API monthly per-article
lk_ampara_magul_maha_viharaya,Magul Maha Viharaya,Magul_Maha_Viharaya,2024,1,152,Wikimedia Pageviews API monthly per-article
lk_ampara_magul_maha_viharaya,Magul Maha Viharaya,Magul_Maha_Viharaya,2024,2,99,Wikimedia Pageviews API monthly per-article
lk_ampara_magul_maha_viharaya,Magul Maha Viharaya,Magul_Maha_Viharaya,2024,3,137,Wikimedia Pageviews API monthly per-article
lk_ampara_magul_maha_viharaya,Magul Maha Viharaya,Magul_Maha_Viharaya,2024,4,132,Wikimedia Pageviews API monthly per-article
lk_ampara_magul_maha_viharaya,Magul Maha Viharaya,Magul_Maha_Viharaya,2024,5,126,Wikimedia Pageviews API monthly per-article
lk_ampara_magul_maha_viharaya,Magul Maha Viharaya,Magul_Maha_Viharaya,2024,6,113,Wikimedia Pageviews API monthly per-article
lk_ampara_magul_maha_viharaya,Magul Maha Viharaya,Magul_Maha_Viharaya,2024,7,137,Wikimedia Pageviews API monthly per-article
lk_ampara_magul_maha_viharaya,Magul Maha Viharaya,Magul_Maha_Viharaya,2024,8,157,Wikimedia Pageviews API monthly per-article
lk_ampara_magul_maha_viharaya,Magul Maha Viharaya,Magul_Maha_Viharaya,2024,9,142,Wikimedia Pageviews API monthly per-article
lk_ampara_magul_maha_viharaya,Magul Maha Viharaya,Magul_Maha_Viharaya,2024,10,81,Wikimedia Pageviews API monthly per-article
lk_ampara_magul_maha_viharaya,Magul Maha Viharaya,Magul_Maha_Viharaya,2024,11,91,Wikimedia Pageviews API monthly per-article
lk_ampara_magul_maha_viharaya,Magul Maha Viharaya,Magul_Maha_Viharaya,2024,12,118,Wikimedia Pageviews API monthly per-article
lk_ampara_magul_maha_viharaya,Magul Maha Viharaya,Magul_Maha_Viharaya,2025,1,137,Wikimedia Pageviews API monthly per-article
lk_ampara_magul_maha_viharaya,Magul Maha Viharaya,Magul_Maha_Viharaya,2025,2,85,Wikimedia Pageviews API monthly per-article
lk_ampara_magul_maha_viharaya,Magul Maha Viharaya,Magul_Maha_Viharaya,2025,3,112,Wikimedia Pageviews API monthly per-article
lk_ampara_magul_maha_viharaya,Magul Maha Viharaya,Magul_Maha_Viharaya,2025,4,121,Wikimedia Pageviews API monthly per-article
lk_ampara_magul_maha_viharaya,Magul Maha Viharaya,Magul_Maha_Viharaya,2025,5,111,Wikimedia Pageviews API monthly per-article
lk_ampara_magul_maha_viharaya,Magul Maha Viharaya,Magul_Maha_Viharaya,2025,6,85,Wikimedia Pageviews API monthly per-article
lk_ampara_magul_maha_viharaya,Magul Maha Viharaya,Magul_Maha_Viharaya,2025,7,119,Wikimedia Pageviews API monthly per-article
lk_ampara_magul_maha_viharaya,Magul Maha Viharaya,Magul_Maha_Viharaya,2025,8,151,Wikimedia Pageviews API monthly per-article
lk_ampara_magul_maha_viharaya,Magul Maha Viharaya,Magul_Maha_Viharaya,2025,9,102,Wikimedia Pageviews API monthly per-article
lk_ampara_magul_maha_viharaya,Magul Maha Viharaya,Magul_Maha_Viharaya,2025,10,108,Wikimedia Pageviews API monthly per-article
lk_ampara_magul_maha_viharaya,Magul Maha Viharaya,Magul_Maha_Viharaya,2025,11,70,Wikimedia Pageviews API monthly per-article
lk_ampara_magul_maha_viharaya,Magul Maha Viharaya,Magul_Maha_Viharaya,2025,12,89,Wikimedia Pageviews API monthly per-article
lk_ampara_magul_maha_viharaya,Magul Maha Viharaya,Magul_Maha_Viharaya,2026,1,2,Wikimedia Pageviews API monthly per-article
lk_ampara_panama_beach,Panama Beach,"Panama,_Sri_Lanka",2024,1,343,Wikimedia Pageviews API monthly per-article
lk_ampara_panama_beach,Panama Beach,"Panama,_Sri_Lanka",2024,2,291,Wikimedia Pageviews API monthly per-article
lk_ampara_panama_beach,Panama Beach,"Panama,_Sri_Lanka",2024,3,198,Wikimedia Pageviews API monthly per-article
lk_ampara_panama_beach,Panama Beach,"Panama,_Sri_Lanka",2024,4,215,Wikimedia Pageviews API monthly per-article
lk_ampara_panama_beach,Panama Beach,"Panama,_Sri_Lanka",2024,5,172,Wikimedia Pageviews API monthly per-article
lk_ampara_panama_beach,Panama Beach,"Panama,_Sri_Lanka",2024,6,206,Wikimedia Pageviews API monthly per-article
lk_ampara_panama_beach,Panama Beach,"Panama,_Sri_Lanka",2024,7,211,Wikimedia Pageviews API monthly per-article
lk_ampara_panama_beach,Panama Beach,"Panama,_Sri_Lanka",2024,8,199,Wikimedia Pageviews API monthly per-article
lk_ampara_panama_beach,Panama Beach,"Panama,_Sri_Lanka",2024,9,202,Wikimedia Pageviews API monthly per-article
lk_ampara_panama_beach,Panama Beach,"Panama,_Sri_Lanka",2024,10,272,Wikimedia Pageviews API monthly per-article
lk_ampara_panama_beach,Panama Beach,"Panama,_Sri_Lanka",2024,11,167,Wikimedia Pageviews API monthly per-article
lk_ampara_panama_beach,Panama Beach,"Panama,_Sri_Lanka",2024,12,242,Wikimedia Pageviews API monthly per-article
lk_ampara_panama_beach,Panama Beach,"Panama,_Sri_Lanka",2025,1,309,Wikimedia Pageviews API monthly per-article
lk_ampara_panama_beach,Panama Beach,"Panama,_Sri_Lanka",2025,2,203,Wikimedia Pageviews API monthly per-article
lk_ampara_panama_beach,Panama Beach,"Panama,_Sri_Lanka",2025,3,248,Wikimedia Pageviews API monthly per-article
lk_ampara_panama_beach,Panama Beach,"Panama,_Sri_Lanka",2025,4,228,Wikimedia Pageviews API monthly per-article
lk_ampara_panama_beach,Panama Beach,"Panama,_Sri_Lanka",2025,5,175,Wikimedia Pageviews API monthly per-article
lk_ampara_panama_beach,Panama Beach,"Panama,_Sri_Lanka",2025,6,167,Wikimedia Pageviews API monthly per-article
lk_ampara_panama_beach,Panama Beach,"Panama,_Sri_Lanka",2025,7,253,Wikimedia Pageviews API monthly per-article
lk_ampara_panama_beach,Panama Beach,"Panama,_Sri_Lanka",2025,8,298,Wikimedia Pageviews API monthly per-article
lk_ampara_panama_beach,Panama Beach,"Panama,_Sri_Lanka",2025,9,244,Wikimedia Pageviews API monthly per-article
lk_ampara_panama_beach,Panama Beach,"Panama,_Sri_Lanka",2025,10,201,Wikimedia Pageviews API monthly per-article
lk_ampara_panama_beach,Panama Beach,"Panama,_Sri_Lanka",2025,11,164,Wikimedia Pageviews API monthly per-article
lk_ampara_panama_beach,Panama Beach,"Panama,_Sri_Lanka",2025,12,141,Wikimedia Pageviews API monthly per-article
lk_ampara_panama_beach,Panama Beach,"Panama,_Sri_Lanka",2026,1,6,Wikimedia Pageviews API monthly per-article
lk_anuradhapura_sacred_city_of_anuradhapura,Sacred City of Anuradhapura,Anuradhapura,2024,1,12798,Wikimedia Pageviews API monthly per-article
lk_anuradhapura_sacred_city_of_anuradhapura,Sacred City of Anuradhapura,Anuradhapura,2024,2,10261,Wikimedia Pageviews API monthly per-article
lk_anuradhapura_sacred_city_of_anuradhapura,Sacred City of Anuradhapura,Anuradhapura,2024,3,9848,Wikimedia Pageviews API monthly per-article
lk_anuradhapura_sacred_city_of_anuradhapura,Sacred City of Anuradhapura,Anuradhapura,2024,4,8710,Wikimedia Pageviews API monthly per-article
lk_anuradhapura_sacred_city_of_anuradhapura,Sacred City of Anuradhapura,Anuradhapura,2024,5,7648,Wikimedia Pageviews API monthly per-article
lk_anuradhapura_sacred_city_of_anuradhapura,Sacred City of Anuradhapura,Anuradhapura,2024,6,6971,Wikimedia Pageviews API monthly per-article
lk_anuradhapura_sacred_city_of_anuradhapura,Sacred City of Anuradhapura,Anuradhapura,2024,7,8194,Wikimedia Pageviews API monthly per-article
lk_anuradhapura_sacred_city_of_anuradhapura,Sacred City of Anuradhapura,Anuradhapura,2024,8,8242,Wikimedia Pageviews API monthly per-article
lk_anuradhapura_sacred_city_of_anuradhapura,Sacred City of Anuradhapura,Anuradhapura,2024,9,8575,Wikimedia Pageviews API monthly per-article
lk_anuradhapura_sacred_city_of_anuradhapura,Sacred City of Anuradhapura,Anuradhapura,2024,10,8354,Wikimedia Pageviews API monthly per-article
lk_anuradhapura_sacred_city_of_anuradhapura,Sacred City of Anuradhapura,Anuradhapura,2024,11,7979,Wikimedia Pageviews API monthly per-article
lk_anuradhapura_sacred_city_of_anuradhapura,Sacred City of Anuradhapura,Anuradhapura,2024,12,7987,Wikimedia Pageviews API monthly per-article
lk_anuradhapura_sacred_city_of_anuradhapura,Sacred City of Anuradhapura,Anuradhapura,2025,1,9630,Wikimedia Pageviews API monthly per-article
lk_anuradhapura_sacred_city_of_anuradhapura,Sacred City of Anuradhapura,Anuradhapura,2025,2,8152,Wikimedia Pageviews API monthly per-article
lk_anuradhapura_sacred_city_of_anuradhapura,Sacred City of Anuradhapura,Anuradhapura,2025,3,8561,Wikimedia Pageviews API monthly per-article
lk_anuradhapura_sacred_city_of_anuradhapura,Sacred City of Anuradhapura,Anuradhapura,2025,4,8684,Wikimedia Pageviews API monthly per-article
lk_anuradhapura_sacred_city_of_anuradhapura,Sacred City of Anuradhapura,Anuradhapura,2025,5,7718,Wikimedia Pageviews API monthly per-article
lk_anuradhapura_sacred_city_of_anuradhapura,Sacred City of Anuradhapura,Anuradhapura,2025,6,6856,Wikimedia Pageviews API monthly per-article
lk_anuradhapura_sacred_city_of_anuradhapura,Sacred City of Anuradhapura,Anuradhapura,2025,7,7473,Wikimedia Pageviews API monthly per-article
lk_anuradhapura_sacred_city_of_anuradhapura,Sacred City of Anuradhapura,Anuradhapura,2025,8,7905,Wikimedia Pageviews API monthly per-article
lk_anuradhapura_sacred_city_of_anuradhapura,Sacred City of Anuradhapura,Anuradhapura,2025,9,7389,Wikimedia Pageviews API monthly per-article
lk_anuradhapura_sacred_city_of_anuradhapura,Sacred City of Anuradhapura,Anuradhapura,2025,10,7456,Wikimedia Pageviews API monthly per-article
lk_anuradhapura_sacred_city_of_anuradhapura,Sacred City of Anuradhapura,Anuradhapura,2025,11,7208,Wikimedia Pageviews API monthly per-article
lk_anuradhapura_sacred_city_of_anuradhapura,Sacred City of Anuradhapura,Anuradhapura,2025,12,6489,Wikimedia Pageviews API monthly per-article
lk_anuradhapura_sacred_city_of_anuradhapura,Sacred City of Anuradhapura,Anuradhapura,2026,1,186,Wikimedia Pageviews API monthly per-article
lk_anuradhapura_jaya_sri_maha_bodhi,Jaya Sri Maha Bodhi,Jaya_Sri_Maha_Bodhi,2024,1,6469,Wikimedia Pageviews API monthly per-article
lk_anuradhapura_jaya_sri_maha_bodhi,Jaya Sri Maha Bodhi,Jaya_Sri_Maha_Bodhi,2024,2,6115,Wikimedia Pageviews API monthly per-article
lk_anuradhapura_jaya_sri_maha_bodhi,Jaya Sri Maha Bodhi,Jaya_Sri_Maha_Bodhi,2024,3,6370,Wikimedia Pageviews API monthly per-article
lk_anuradhapura_jaya_sri_maha_bodhi,Jaya Sri Maha Bodhi,Jaya_Sri_Maha_Bodhi,2024,4,5455,Wikimedia Pageviews API monthly per-article
lk_anuradhapura_jaya_sri_maha_bodhi,Jaya Sri Maha Bodhi,Jaya_Sri_Maha_Bodhi,2024,5,5770,Wikimedia Pageviews API monthly per-article
lk_anuradhapura_jaya_sri_maha_bodhi,Jaya Sri Maha Bodhi,Jaya_Sri_Maha_Bodhi,2024,6,5044,Wikimedia Pageviews API monthly per-article
lk_anuradhapura_jaya_sri_maha_bodhi,Jaya Sri Maha Bodhi,Jaya_Sri_Maha_Bodhi,2024,7,5741,Wikimedia Pageviews API monthly per-article
lk_anuradhapura_jaya_sri_maha_bodhi,Jaya Sri Maha Bodhi,Jaya_Sri_Maha_Bodhi,2024,8,5820,Wikimedia Pageviews API monthly per-article
lk_anuradhapura_jaya_sri_maha_bodhi,Jaya Sri Maha Bodhi,Jaya_Sri_Maha_Bodhi,2024,9,5382,Wikimedia Pageviews API monthly per-article
lk_anuradhapura_jaya_sri_maha_bodhi,Jaya Sri Maha Bodhi,Jaya_Sri_Maha_Bodhi,2024,10,5508,Wikimedia Pageviews API monthly per-article
lk_anuradhapura_jaya_sri_maha_bodhi,Jaya Sri Maha Bodhi,Jaya_Sri_Maha_Bodhi,2024,11,5699,Wikimedia Pageviews API monthly per-article
lk_anuradhapura_jaya_sri_maha_bodhi,Jaya Sri Maha Bodhi,Jaya_Sri_Maha_Bodhi,2024,12,5607,Wikimedia Pageviews API monthly per-article
lk_anuradhapura_jaya_sri_maha_bodhi,Jaya Sri Maha Bodhi,Jaya_Sri_Maha_Bodhi,2025,1,6413,Wikimedia Pageviews API monthly per-article
lk_anuradhapura_jaya_sri_maha_bodhi,Jaya Sri Maha Bodhi,Jaya_Sri_Maha_Bodhi,2025,2,5431,Wikimedia Pageviews API monthly per-article
lk_anuradhapura_jaya_sri_maha_bodhi,Jaya Sri Maha Bodhi,Jaya_Sri_Maha_Bodhi,2025,3,5301,Wikimedia Pageviews API monthly per-article
lk_anuradhapura_jaya_sri_maha_bodhi,Jaya Sri Maha Bodhi,Jaya_Sri_Maha_Bodhi,2025,4,6818,Wikimedia Pageviews API monthly per-article
lk_anuradhapura_jaya_sri_maha_bodhi,Jaya Sri Maha Bodhi,Jaya_Sri_Maha_Bodhi,2025,5,4828,Wikimedia Pageviews API monthly per-article
lk_anuradhapura_jaya_sri_maha_bodhi,Jaya Sri Maha Bodhi,Jaya_Sri_Maha_Bodhi,2025,6,4201,Wikimedia Pageviews API monthly per-article
lk_anuradhapura_jaya_sri_maha_bodhi,Jaya Sri Maha Bodhi,Jaya_Sri_Maha_Bodhi,2025,7,4766,Wikimedia Pageviews API monthly per-article
lk_anuradhapura_jaya_sri_maha_bodhi,Jaya Sri Maha Bodhi,Jaya_Sri_Maha_Bodhi,2025,8,5256,Wikimedia Pageviews API monthly per-article
lk_anuradhapura_jaya_sri_maha_bodhi,Jaya Sri Maha Bodhi,Jaya_Sri_Maha_Bodhi,2025,9,4529,Wikimedia Pageviews API monthly per-article
lk_anuradhapura_jaya_sri_maha_bodhi,Jaya Sri Maha Bodhi,Jaya_Sri_Maha_Bodhi,2025,10,5123,Wikimedia Pageviews API monthly per-article
lk_anuradhapura_jaya_sri_maha_bodhi,Jaya Sri Maha Bodhi,Jaya_Sri_Maha_Bodhi,2025,11,5464,Wikimedia Pageviews API monthly per-article
lk_anuradhapura_jaya_sri_maha_bodhi,Jaya Sri Maha Bodhi,Jaya_Sri_Maha_Bodhi,2025,12,5213,Wikimedia Pageviews API monthly per-article
lk_anuradhapura_jaya_sri_maha_bodhi,Jaya Sri Maha Bodhi,Jaya_Sri_Maha_Bodhi,2026,1,155,Wikimedia Pageviews API monthly per-article
lk_anuradhapura_ruwanwelisaya,Ruwanwelisaya,Ruwanwelisaya,2024,1,7047,Wikimedia Pageviews API monthly per-article
lk_anuradhapura_ruwanwelisaya,Ruwanwelisaya,Ruwanwelisaya,2024,2,6097,Wikimedia Pageviews API monthly per-article
lk_anuradhapura_ruwanwelisaya,Ruwanwelisaya,Ruwanwelisaya,2024,3,5979,Wikimedia Pageviews API monthly per-article
lk_anuradhapura_ruwanwelisaya,Ruwanwelisaya,Ruwanwelisaya,2024,4,4961,Wikimedia Pageviews API monthly per-article
lk_anuradhapura_ruwanwelisaya,Ruwanwelisaya,Ruwanwelisaya,2024,5,4657,Wikimedia Pageviews API monthly per-article
lk_anuradhapura_ruwanwelisaya,Ruwanwelisaya,Ruwanwelisaya,2024,6,4602,Wikimedia Pageviews API monthly per-article
lk_anuradhapura_ruwanwelisaya,Ruwanwelisaya,Ruwanwelisaya,2024,7,4718,Wikimedia Pageviews API monthly per-article
lk_anuradhapura_ruwanwelisaya,Ruwanwelisaya,Ruwanwelisaya,2024,8,4835,Wikimedia Pageviews API monthly per-article
lk_anuradhapura_ruwanwelisaya,Ruwanwelisaya,Ruwanwelisaya,2024,9,4067,Wikimedia Pageviews API monthly per-article
lk_anuradhapura_ruwanwelisaya,Ruwanwelisaya,Ruwanwelisaya,2024,10,4645,Wikimedia Pageviews API monthly per-article
lk_anuradhapura_ruwanwelisaya,Ruwanwelisaya,Ruwanwelisaya,2024,11,4301,Wikimedia Pageviews API monthly per-article
lk_anuradhapura_ruwanwelisaya,Ruwanwelisaya,Ruwanwelisaya,2024,12,4339,Wikimedia Pageviews API monthly per-article
lk_anuradhapura_ruwanwelisaya,Ruwanwelisaya,Ruwanwelisaya,2025,1,5127,Wikimedia Pageviews API monthly per-article
lk_anuradhapura_ruwanwelisaya,Ruwanwelisaya,Ruwanwelisaya,2025,2,3805,Wikimedia Pageviews API monthly per-article
lk_anuradhapura_ruwanwelisaya,Ruwanwelisaya,Ruwanwelisaya,2025,3,4237,Wikimedia Pageviews API monthly per-article
lk_anuradhapura_ruwanwelisaya,Ruwanwelisaya,Ruwanwelisaya,2025,4,3656,Wikimedia Pageviews API monthly per-article
lk_anuradhapura_ruwanwelisaya,Ruwanwelisaya,Ruwanwelisaya,2025,5,3706,Wikimedia Pageviews API monthly per-article
lk_anuradhapura_ruwanwelisaya,Ruwanwelisaya,Ruwanwelisaya,2025,6,3338,Wikimedia Pageviews API monthly per-article
lk_anuradhapura_ruwanwelisaya,Ruwanwelisaya,Ruwanwelisaya,2025,7,3701,Wikimedia Pageviews API monthly per-article
lk_anuradhapura_ruwanwelisaya,Ruwanwelisaya,Ruwanwelisaya,2025,8,4343,Wikimedia Pageviews API monthly per-article
lk_anuradhapura_ruwanwelisaya,Ruwanwelisaya,Ruwanwelisaya,2025,9,3631,Wikimedia Pageviews API monthly per-article
lk_anuradhapura_ruwanwelisaya,Ruwanwelisaya,Ruwanwelisaya,2025,10,4337,Wikimedia Pageviews API monthly per-article
lk_anuradhapura_ruwanwelisaya,Ruwanwelisaya,Ruwanwelisaya,2025,11,3770,Wikimedia Pageviews API monthly per-article
lk_anuradhapura_ruwanwelisaya,Ruwanwelisaya,Ruwanwelisaya,2025,12,3122,Wikimedia Pageviews API monthly per-article
lk_anuradhapura_ruwanwelisaya,Ruwanwelisaya,Ruwanwelisaya,2026,1,117,Wikimedia Pageviews API monthly per-article
lk_anuradhapura_abhayagiri_vihara,Abhayagiri Vihara,Abhayagiri_Vihara,2024,1,86,Wikimedia Pageviews API monthly per-article
lk_anuradhapura_abhayagiri_vihara,Abhayagiri Vihara,Abhayagiri_Vihara,2024,2,71,Wikimedia Pageviews API monthly per-article
lk_anuradhapura_abhayagiri_vihara,Abhayagiri Vihara,Abhayagiri_Vihara,2024,3,70,Wikimedia Pageviews API monthly per-article
lk_anuradhapura_abhayagiri_vihara,Abhayagiri Vihara,Abhayagiri_Vihara,2024,4,62,Wikimedia Pageviews API monthly per-article
lk_anuradhapura_abhayagiri_vihara,Abhayagiri Vihara,Abhayagiri_Vihara,2024,5,60,Wikimedia Pageviews API monthly per-article
lk_anuradhapura_abhayagiri_vihara,Abhayagiri Vihara,Abhayagiri_Vihara,2024,6,57,Wikimedia Pageviews API monthly per-article
lk_anuradhapura_abhayagiri_vihara,Abhayagiri Vihara,Abhayagiri_Vihara,2024,7,68,Wikimedia Pageviews API monthly per-article
lk_anuradhapura_abhayagiri_vihara,Abhayagiri Vihara,Abhayagiri_Vihara,2024,8,55,Wikimedia Pageviews API monthly per-article
lk_anuradhapura_abhayagiri_vihara,Abhayagiri Vihara,Abhayagiri_Vihara,2024,9,63,Wikimedia Pageviews API monthly per-article
lk_anuradhapura_abhayagiri_vihara,Abhayagiri Vihara,Abhayagiri_Vihara,2024,10,69,Wikimedia Pageviews API monthly per-article
lk_anuradhapura_abhayagiri_vihara,Abhayagiri Vihara,Abhayagiri_Vihara,2024,11,57,Wikimedia Pageviews API monthly per-article
lk_anuradhapura_abhayagiri_vihara,Abhayagiri Vihara,Abhayagiri_Vihara,2024,12,54,Wikimedia Pageviews API monthly per-article
lk_anuradhapura_abhayagiri_vihara,Abhayagiri Vihara,Abhayagiri_Vihara,2025,1,97,Wikimedia Pageviews API monthly per-article
lk_anuradhapura_abhayagiri_vihara,Abhayagiri Vihara,Abhayagiri_Vihara,2025,2,73,Wikimedia Pageviews API monthly per-article
lk_anuradhapura_abhayagiri_vihara,Abhayagiri Vihara,Abhayagiri_Vihara,2025,3,70,Wikimedia Pageviews API monthly per-article
lk_anuradhapura_abhayagiri_vihara,Abhayagiri Vihara,Abhayagiri_Vihara,2025,4,67,Wikimedia Pageviews API monthly per-article
lk_anuradhapura_abhayagiri_vihara,Abhayagiri Vihara,Abhayagiri_Vihara,2025,5,59,Wikimedia Pageviews API monthly per-article
lk_anuradhapura_abhayagiri_vihara,Abhayagiri Vihara,Abhayagiri_Vihara,2025,6,37,Wikimedia Pageviews API monthly per-article
lk_anuradhapura_abhayagiri_vihara,Abhayagiri Vihara,Abhayagiri_Vihara,2025,7,70,Wikimedia Pageviews API monthly per-article
lk_anuradhapura_abhayagiri_vihara,Abhayagiri Vihara,Abhayagiri_Vihara,2025,8,70,Wikimedia Pageviews API monthly per-article
lk_anuradhapura_abhayagiri_vihara,Abhayagiri Vihara,Abhayagiri_Vihara,2025,9,69,Wikimedia Pageviews API monthly per-article
lk_anuradhapura_abhayagiri_vihara,Abhayagiri Vihara,Abhayagiri_Vihara,2025,10,43,Wikimedia Pageviews API monthly per-article
lk_anuradhapura_abhayagiri_vihara,Abhayagiri Vihara,Abhayagiri_Vihara,2025,11,79,Wikimedia Pageviews API monthly per-article
lk_anuradhapura_abhayagiri_vihara,Abhayagiri Vihara,Abhayagiri_Vihara,2025,12,161,Wikimedia Pageviews API monthly per-article
lk_anuradhapura_abhayagiri_vihara,Abhayagiri Vihara,Abhayagiri_Vihara,2026,1,5,Wikimedia Pageviews API monthly per-article
lk_anuradhapura_jetavanaramaya,Jetavanaramaya,Jetavanaramaya,2024,1,3739,Wikimedia Pageviews API monthly per-article
lk_anuradhapura_jetavanaramaya,Jetavanaramaya,Jetavanaramaya,2024,2,3395,Wikimedia Pageviews API monthly per-article
lk_anuradhapura_jetavanaramaya,Jetavanaramaya,Jetavanaramaya,2024,3,3439,Wikimedia Pageviews API monthly per-article
lk_anuradhapura_jetavanaramaya,Jetavanaramaya,Jetavanaramaya,2024,4,3070,Wikimedia Pageviews API monthly per-article
lk_anuradhapura_jetavanaramaya,Jetavanaramaya,Jetavanaramaya,2024,5,4057,Wikimedia Pageviews API monthly per-article
lk_anuradhapura_jetavanaramaya,Jetavanaramaya,Jetavanaramaya,2024,6,2619,Wikimedia Pageviews API monthly per-article
lk_anuradhapura_jetavanaramaya,Jetavanaramaya,Jetavanaramaya,2024,7,2728,Wikimedia Pageviews API monthly per-article
lk_anuradhapura_jetavanaramaya,Jetavanaramaya,Jetavanaramaya,2024,8,2920,Wikimedia Pageviews API monthly per-article
lk_anuradhapura_jetavanaramaya,Jetavanaramaya,Jetavanaramaya,2024,9,2645,Wikimedia Pageviews API monthly per-article
lk_anuradhapura_jetavanaramaya,Jetavanaramaya,Jetavanaramaya,2024,10,2707,Wikimedia Pageviews API monthly per-article
lk_anuradhapura_jetavanaramaya,Jetavanaramaya,Jetavanaramaya,2024,11,2557,Wikimedia Pageviews API monthly per-article
lk_anuradhapura_jetavanaramaya,Jetavanaramaya,Jetavanaramaya,2024,12,2889,Wikimedia Pageviews API monthly per-article
lk_anuradhapura_jetavanaramaya,Jetavanaramaya,Jetavanaramaya,2025,1,3505,Wikimedia Pageviews API monthly per-article
lk_anuradhapura_jetavanaramaya,Jetavanaramaya,Jetavanaramaya,2025,2,2780,Wikimedia Pageviews API monthly per-article
lk_anuradhapura_jetavanaramaya,Jetavanaramaya,Jetavanaramaya,2025,3,3182,Wikimedia Pageviews API monthly per-article
lk_anuradhapura_jetavanaramaya,Jetavanaramaya,Jetavanaramaya,2025,4,2829,Wikimedia Pageviews API monthly per-article
lk_anuradhapura_jetavanaramaya,Jetavanaramaya,Jetavanaramaya,2025,5,2704,Wikimedia Pageviews API monthly per-article
lk_anuradhapura_jetavanaramaya,Jetavanaramaya,Jetavanaramaya,2025,6,2495,Wikimedia Pageviews API monthly per-article
lk_anuradhapura_jetavanaramaya,Jetavanaramaya,Jetavanaramaya,2025,7,2707,Wikimedia Pageviews API monthly per-article
lk_anuradhapura_jetavanaramaya,Jetavanaramaya,Jetavanaramaya,2025,8,3125,Wikimedia Pageviews API monthly per-article
lk_anuradhapura_jetavanaramaya,Jetavanaramaya,Jetavanaramaya,2025,9,2547,Wikimedia Pageviews API monthly per-article
lk_anuradhapura_jetavanaramaya,Jetavanaramaya,Jetavanaramaya,2025,10,3032,Wikimedia Pageviews API monthly per-article
lk_anuradhapura_jetavanaramaya,Jetavanaramaya,Jetavanaramaya,2025,11,2943,Wikimedia Pageviews API monthly per-article
lk_anuradhapura_jetavanaramaya,Jetavanaramaya,Jetavanaramaya,2025,12,2656,Wikimedia Pageviews API monthly per-article
lk_anuradhapura_jetavanaramaya,Jetavanaramaya,Jetavanaramaya,2026,1,99,Wikimedia Pageviews API monthly per-article
lk_anuradhapura_mihintale,Mihintale,Mihintale,2024,1,2700,Wikimedia Pageviews API monthly per-article
lk_anuradhapura_mihintale,Mihintale,Mihintale,2024,2,2462,Wikimedia Pageviews API monthly per-article
lk_anuradhapura_mihintale,Mihintale,Mihintale,2024,3,2053,Wikimedia Pageviews API monthly per-article
lk_anuradhapura_mihintale,Mihintale,Mihintale,2024,4,1615,Wikimedia Pageviews API monthly per-article
lk_anuradhapura_mihintale,Mihintale,Mihintale,2024,5,1416,Wikimedia Pageviews API monthly per-article
lk_anuradhapura_mihintale,Mihintale,Mihintale,2024,6,1959,Wikimedia Pageviews API monthly per-article
lk_anuradhapura_mihintale,Mihintale,Mihintale,2024,7,1865,Wikimedia Pageviews API monthly per-article
lk_anuradhapura_mihintale,Mihintale,Mihintale,2024,8,1868,Wikimedia Pageviews API monthly per-article
lk_anuradhapura_mihintale,Mihintale,Mihintale,2024,9,1934,Wikimedia Pageviews API monthly per-article
lk_anuradhapura_mihintale,Mihintale,Mihintale,2024,10,1693,Wikimedia Pageviews API monthly per-article
lk_anuradhapura_mihintale,Mihintale,Mihintale,2024,11,1547,Wikimedia Pageviews API monthly per-article
lk_anuradhapura_mihintale,Mihintale,Mihintale,2024,12,1670,Wikimedia Pageviews API monthly per-article
lk_anuradhapura_mihintale,Mihintale,Mihintale,2025,1,1992,Wikimedia Pageviews API monthly per-article
lk_anuradhapura_mihintale,Mihintale,Mihintale,2025,2,1634,Wikimedia Pageviews API monthly per-article
lk_anuradhapura_mihintale,Mihintale,Mihintale,2025,3,1774,Wikimedia Pageviews API monthly per-article
lk_anuradhapura_mihintale,Mihintale,Mihintale,2025,4,1236,Wikimedia Pageviews API monthly per-article
lk_anuradhapura_mihintale,Mihintale,Mihintale,2025,5,1320,Wikimedia Pageviews API monthly per-article
lk_anuradhapura_mihintale,Mihintale,Mihintale,2025,6,1907,Wikimedia Pageviews API monthly per-article
lk_anuradhapura_mihintale,Mihintale,Mihintale,2025,7,1805,Wikimedia Pageviews API monthly per-article
lk_anuradhapura_mihintale,Mihintale,Mihintale,2025,8,2024,Wikimedia Pageviews API monthly per-article
lk_anuradhapura_mihintale,Mihintale,Mihintale,2025,9,1722,Wikimedia Pageviews API monthly per-article
lk_anuradhapura_mihintale,Mihintale,Mihintale,2025,10,1535,Wikimedia Pageviews API monthly per-article
lk_anuradhapura_mihintale,Mihintale,Mihintale,2025,11,1414,Wikimedia Pageviews API monthly per-article
lk_anuradhapura_mihintale,Mihintale,Mihintale,2025,12,1402,Wikimedia Pageviews API monthly per-article
lk_anuradhapura_mihintale,Mihintale,Mihintale,2026,1,48,Wikimedia Pageviews API monthly per-article
lk_anuradhapura_ritigala,Ritigala,Ritigala,2024,1,1844,Wikimedia Pageviews API monthly per-article
lk_anuradhapura_ritigala,Ritigala,Ritigala,2024,2,1557,Wikimedia Pageviews API monthly per-article
lk_anuradhapura_ritigala,Ritigala,Ritigala,2024,3,1279,Wikimedia Pageviews API monthly per-article
lk_anuradhapura_ritigala,Ritigala,Ritigala,2024,4,1134,Wikimedia Pageviews API monthly per-article
lk_anuradhapura_ritigala,Ritigala,Ritigala,2024,5,1136,Wikimedia Pageviews API monthly per-article
lk_anuradhapura_ritigala,Ritigala,Ritigala,2024,6,948,Wikimedia Pageviews API monthly per-article
lk_anuradhapura_ritigala,Ritigala,Ritigala,2024,7,1286,Wikimedia Pageviews API monthly per-article
lk_anuradhapura_ritigala,Ritigala,Ritigala,2024,8,1344,Wikimedia Pageviews API monthly per-article
lk_anuradhapura_ritigala,Ritigala,Ritigala,2024,9,1294,Wikimedia Pageviews API monthly per-article
lk_anuradhapura_ritigala,Ritigala,Ritigala,2024,10,1165,Wikimedia Pageviews API monthly per-article
lk_anuradhapura_ritigala,Ritigala,Ritigala,2024,11,1280,Wikimedia Pageviews API monthly per-article
lk_anuradhapura_ritigala,Ritigala,Ritigala,2024,12,1389,Wikimedia Pageviews API monthly per-article
lk_anuradhapura_ritigala,Ritigala,Ritigala,2025,1,1380,Wikimedia Pageviews API monthly per-article
lk_anuradhapura_ritigala,Ritigala,Ritigala,2025,2,1011,Wikimedia Pageviews API monthly per-article
lk_anuradhapura_ritigala,Ritigala,Ritigala,2025,3,1148,Wikimedia Pageviews API monthly per-article
lk_anuradhapura_ritigala,Ritigala,Ritigala,2025,4,904,Wikimedia Pageviews API monthly per-article
lk_anuradhapura_ritigala,Ritigala,Ritigala,2025,5,793,Wikimedia Pageviews API monthly per-article
lk_anuradhapura_ritigala,Ritigala,Ritigala,2025,6,896,Wikimedia Pageviews API monthly per-article
lk_anuradhapura_ritigala,Ritigala,Ritigala,2025,7,929,Wikimedia Pageviews API monthly per-article
lk_anuradhapura_ritigala,Ritigala,Ritigala,2025,8,945,Wikimedia Pageviews API monthly per-article
lk_anuradhapura_ritigala,Ritigala,Ritigala,2025,9,681,Wikimedia Pageviews API monthly per-article
lk_anuradhapura_ritigala,Ritigala,Ritigala,2025,10,942,Wikimedia Pageviews API monthly per-article
lk_anuradhapura_ritigala,Ritigala,Ritigala,2025,11,779,Wikimedia Pageviews API monthly per-article
lk_anuradhapura_ritigala,Ritigala,Ritigala,2025,12,587,Wikimedia Pageviews API monthly per-article
lk_anuradhapura_ritigala,Ritigala,Ritigala,2026,1,9,Wikimedia Pageviews API monthly per-article
lk_anuradhapura_thuparamaya,Thuparamaya,Thuparamaya,2024,1,1831,Wikimedia Pageviews API monthly per-article
lk_anuradhapura_thuparamaya,Thuparamaya,Thuparamaya,2024,2,1662,Wikimedia Pageviews API monthly per-article
lk_anuradhapura_thuparamaya,Thuparamaya,Thuparamaya,2024,3,1354,Wikimedia Pageviews API monthly per-article
lk_anuradhapura_thuparamaya,Thuparamaya,Thuparamaya,2024,4,1059,Wikimedia Pageviews API monthly per-article
lk_anuradhapura_thuparamaya,Thuparamaya,Thuparamaya,2024,5,1350,Wikimedia Pageviews API monthly per-article
lk_anuradhapura_thuparamaya,Thuparamaya,Thuparamaya,2024,6,1094,Wikimedia Pageviews API monthly per-article
lk_anuradhapura_thuparamaya,Thuparamaya,Thuparamaya,2024,7,1119,Wikimedia Pageviews API monthly per-article
lk_anuradhapura_thuparamaya,Thuparamaya,Thuparamaya,2024,8,1074,Wikimedia Pageviews API monthly per-article
lk_anuradhapura_thuparamaya,Thuparamaya,Thuparamaya,2024,9,1135,Wikimedia Pageviews API monthly per-article
lk_anuradhapura_thuparamaya,Thuparamaya,Thuparamaya,2024,10,1277,Wikimedia Pageviews API monthly per-article
lk_anuradhapura_thuparamaya,Thuparamaya,Thuparamaya,2024,11,1605,Wikimedia Pageviews API monthly per-article
lk_anuradhapura_thuparamaya,Thuparamaya,Thuparamaya,2024,12,1426,Wikimedia Pageviews API monthly per-article
lk_anuradhapura_thuparamaya,Thuparamaya,Thuparamaya,2025,1,1737,Wikimedia Pageviews API monthly per-article
lk_anuradhapura_thuparamaya,Thuparamaya,Thuparamaya,2025,2,1319,Wikimedia Pageviews API monthly per-article
lk_anuradhapura_thuparamaya,Thuparamaya,Thuparamaya,2025,3,1287,Wikimedia Pageviews API monthly per-article
lk_anuradhapura_thuparamaya,Thuparamaya,Thuparamaya,2025,4,1133,Wikimedia Pageviews API monthly per-article
lk_anuradhapura_thuparamaya,Thuparamaya,Thuparamaya,2025,5,1132,Wikimedia Pageviews API monthly per-article
lk_anuradhapura_thuparamaya,Thuparamaya,Thuparamaya,2025,6,961,Wikimedia Pageviews API monthly per-article
lk_anuradhapura_thuparamaya,Thuparamaya,Thuparamaya,2025,7,1062,Wikimedia Pageviews API monthly per-article
lk_anuradhapura_thuparamaya,Thuparamaya,Thuparamaya,2025,8,1133,Wikimedia Pageviews API monthly per-article
lk_anuradhapura_thuparamaya,Thuparamaya,Thuparamaya,2025,9,1129,Wikimedia Pageviews API monthly per-article
lk_anuradhapura_thuparamaya,Thuparamaya,Thuparamaya,2025,10,1513,Wikimedia Pageviews API monthly per-article
lk_anuradhapura_thuparamaya,Thuparamaya,Thuparamaya,2025,11,1676,Wikimedia Pageviews API monthly per-article
lk_anuradhapura_thuparamaya,Thuparamaya,Thuparamaya,2025,12,1068,Wikimedia Pageviews API monthly per-article
lk_anuradhapura_thuparamaya,Thuparamaya,Thuparamaya,2026,1,27,Wikimedia Pageviews API monthly per-article
lk_anuradhapura_isurumuniya,Isurumuniya,Isurumuniya,2024,1,1493,Wikimedia Pageviews API monthly per-article
lk_anuradhapura_isurumuniya,Isurumuniya,Isurumuniya,2024,2,1432,Wikimedia Pageviews API monthly per-article
lk_anuradhapura_isurumuniya,Isurumuniya,Isurumuniya,2024,3,1194,Wikimedia Pageviews API monthly per-article
lk_anuradhapura_isurumuniya,Isurumuniya,Isurumuniya,2024,4,907,Wikimedia Pageviews API monthly per-article
lk_anuradhapura_isurumuniya,Isurumuniya,Isurumuniya,2024,5,730,Wikimedia Pageviews API monthly per-article
lk_anuradhapura_isurumuniya,Isurumuniya,Isurumuniya,2024,6,753,Wikimedia Pageviews API monthly per-article
lk_anuradhapura_isurumuniya,Isurumuniya,Isurumuniya,2024,7,972,Wikimedia Pageviews API monthly per-article
lk_anuradhapura_isurumuniya,Isurumuniya,Isurumuniya,2024,8,1106,Wikimedia Pageviews API monthly per-article
lk_anuradhapura_isurumuniya,Isurumuniya,Isurumuniya,2024,9,798,Wikimedia Pageviews API monthly per-article
lk_anuradhapura_isurumuniya,Isurumuniya,Isurumuniya,2024,10,879,Wikimedia Pageviews API monthly per-article
lk_anuradhapura_isurumuniya,Isurumuniya,Isurumuniya,2024,11,1134,Wikimedia Pageviews API monthly per-article
lk_anuradhapura_isurumuniya,Isurumuniya,Isurumuniya,2024,12,1108,Wikimedia Pageviews API monthly per-article
lk_anuradhapura_isurumuniya,Isurumuniya,Isurumuniya,2025,1,1324,Wikimedia Pageviews API monthly per-article
lk_anuradhapura_isurumuniya,Isurumuniya,Isurumuniya,2025,2,1030,Wikimedia Pageviews API monthly per-article
lk_anuradhapura_isurumuniya,Isurumuniya,Isurumuniya,2025,3,1068,Wikimedia Pageviews API monthly per-article
lk_anuradhapura_isurumuniya,Isurumuniya,Isurumuniya,2025,4,818,Wikimedia Pageviews API monthly per-article
lk_anuradhapura_isurumuniya,Isurumuniya,Isurumuniya,2025,5,722,Wikimedia Pageviews API monthly per-article
lk_anuradhapura_isurumuniya,Isurumuniya,Isurumuniya,2025,6,613,Wikimedia Pageviews API monthly per-article
lk_anuradhapura_isurumuniya,Isurumuniya,Isurumuniya,2025,7,889,Wikimedia Pageviews API monthly per-article
lk_anuradhapura_isurumuniya,Isurumuniya,Isurumuniya,2025,8,1038,Wikimedia Pageviews API monthly per-article
lk_anuradhapura_isurumuniya,Isurumuniya,Isurumuniya,2025,9,812,Wikimedia Pageviews API monthly per-article
lk_anuradhapura_isurumuniya,Isurumuniya,Isurumuniya,2025,10,907,Wikimedia Pageviews API monthly per-article
lk_anuradhapura_isurumuniya,Isurumuniya,Isurumuniya,2025,11,833,Wikimedia Pageviews API monthly per-article
lk_anuradhapura_isurumuniya,Isurumuniya,Isurumuniya,2025,12,802,Wikimedia Pageviews API monthly per-article
lk_anuradhapura_isurumuniya,Isurumuniya,Isurumuniya,2026,1,18,Wikimedia Pageviews API monthly per-article
lk_anuradhapura_kuttam_pokuna,Kuttam Pokuna,Kuttam_Pokuna,2024,1,830,Wikimedia Pageviews API monthly per-article
lk_anuradhapura_kuttam_pokuna,Kuttam Pokuna,Kuttam_Pokuna,2024,2,766,Wikimedia Pageviews API monthly per-article
lk_anuradhapura_kuttam_pokuna,Kuttam Pokuna,Kuttam_Pokuna,2024,3,865,Wikimedia Pageviews API monthly per-article
lk_anuradhapura_kuttam_pokuna,Kuttam Pokuna,Kuttam_Pokuna,2024,4,803,Wikimedia Pageviews API monthly per-article
lk_anuradhapura_kuttam_pokuna,Kuttam Pokuna,Kuttam_Pokuna,2024,5,672,Wikimedia Pageviews API monthly per-article
lk_anuradhapura_kuttam_pokuna,Kuttam Pokuna,Kuttam_Pokuna,2024,6,507,Wikimedia Pageviews API monthly per-article
lk_anuradhapura_kuttam_pokuna,Kuttam Pokuna,Kuttam_Pokuna,2024,7,757,Wikimedia Pageviews API monthly per-article
lk_anuradhapura_kuttam_pokuna,Kuttam Pokuna,Kuttam_Pokuna,2024,8,709,Wikimedia Pageviews API monthly per-article
lk_anuradhapura_kuttam_pokuna,Kuttam Pokuna,Kuttam_Pokuna,2024,9,604,Wikimedia Pageviews API monthly per-article
lk_anuradhapura_kuttam_pokuna,Kuttam Pokuna,Kuttam_Pokuna,2024,10,525,Wikimedia Pageviews API monthly per-article
lk_anuradhapura_kuttam_pokuna,Kuttam Pokuna,Kuttam_Pokuna,2024,11,622,Wikimedia Pageviews API monthly per-article
lk_anuradhapura_kuttam_pokuna,Kuttam Pokuna,Kuttam_Pokuna,2024,12,634,Wikimedia Pageviews API monthly per-article
lk_anuradhapura_kuttam_pokuna,Kuttam Pokuna,Kuttam_Pokuna,2025,1,772,Wikimedia Pageviews API monthly per-article
lk_anuradhapura_kuttam_pokuna,Kuttam Pokuna,Kuttam_Pokuna,2025,2,680,Wikimedia Pageviews API monthly per-article
lk_anuradhapura_kuttam_pokuna,Kuttam Pokuna,Kuttam_Pokuna,2025,3,660,Wikimedia Pageviews API monthly per-article
lk_anuradhapura_kuttam_pokuna,Kuttam Pokuna,Kuttam_Pokuna,2025,4,459,Wikimedia Pageviews API monthly per-article
lk_anuradhapura_kuttam_pokuna,Kuttam Pokuna,Kuttam_Pokuna,2025,5,626,Wikimedia Pageviews API monthly per-article
lk_anuradhapura_kuttam_pokuna,Kuttam Pokuna,Kuttam_Pokuna,2025,6,544,Wikimedia Pageviews API monthly per-article
lk_anuradhapura_kuttam_pokuna,Kuttam Pokuna,Kuttam_Pokuna,2025,7,606,Wikimedia Pageviews API monthly per-article
lk_anuradhapura_kuttam_pokuna,Kuttam Pokuna,Kuttam_Pokuna,2025,8,740,Wikimedia Pageviews API monthly per-article
lk_anuradhapura_kuttam_pokuna,Kuttam Pokuna,Kuttam_Pokuna,2025,9,550,Wikimedia Pageviews API monthly per-article
lk_anuradhapura_kuttam_pokuna,Kuttam Pokuna,Kuttam_Pokuna,2025,10,639,Wikimedia Pageviews API monthly per-article
lk_anuradhapura_kuttam_pokuna,Kuttam Pokuna,Kuttam_Pokuna,2025,11,577,Wikimedia Pageviews API monthly per-article
lk_anuradhapura_kuttam_pokuna,Kuttam Pokuna,Kuttam_Pokuna,2025,12,573,Wikimedia Pageviews API monthly per-article
lk_anuradhapura_kuttam_pokuna,Kuttam Pokuna,Kuttam_Pokuna,2026,1,15,Wikimedia Pageviews API monthly per-article
lk_anuradhapura_lankarama,Lankarama,Lankarama,2024,1,337,Wikimedia Pageviews API monthly per-article
lk_anuradhapura_lankarama,Lankarama,Lankarama,2024,2,323,Wikimedia Pageviews API monthly per-article
lk_anuradhapura_lankarama,Lankarama,Lankarama,2024,3,324,Wikimedia Pageviews API monthly per-article
lk_anuradhapura_lankarama,Lankarama,Lankarama,2024,4,315,Wikimedia Pageviews API monthly per-article
lk_anuradhapura_lankarama,Lankarama,Lankarama,2024,5,298,Wikimedia Pageviews API monthly per-article
lk_anuradhapura_lankarama,Lankarama,Lankarama,2024,6,260,Wikimedia Pageviews API monthly per-article
lk_anuradhapura_lankarama,Lankarama,Lankarama,2024,7,278,Wikimedia Pageviews API monthly per-article
lk_anuradhapura_lankarama,Lankarama,Lankarama,2024,8,246,Wikimedia Pageviews API monthly per-article
lk_anuradhapura_lankarama,Lankarama,Lankarama,2024,9,234,Wikimedia Pageviews API monthly per-article
lk_anuradhapura_lankarama,Lankarama,Lankarama,2024,10,224,Wikimedia Pageviews API monthly per-article
lk_anuradhapura_lankarama,Lankarama,Lankarama,2024,11,207,Wikimedia Pageviews API monthly per-article
lk_anuradhapura_lankarama,Lankarama,Lankarama,2024,12,255,Wikimedia Pageviews API monthly per-article
lk_anuradhapura_lankarama,Lankarama,Lankarama,2025,1,340,Wikimedia Pageviews API monthly per-article
lk_anuradhapura_lankarama,Lankarama,Lankarama,2025,2,253,Wikimedia Pageviews API monthly per-article
lk_anuradhapura_lankarama,Lankarama,Lankarama,2025,3,297,Wikimedia Pageviews API monthly per-article
lk_anuradhapura_lankarama,Lankarama,Lankarama,2025,4,272,Wikimedia Pageviews API monthly per-article
lk_anuradhapura_lankarama,Lankarama,Lankarama,2025,5,215,Wikimedia Pageviews API monthly per-article
lk_anuradhapura_lankarama,Lankarama,Lankarama,2025,6,276,Wikimedia Pageviews API monthly per-article
lk_anuradhapura_lankarama,Lankarama,Lankarama,2025,7,231,Wikimedia Pageviews API monthly per-article
lk_anuradhapura_lankarama,Lankarama,Lankarama,2025,8,328,Wikimedia Pageviews API monthly per-article
lk_anuradhapura_lankarama,Lankarama,Lankarama,2025,9,229,Wikimedia Pageviews API monthly per-article
lk_anuradhapura_lankarama,Lankarama,Lankarama,2025,10,278,Wikimedia Pageviews API monthly per-article
lk_anuradhapura_lankarama,Lankarama,Lankarama,2025,11,284,Wikimedia Pageviews API monthly per-article
lk_anuradhapura_lankarama,Lankarama,Lankarama,2025,12,185,Wikimedia Pageviews API monthly per-article
lk_anuradhapura_lankarama,Lankarama,Lankarama,2026,1,7,Wikimedia Pageviews API monthly per-article
lk_anuradhapura_samadhi_buddha_statue,Samadhi Buddha Statue,Samadhi_Statue,2024,1,978,Wikimedia Pageviews API monthly per-article
lk_anuradhapura_samadhi_buddha_statue,Samadhi Buddha Statue,Samadhi_Statue,2024,2,883,Wikimedia Pageviews API monthly per-article
lk_anuradhapura_samadhi_buddha_statue,Samadhi Buddha Statue,Samadhi_Statue,2024,3,690,Wikimedia Pageviews API monthly per-article
lk_anuradhapura_samadhi_buddha_statue,Samadhi Buddha Statue,Samadhi_Statue,2024,4,667,Wikimedia Pageviews API monthly per-article
lk_anuradhapura_samadhi_buddha_statue,Samadhi Buddha Statue,Samadhi_Statue,2024,5,676,Wikimedia Pageviews API monthly per-article
lk_anuradhapura_samadhi_buddha_statue,Samadhi Buddha Statue,Samadhi_Statue,2024,6,545,Wikimedia Pageviews API monthly per-article
lk_anuradhapura_samadhi_buddha_statue,Samadhi Buddha Statue,Samadhi_Statue,2024,7,573,Wikimedia Pageviews API monthly per-article
lk_anuradhapura_samadhi_buddha_statue,Samadhi Buddha Statue,Samadhi_Statue,2024,8,542,Wikimedia Pageviews API monthly per-article
lk_anuradhapura_samadhi_buddha_statue,Samadhi Buddha Statue,Samadhi_Statue,2024,9,591,Wikimedia Pageviews API monthly per-article
lk_anuradhapura_samadhi_buddha_statue,Samadhi Buddha Statue,Samadhi_Statue,2024,10,742,Wikimedia Pageviews API monthly per-article
lk_anuradhapura_samadhi_buddha_statue,Samadhi Buddha Statue,Samadhi_Statue,2024,11,950,Wikimedia Pageviews API monthly per-article
lk_anuradhapura_samadhi_buddha_statue,Samadhi Buddha Statue,Samadhi_Statue,2024,12,734,Wikimedia Pageviews API monthly per-article
lk_anuradhapura_samadhi_buddha_statue,Samadhi Buddha Statue,Samadhi_Statue,2025,1,896,Wikimedia Pageviews API monthly per-article
lk_anuradhapura_samadhi_buddha_statue,Samadhi Buddha Statue,Samadhi_Statue,2025,2,609,Wikimedia Pageviews API monthly per-article
lk_anuradhapura_samadhi_buddha_statue,Samadhi Buddha Statue,Samadhi_Statue,2025,3,599,Wikimedia Pageviews API monthly per-article
lk_anuradhapura_samadhi_buddha_statue,Samadhi Buddha Statue,Samadhi_Statue,2025,4,573,Wikimedia Pageviews API monthly per-article
lk_anuradhapura_samadhi_buddha_statue,Samadhi Buddha Statue,Samadhi_Statue,2025,5,557,Wikimedia Pageviews API monthly per-article
lk_anuradhapura_samadhi_buddha_statue,Samadhi Buddha Statue,Samadhi_Statue,2025,6,529,Wikimedia Pageviews API monthly per-article
lk_anuradhapura_samadhi_buddha_statue,Samadhi Buddha Statue,Samadhi_Statue,2025,7,696,Wikimedia Pageviews API monthly per-article
lk_anuradhapura_samadhi_buddha_statue,Samadhi Buddha Statue,Samadhi_Statue,2025,8,660,Wikimedia Pageviews API monthly per-article
lk_anuradhapura_samadhi_buddha_statue,Samadhi Buddha Statue,Samadhi_Statue,2025,9,597,Wikimedia Pageviews API monthly per-article
lk_anuradhapura_samadhi_buddha_statue,Samadhi Buddha Statue,Samadhi_Statue,2025,10,898,Wikimedia Pageviews API monthly per-article
lk_anuradhapura_samadhi_buddha_statue,Samadhi Buddha Statue,Samadhi_Statue,2025,11,667,Wikimedia Pageviews API monthly per-article
lk_anuradhapura_samadhi_buddha_statue,Samadhi Buddha Statue,Samadhi_Statue,2025,12,565,Wikimedia Pageviews API monthly per-article
lk_anuradhapura_samadhi_buddha_statue,Samadhi Buddha Statue,Samadhi_Statue,2026,1,20,Wikimedia Pageviews API monthly per-article
lk_anuradhapura_ranmasu_uyana,Ranmasu Uyana,Ranmasu_Uyana,2024,1,488,Wikimedia Pageviews API monthly per-article
lk_anuradhapura_ranmasu_uyana,Ranmasu Uyana,Ranmasu_Uyana,2024,2,681,Wikimedia Pageviews API monthly per-article
lk_anuradhapura_ranmasu_uyana,Ranmasu Uyana,Ranmasu_Uyana,2024,3,600,Wikimedia Pageviews API monthly per-article
lk_anuradhapura_ranmasu_uyana,Ranmasu Uyana,Ranmasu_Uyana,2024,4,920,Wikimedia Pageviews API monthly per-article
lk_anuradhapura_ranmasu_uyana,Ranmasu Uyana,Ranmasu_Uyana,2024,5,1322,Wikimedia Pageviews API monthly per-article
lk_anuradhapura_ranmasu_uyana,Ranmasu Uyana,Ranmasu_Uyana,2024,6,953,Wikimedia Pageviews API monthly per-article
lk_anuradhapura_ranmasu_uyana,Ranmasu Uyana,Ranmasu_Uyana,2024,7,757,Wikimedia Pageviews API monthly per-article
lk_anuradhapura_ranmasu_uyana,Ranmasu Uyana,Ranmasu_Uyana,2024,8,887,Wikimedia Pageviews API monthly per-article
lk_anuradhapura_ranmasu_uyana,Ranmasu Uyana,Ranmasu_Uyana,2024,9,839,Wikimedia Pageviews API monthly per-article
lk_anuradhapura_ranmasu_uyana,Ranmasu Uyana,Ranmasu_Uyana,2024,10,483,Wikimedia Pageviews API monthly per-article
lk_anuradhapura_ranmasu_uyana,Ranmasu Uyana,Ranmasu_Uyana,2024,11,432,Wikimedia Pageviews API monthly per-article
lk_anuradhapura_ranmasu_uyana,Ranmasu Uyana,Ranmasu_Uyana,2024,12,479,Wikimedia Pageviews API monthly per-article
lk_anuradhapura_ranmasu_uyana,Ranmasu Uyana,Ranmasu_Uyana,2025,1,442,Wikimedia Pageviews API monthly per-article
lk_anuradhapura_ranmasu_uyana,Ranmasu Uyana,Ranmasu_Uyana,2025,2,493,Wikimedia Pageviews API monthly per-article
lk_anuradhapura_ranmasu_uyana,Ranmasu Uyana,Ranmasu_Uyana,2025,3,630,Wikimedia Pageviews API monthly per-article
lk_anuradhapura_ranmasu_uyana,Ranmasu Uyana,Ranmasu_Uyana,2025,4,445,Wikimedia Pageviews API monthly per-article
lk_anuradhapura_ranmasu_uyana,Ranmasu Uyana,Ranmasu_Uyana,2025,5,496,Wikimedia Pageviews API monthly per-article
lk_anuradhapura_ranmasu_uyana,Ranmasu Uyana,Ranmasu_Uyana,2025,6,373,Wikimedia Pageviews API monthly per-article
lk_anuradhapura_ranmasu_uyana,Ranmasu Uyana,Ranmasu_Uyana,2025,7,406,Wikimedia Pageviews API monthly per-article
lk_anuradhapura_ranmasu_uyana,Ranmasu Uyana,Ranmasu_Uyana,2025,8,487,Wikimedia Pageviews API monthly per-article
lk_anuradhapura_ranmasu_uyana,Ranmasu Uyana,Ranmasu_Uyana,2025,9,340,Wikimedia Pageviews API monthly per-article
lk_anuradhapura_ranmasu_uyana,Ranmasu Uyana,Ranmasu_Uyana,2025,10,428,Wikimedia Pageviews API monthly per-article
lk_anuradhapura_ranmasu_uyana,Ranmasu Uyana,Ranmasu_Uyana,2025,11,408,Wikimedia Pageviews API monthly per-article
lk_anuradhapura_ranmasu_uyana,Ranmasu Uyana,Ranmasu_Uyana,2025,12,486,Wikimedia Pageviews API monthly per-article
lk_anuradhapura_ranmasu_uyana,Ranmasu Uyana,Ranmasu_Uyana,2026,1,8,Wikimedia Pageviews API monthly per-article
lk_anuradhapura_tissa_wewa_anuradhapura,"Tissa Wewa, Anuradhapura",Tissa_Wewa,2024,1,6,Wikimedia Pageviews API monthly per-article
lk_anuradhapura_tissa_wewa_anuradhapura,"Tissa Wewa, Anuradhapura",Tissa_Wewa,2024,2,5,Wikimedia Pageviews API monthly per-article
lk_anuradhapura_tissa_wewa_anuradhapura,"Tissa Wewa, Anuradhapura",Tissa_Wewa,2024,3,8,Wikimedia Pageviews API monthly per-article
lk_anuradhapura_tissa_wewa_anuradhapura,"Tissa Wewa, Anuradhapura",Tissa_Wewa,2024,4,12,Wikimedia Pageviews API monthly per-article
lk_anuradhapura_tissa_wewa_anuradhapura,"Tissa Wewa, Anuradhapura",Tissa_Wewa,2024,5,6,Wikimedia Pageviews API monthly per-article
lk_anuradhapura_tissa_wewa_anuradhapura,"Tissa Wewa, Anuradhapura",Tissa_Wewa,2024,6,7,Wikimedia Pageviews API monthly per-article
lk_anuradhapura_tissa_wewa_anuradhapura,"Tissa Wewa, Anuradhapura",Tissa_Wewa,2024,7,6,Wikimedia Pageviews API monthly per-article
lk_anuradhapura_tissa_wewa_anuradhapura,"Tissa Wewa, Anuradhapura",Tissa_Wewa,2024,8,9,Wikimedia Pageviews API monthly per-article
lk_anuradhapura_tissa_wewa_anuradhapura,"Tissa Wewa, Anuradhapura",Tissa_Wewa,2024,9,3,Wikimedia Pageviews API monthly per-article
lk_anuradhapura_tissa_wewa_anuradhapura,"Tissa Wewa, Anuradhapura",Tissa_Wewa,2024,10,12,Wikimedia Pageviews API monthly per-article
lk_anuradhapura_tissa_wewa_anuradhapura,"Tissa Wewa, Anuradhapura",Tissa_Wewa,2024,11,7,Wikimedia Pageviews API monthly per-article
lk_anuradhapura_tissa_wewa_anuradhapura,"Tissa Wewa, Anuradhapura",Tissa_Wewa,2024,12,12,Wikimedia Pageviews API monthly per-article
lk_anuradhapura_tissa_wewa_anuradhapura,"Tissa Wewa, Anuradhapura",Tissa_Wewa,2025,1,13,Wikimedia Pageviews API monthly per-article
lk_anuradhapura_tissa_wewa_anuradhapura,"Tissa Wewa, Anuradhapura",Tissa_Wewa,2025,2,16,Wikimedia Pageviews API monthly per-article
lk_anuradhapura_tissa_wewa_anuradhapura,"Tissa Wewa, Anuradhapura",Tissa_Wewa,2025,3,13,Wikimedia Pageviews API monthly per-article
lk_anuradhapura_tissa_wewa_anuradhapura,"Tissa Wewa, Anuradhapura",Tissa_Wewa,2025,4,13,Wikimedia Pageviews API monthly per-article
lk_anuradhapura_tissa_wewa_anuradhapura,"Tissa Wewa, Anuradhapura",Tissa_Wewa,2025,5,6,Wikimedia Pageviews API monthly per-article
lk_anuradhapura_tissa_wewa_anuradhapura,"Tissa Wewa, Anuradhapura",Tissa_Wewa,2025,6,11,Wikimedia Pageviews API monthly per-article
lk_anuradhapura_tissa_wewa_anuradhapura,"Tissa Wewa, Anuradhapura",Tissa_Wewa,2025,7,18,Wikimedia Pageviews API monthly per-article
lk_anuradhapura_tissa_wewa_anuradhapura,"Tissa Wewa, Anuradhapura",Tissa_Wewa,2025,8,6,Wikimedia Pageviews API monthly per-article
lk_anuradhapura_tissa_wewa_anuradhapura,"Tissa Wewa, Anuradhapura",Tissa_Wewa,2025,9,3,Wikimedia Pageviews API monthly per-article
lk_anuradhapura_tissa_wewa_anuradhapura,"Tissa Wewa, Anuradhapura",Tissa_Wewa,2025,10,15,Wikimedia Pageviews API monthly per-article
lk_anuradhapura_tissa_wewa_anuradhapura,"Tissa Wewa, Anuradhapura",Tissa_Wewa,2025,11,8,Wikimedia Pageviews API monthly per-article
lk_anuradhapura_tissa_wewa_anuradhapura,"Tissa Wewa, Anuradhapura",Tissa_Wewa,2025,12,9,Wikimedia Pageviews API monthly per-article
lk_anuradhapura_tissa_wewa_anuradhapura,"Tissa Wewa, Anuradhapura",Tissa_Wewa,2026,1,0,Wikimedia Pageviews API monthly per-article
lk_anuradhapura_vessagiriya_monastery,Vessagiriya Monastery,Vessagiriya,2024,1,238,Wikimedia Pageviews API monthly per-article
lk_anuradhapura_vessagiriya_monastery,Vessagiriya Monastery,Vessagiriya,2024,2,216,Wikimedia Pageviews API monthly per-article
lk_anuradhapura_vessagiriya_monastery,Vessagiriya Monastery,Vessagiriya,2024,3,199,Wikimedia Pageviews API monthly per-article
lk_anuradhapura_vessagiriya_monastery,Vessagiriya Monastery,Vessagiriya,2024,4,158,Wikimedia Pageviews API monthly per-article
lk_anuradhapura_vessagiriya_monastery,Vessagiriya Monastery,Vessagiriya,2024,5,129,Wikimedia Pageviews API monthly per-article
lk_anuradhapura_vessagiriya_monastery,Vessagiriya Monastery,Vessagiriya,2024,6,113,Wikimedia Pageviews API monthly per-article
lk_anuradhapura_vessagiriya_monastery,Vessagiriya Monastery,Vessagiriya,2024,7,196,Wikimedia Pageviews API monthly per-article
lk_anuradhapura_vessagiriya_monastery,Vessagiriya Monastery,Vessagiriya,2024,8,302,Wikimedia Pageviews API monthly per-article
lk_anuradhapura_vessagiriya_monastery,Vessagiriya Monastery,Vessagiriya,2024,9,196,Wikimedia Pageviews API monthly per-article
lk_anuradhapura_vessagiriya_monastery,Vessagiriya Monastery,Vessagiriya,2024,10,183,Wikimedia Pageviews API monthly per-article
lk_anuradhapura_vessagiriya_monastery,Vessagiriya Monastery,Vessagiriya,2024,11,144,Wikimedia Pageviews API monthly per-article
lk_anuradhapura_vessagiriya_monastery,Vessagiriya Monastery,Vessagiriya,2024,12,239,Wikimedia Pageviews API monthly per-article
lk_anuradhapura_vessagiriya_monastery,Vessagiriya Monastery,Vessagiriya,2025,1,247,Wikimedia Pageviews API monthly per-article
lk_anuradhapura_vessagiriya_monastery,Vessagiriya Monastery,Vessagiriya,2025,2,213,Wikimedia Pageviews API monthly per-article
lk_anuradhapura_vessagiriya_monastery,Vessagiriya Monastery,Vessagiriya,2025,3,245,Wikimedia Pageviews API monthly per-article
lk_anuradhapura_vessagiriya_monastery,Vessagiriya Monastery,Vessagiriya,2025,4,227,Wikimedia Pageviews API monthly per-article
lk_anuradhapura_vessagiriya_monastery,Vessagiriya Monastery,Vessagiriya,2025,5,173,Wikimedia Pageviews API monthly per-article
lk_anuradhapura_vessagiriya_monastery,Vessagiriya Monastery,Vessagiriya,2025,6,170,Wikimedia Pageviews API monthly per-article
lk_anuradhapura_vessagiriya_monastery,Vessagiriya Monastery,Vessagiriya,2025,7,226,Wikimedia Pageviews API monthly per-article
lk_anuradhapura_vessagiriya_monastery,Vessagiriya Monastery,Vessagiriya,2025,8,261,Wikimedia Pageviews API monthly per-article
lk_anuradhapura_vessagiriya_monastery,Vessagiriya Monastery,Vessagiriya,2025,9,173,Wikimedia Pageviews API monthly per-article
lk_anuradhapura_vessagiriya_monastery,Vessagiriya Monastery,Vessagiriya,2025,10,176,Wikimedia Pageviews API monthly per-article
lk_anuradhapura_vessagiriya_monastery,Vessagiriya Monastery,Vessagiriya,2025,11,209,Wikimedia Pageviews API monthly per-article
lk_anuradhapura_vessagiriya_monastery,Vessagiriya Monastery,Vessagiriya,2025,12,165,Wikimedia Pageviews API monthly per-article
lk_anuradhapura_vessagiriya_monastery,Vessagiriya Monastery,Vessagiriya,2026,1,6,Wikimedia Pageviews API monthly per-article
lk_badulla_nine_arch_bridge,Nine Arch Bridge,Nine_Arch_Bridge,2024,1,10515,Wikimedia Pageviews API monthly per-article
lk_badulla_nine_arch_bridge,Nine Arch Bridge,Nine_Arch_Bridge,2024,2,9269,Wikimedia Pageviews API monthly per-article
lk_badulla_nine_arch_bridge,Nine Arch Bridge,Nine_Arch_Bridge,2024,3,8659,Wikimedia Pageviews API monthly per-article
lk_badulla_nine_arch_bridge,Nine Arch Bridge,Nine_Arch_Bridge,2024,4,7955,Wikimedia Pageviews API monthly per-article
lk_badulla_nine_arch_bridge,Nine Arch Bridge,Nine_Arch_Bridge,2024,5,5673,Wikimedia Pageviews API monthly per-article
lk_badulla_nine_arch_bridge,Nine Arch Bridge,Nine_Arch_Bridge,2024,6,4452,Wikimedia Pageviews API monthly per-article
lk_badulla_nine_arch_bridge,Nine Arch Bridge,Nine_Arch_Bridge,2024,7,7075,Wikimedia Pageviews API monthly per-article
lk_badulla_nine_arch_bridge,Nine Arch Bridge,Nine_Arch_Bridge,2024,8,7130,Wikimedia Pageviews API monthly per-article
lk_badulla_nine_arch_bridge,Nine Arch Bridge,Nine_Arch_Bridge,2024,9,5492,Wikimedia Pageviews API monthly per-article
lk_badulla_nine_arch_bridge,Nine Arch Bridge,Nine_Arch_Bridge,2024,10,5203,Wikimedia Pageviews API monthly per-article
lk_badulla_nine_arch_bridge,Nine Arch Bridge,Nine_Arch_Bridge,2024,11,5531,Wikimedia Pageviews API monthly per-article
lk_badulla_nine_arch_bridge,Nine Arch Bridge,Nine_Arch_Bridge,2024,12,7179,Wikimedia Pageviews API monthly per-article
lk_badulla_nine_arch_bridge,Nine Arch Bridge,Nine_Arch_Bridge,2025,1,8011,Wikimedia Pageviews API monthly per-article
lk_badulla_nine_arch_bridge,Nine Arch Bridge,Nine_Arch_Bridge,2025,2,6713,Wikimedia Pageviews API monthly per-article
lk_badulla_nine_arch_bridge,Nine Arch Bridge,Nine_Arch_Bridge,2025,3,6491,Wikimedia Pageviews API monthly per-article
lk_badulla_nine_arch_bridge,Nine Arch Bridge,Nine_Arch_Bridge,2025,4,5647,Wikimedia Pageviews API monthly per-article
lk_badulla_nine_arch_bridge,Nine Arch Bridge,Nine_Arch_Bridge,2025,5,4218,Wikimedia Pageviews API monthly per-article
lk_badulla_nine_arch_bridge,Nine Arch Bridge,Nine_Arch_Bridge,2025,6,3412,Wikimedia Pageviews API monthly per-article
lk_badulla_nine_arch_bridge,Nine Arch Bridge,Nine_Arch_Bridge,2025,7,4598,Wikimedia Pageviews API monthly per-article
lk_badulla_nine_arch_bridge,Nine Arch Bridge,Nine_Arch_Bridge,2025,8,4927,Wikimedia Pageviews API monthly per-article
lk_badulla_nine_arch_bridge,Nine Arch Bridge,Nine_Arch_Bridge,2025,9,3302,Wikimedia Pageviews API monthly per-article
lk_badulla_nine_arch_bridge,Nine Arch Bridge,Nine_Arch_Bridge,2025,10,3340,Wikimedia Pageviews API monthly per-article
lk_badulla_nine_arch_bridge,Nine Arch Bridge,Nine_Arch_Bridge,2025,11,3188,Wikimedia Pageviews API monthly per-article
lk_badulla_nine_arch_bridge,Nine Arch Bridge,Nine_Arch_Bridge,2025,12,2636,Wikimedia Pageviews API monthly per-article
lk_badulla_nine_arch_bridge,Nine Arch Bridge,Nine_Arch_Bridge,2026,1,79,Wikimedia Pageviews API monthly per-article
lk_badulla_diyaluma_falls,Diyaluma Falls,Diyaluma_Falls,2024,1,1816,Wikimedia Pageviews API monthly per-article
lk_badulla_diyaluma_falls,Diyaluma Falls,Diyaluma_Falls,2024,2,1421,Wikimedia Pageviews API monthly per-article
lk_badulla_diyaluma_falls,Diyaluma Falls,Diyaluma_Falls,2024,3,1280,Wikimedia Pageviews API monthly per-article
lk_badulla_diyaluma_falls,Diyaluma Falls,Diyaluma_Falls,2024,4,1280,Wikimedia Pageviews API monthly per-article
lk_badulla_diyaluma_falls,Diyaluma Falls,Diyaluma_Falls,2024,5,763,Wikimedia Pageviews API monthly per-article
lk_badulla_diyaluma_falls,Diyaluma Falls,Diyaluma_Falls,2024,6,531,Wikimedia Pageviews API monthly per-article
lk_badulla_diyaluma_falls,Diyaluma Falls,Diyaluma_Falls,2024,7,781,Wikimedia Pageviews API monthly per-article
lk_badulla_diyaluma_falls,Diyaluma Falls,Diyaluma_Falls,2024,8,822,Wikimedia Pageviews API monthly per-article
lk_badulla_diyaluma_falls,Diyaluma Falls,Diyaluma_Falls,2024,9,652,Wikimedia Pageviews API monthly per-article
lk_badulla_diyaluma_falls,Diyaluma Falls,Diyaluma_Falls,2024,10,644,Wikimedia Pageviews API monthly per-article
lk_badulla_diyaluma_falls,Diyaluma Falls,Diyaluma_Falls,2024,11,641,Wikimedia Pageviews API monthly per-article
lk_badulla_diyaluma_falls,Diyaluma Falls,Diyaluma_Falls,2024,12,870,Wikimedia Pageviews API monthly per-article
lk_badulla_diyaluma_falls,Diyaluma Falls,Diyaluma_Falls,2025,1,878,Wikimedia Pageviews API monthly per-article
lk_badulla_diyaluma_falls,Diyaluma Falls,Diyaluma_Falls,2025,2,982,Wikimedia Pageviews API monthly per-article
lk_badulla_diyaluma_falls,Diyaluma Falls,Diyaluma_Falls,2025,3,923,Wikimedia Pageviews API monthly per-article
lk_badulla_diyaluma_falls,Diyaluma Falls,Diyaluma_Falls,2025,4,835,Wikimedia Pageviews API monthly per-article
lk_badulla_diyaluma_falls,Diyaluma Falls,Diyaluma_Falls,2025,5,542,Wikimedia Pageviews API monthly per-article
lk_badulla_diyaluma_falls,Diyaluma Falls,Diyaluma_Falls,2025,6,543,Wikimedia Pageviews API monthly per-article
lk_badulla_diyaluma_falls,Diyaluma Falls,Diyaluma_Falls,2025,7,672,Wikimedia Pageviews API monthly per-article
lk_badulla_diyaluma_falls,Diyaluma Falls,Diyaluma_Falls,2025,8,760,Wikimedia Pageviews API monthly per-article
lk_badulla_diyaluma_falls,Diyaluma Falls,Diyaluma_Falls,2025,9,566,Wikimedia Pageviews API monthly per-article
lk_badulla_diyaluma_falls,Diyaluma Falls,Diyaluma_Falls,2025,10,548,Wikimedia Pageviews API monthly per-article
lk_badulla_diyaluma_falls,Diyaluma Falls,Diyaluma_Falls,2025,11,547,Wikimedia Pageviews API monthly per-article
lk_badulla_diyaluma_falls,Diyaluma Falls,Diyaluma_Falls,2025,12,463,Wikimedia Pageviews API monthly per-article
lk_badulla_diyaluma_falls,Diyaluma Falls,Diyaluma_Falls,2026,1,10,Wikimedia Pageviews API monthly per-article
lk_badulla_dunhinda_falls,Dunhinda Falls,Dunhinda_Falls,2024,1,900,Wikimedia Pageviews API monthly per-article
lk_badulla_dunhinda_falls,Dunhinda Falls,Dunhinda_Falls,2024,2,739,Wikimedia Pageviews API monthly per-article
lk_badulla_dunhinda_falls,Dunhinda Falls,Dunhinda_Falls,2024,3,737,Wikimedia Pageviews API monthly per-article
lk_badulla_dunhinda_falls,Dunhinda Falls,Dunhinda_Falls,2024,4,739,Wikimedia Pageviews API monthly per-article
lk_badulla_dunhinda_falls,Dunhinda Falls,Dunhinda_Falls,2024,5,578,Wikimedia Pageviews API monthly per-article
lk_badulla_dunhinda_falls,Dunhinda Falls,Dunhinda_Falls,2024,6,443,Wikimedia Pageviews API monthly per-article
lk_badulla_dunhinda_falls,Dunhinda Falls,Dunhinda_Falls,2024,7,697,Wikimedia Pageviews API monthly per-article
lk_badulla_dunhinda_falls,Dunhinda Falls,Dunhinda_Falls,2024,8,777,Wikimedia Pageviews API monthly per-article
lk_badulla_dunhinda_falls,Dunhinda Falls,Dunhinda_Falls,2024,9,531,Wikimedia Pageviews API monthly per-article
lk_badulla_dunhinda_falls,Dunhinda Falls,Dunhinda_Falls,2024,10,489,Wikimedia Pageviews API monthly per-article
lk_badulla_dunhinda_falls,Dunhinda Falls,Dunhinda_Falls,2024,11,446,Wikimedia Pageviews API monthly per-article
lk_badulla_dunhinda_falls,Dunhinda Falls,Dunhinda_Falls,2024,12,498,Wikimedia Pageviews API monthly per-article
lk_badulla_dunhinda_falls,Dunhinda Falls,Dunhinda_Falls,2025,1,516,Wikimedia Pageviews API monthly per-article
lk_badulla_dunhinda_falls,Dunhinda Falls,Dunhinda_Falls,2025,2,421,Wikimedia Pageviews API monthly per-article
lk_badulla_dunhinda_falls,Dunhinda Falls,Dunhinda_Falls,2025,3,474,Wikimedia Pageviews API monthly per-article
lk_badulla_dunhinda_falls,Dunhinda Falls,Dunhinda_Falls,2025,4,407,Wikimedia Pageviews API monthly per-article
lk_badulla_dunhinda_falls,Dunhinda Falls,Dunhinda_Falls,2025,5,430,Wikimedia Pageviews API monthly per-article
lk_badulla_dunhinda_falls,Dunhinda Falls,Dunhinda_Falls,2025,6,501,Wikimedia Pageviews API monthly per-article
lk_badulla_dunhinda_falls,Dunhinda Falls,Dunhinda_Falls,2025,7,732,Wikimedia Pageviews API monthly per-article
lk_badulla_dunhinda_falls,Dunhinda Falls,Dunhinda_Falls,2025,8,509,Wikimedia Pageviews API monthly per-article
lk_badulla_dunhinda_falls,Dunhinda Falls,Dunhinda_Falls,2025,9,416,Wikimedia Pageviews API monthly per-article
lk_badulla_dunhinda_falls,Dunhinda Falls,Dunhinda_Falls,2025,10,458,Wikimedia Pageviews API monthly per-article
lk_badulla_dunhinda_falls,Dunhinda Falls,Dunhinda_Falls,2025,11,393,Wikimedia Pageviews API monthly per-article
lk_badulla_dunhinda_falls,Dunhinda Falls,Dunhinda_Falls,2025,12,209,Wikimedia Pageviews API monthly per-article
lk_badulla_dunhinda_falls,Dunhinda Falls,Dunhinda_Falls,2026,1,3,Wikimedia Pageviews API monthly per-article
lk_badulla_lipton_s_seat,Lipton's Seat,Lipton's_Seat,2024,3,9,Wikimedia Pageviews API monthly per-article
lk_badulla_lipton_s_seat,Lipton's Seat,Lipton's_Seat,2024,4,7,Wikimedia Pageviews API monthly per-article
lk_badulla_lipton_s_seat,Lipton's Seat,Lipton's_Seat,2024,5,10,Wikimedia Pageviews API monthly per-article
lk_badulla_lipton_s_seat,Lipton's Seat,Lipton's_Seat,2024,6,12,Wikimedia Pageviews API monthly per-article
lk_badulla_lipton_s_seat,Lipton's Seat,Lipton's_Seat,2024,7,7,Wikimedia Pageviews API monthly per-article
lk_badulla_lipton_s_seat,Lipton's Seat,Lipton's_Seat,2024,8,9,Wikimedia Pageviews API monthly per-article
lk_badulla_lipton_s_seat,Lipton's Seat,Lipton's_Seat,2024,9,9,Wikimedia Pageviews API monthly per-article
lk_badulla_lipton_s_seat,Lipton's Seat,Lipton's_Seat,2024,10,9,Wikimedia Pageviews API monthly per-article
lk_badulla_lipton_s_seat,Lipton's Seat,Lipton's_Seat,2024,11,8,Wikimedia Pageviews API monthly per-article
lk_badulla_lipton_s_seat,Lipton's Seat,Lipton's_Seat,2024,12,4,Wikimedia Pageviews API monthly per-article
lk_badulla_lipton_s_seat,Lipton's Seat,Lipton's_Seat,2025,1,12,Wikimedia Pageviews API monthly per-article
lk_badulla_lipton_s_seat,Lipton's Seat,Lipton's_Seat,2025,2,10,Wikimedia Pageviews API monthly per-article
lk_badulla_lipton_s_seat,Lipton's Seat,Lipton's_Seat,2025,3,7,Wikimedia Pageviews API monthly per-article
lk_badulla_lipton_s_seat,Lipton's Seat,Lipton's_Seat,2025,4,4,Wikimedia Pageviews API monthly per-article
lk_badulla_lipton_s_seat,Lipton's Seat,Lipton's_Seat,2025,5,7,Wikimedia Pageviews API monthly per-article
lk_badulla_lipton_s_seat,Lipton's Seat,Lipton's_Seat,2025,6,7,Wikimedia Pageviews API monthly per-article
lk_badulla_lipton_s_seat,Lipton's Seat,Lipton's_Seat,2025,7,8,Wikimedia Pageviews API monthly per-article
lk_badulla_lipton_s_seat,Lipton's Seat,Lipton's_Seat,2025,8,9,Wikimedia Pageviews API monthly per-article
lk_badulla_lipton_s_seat,Lipton's Seat,Lipton's_Seat,2025,9,13,Wikimedia Pageviews API monthly per-article
lk_badulla_lipton_s_seat,Lipton's Seat,Lipton's_Seat,2025,10,15,Wikimedia Pageviews API monthly per-article
lk_badulla_lipton_s_seat,Lipton's Seat,Lipton's_Seat,2025,11,11,Wikimedia Pageviews API monthly per-article
lk_badulla_lipton_s_seat,Lipton's Seat,Lipton's_Seat,2025,12,8,Wikimedia Pageviews API monthly per-article
lk_badulla_madulsima_mini_world_s_end,Madulsima Mini World's End,Madulsima,2025,8,0,Wikimedia Pageviews API monthly per-article
lk_badulla_ravana_falls,Ravana Falls,Ravana_Falls,2024,1,4083,Wikimedia Pageviews API monthly per-article
lk_badulla_ravana_falls,Ravana Falls,Ravana_Falls,2024,2,3472,Wikimedia Pageviews API monthly per-article
lk_badulla_ravana_falls,Ravana Falls,Ravana_Falls,2024,3,3046,Wikimedia Pageviews API monthly per-article
lk_badulla_ravana_falls,Ravana Falls,Ravana_Falls,2024,4,2687,Wikimedia Pageviews API monthly per-article
lk_badulla_ravana_falls,Ravana Falls,Ravana_Falls,2024,5,2216,Wikimedia Pageviews API monthly per-article
lk_badulla_ravana_falls,Ravana Falls,Ravana_Falls,2024,6,1746,Wikimedia Pageviews API monthly per-article
lk_badulla_ravana_falls,Ravana Falls,Ravana_Falls,2024,7,2131,Wikimedia Pageviews API monthly per-article
lk_badulla_ravana_falls,Ravana Falls,Ravana_Falls,2024,8,2173,Wikimedia Pageviews API monthly per-article
lk_badulla_ravana_falls,Ravana Falls,Ravana_Falls,2024,9,1626,Wikimedia Pageviews API monthly per-article
lk_badulla_ravana_falls,Ravana Falls,Ravana_Falls,2024,10,1947,Wikimedia Pageviews API monthly per-article
lk_badulla_ravana_falls,Ravana Falls,Ravana_Falls,2024,11,2192,Wikimedia Pageviews API monthly per-article
lk_badulla_ravana_falls,Ravana Falls,Ravana_Falls,2024,12,2534,Wikimedia Pageviews API monthly per-article
lk_badulla_ravana_falls,Ravana Falls,Ravana_Falls,2025,1,2574,Wikimedia Pageviews API monthly per-article
lk_badulla_ravana_falls,Ravana Falls,Ravana_Falls,2025,2,2107,Wikimedia Pageviews API monthly per-article
lk_badulla_ravana_falls,Ravana Falls,Ravana_Falls,2025,3,2316,Wikimedia Pageviews API monthly per-article
lk_badulla_ravana_falls,Ravana Falls,Ravana_Falls,2025,4,1821,Wikimedia Pageviews API monthly per-article
lk_badulla_ravana_falls,Ravana Falls,Ravana_Falls,2025,5,1437,Wikimedia Pageviews API monthly per-article
lk_badulla_ravana_falls,Ravana Falls,Ravana_Falls,2025,6,1247,Wikimedia Pageviews API monthly per-article
lk_badulla_ravana_falls,Ravana Falls,Ravana_Falls,2025,7,1697,Wikimedia Pageviews API monthly per-article
lk_badulla_ravana_falls,Ravana Falls,Ravana_Falls,2025,8,1919,Wikimedia Pageviews API monthly per-article
lk_badulla_ravana_falls,Ravana Falls,Ravana_Falls,2025,9,1524,Wikimedia Pageviews API monthly per-article
lk_badulla_ravana_falls,Ravana Falls,Ravana_Falls,2025,10,435,Wikimedia Pageviews API monthly per-article
lk_badulla_ravana_falls,Ravana Falls,Ravana_Falls,2025,11,165,Wikimedia Pageviews API monthly per-article
lk_badulla_ravana_falls,Ravana Falls,Ravana_Falls,2025,12,146,Wikimedia Pageviews API monthly per-article
lk_badulla_ravana_falls,Ravana Falls,Ravana_Falls,2026,1,2,Wikimedia Pageviews API monthly per-article
lk_badulla_upper_diyaluma_pools,Upper Diyaluma Pools,Diyaluma_Falls,2024,1,1816,Wikimedia Pageviews API monthly per-article
lk_badulla_upper_diyaluma_pools,Upper Diyaluma Pools,Diyaluma_Falls,2024,2,1421,Wikimedia Pageviews API monthly per-article
lk_badulla_upper_diyaluma_pools,Upper Diyaluma Pools,Diyaluma_Falls,2024,3,1280,Wikimedia Pageviews API monthly per-article
lk_badulla_upper_diyaluma_pools,Upper Diyaluma Pools,Diyaluma_Falls,2024,4,1280,Wikimedia Pageviews API monthly per-article
lk_badulla_upper_diyaluma_pools,Upper Diyaluma Pools,Diyaluma_Falls,2024,5,763,Wikimedia Pageviews API monthly per-article
lk_badulla_upper_diyaluma_pools,Upper Diyaluma Pools,Diyaluma_Falls,2024,6,531,Wikimedia Pageviews API monthly per-article
lk_badulla_upper_diyaluma_pools,Upper Diyaluma Pools,Diyaluma_Falls,2024,7,781,Wikimedia Pageviews API monthly per-article
lk_badulla_upper_diyaluma_pools,Upper Diyaluma Pools,Diyaluma_Falls,2024,8,822,Wikimedia Pageviews API monthly per-article
lk_badulla_upper_diyaluma_pools,Upper Diyaluma Pools,Diyaluma_Falls,2024,9,652,Wikimedia Pageviews API monthly per-article
lk_badulla_upper_diyaluma_pools,Upper Diyaluma Pools,Diyaluma_Falls,2024,10,644,Wikimedia Pageviews API monthly per-article
lk_badulla_upper_diyaluma_pools,Upper Diyaluma Pools,Diyaluma_Falls,2024,11,641,Wikimedia Pageviews API monthly per-article
lk_badulla_upper_diyaluma_pools,Upper Diyaluma Pools,Diyaluma_Falls,2024,12,870,Wikimedia Pageviews API monthly per-article
lk_badulla_upper_diyaluma_pools,Upper Diyaluma Pools,Diyaluma_Falls,2025,1,878,Wikimedia Pageviews API monthly per-article
lk_badulla_upper_diyaluma_pools,Upper Diyaluma Pools,Diyaluma_Falls,2025,2,982,Wikimedia Pageviews API monthly per-article
lk_badulla_upper_diyaluma_pools,Upper Diyaluma Pools,Diyaluma_Falls,2025,3,923,Wikimedia Pageviews API monthly per-article
lk_badulla_upper_diyaluma_pools,Upper Diyaluma Pools,Diyaluma_Falls,2025,4,835,Wikimedia Pageviews API monthly per-article
lk_badulla_upper_diyaluma_pools,Upper Diyaluma Pools,Diyaluma_Falls,2025,5,542,Wikimedia Pageviews API monthly per-article
lk_badulla_upper_diyaluma_pools,Upper Diyaluma Pools,Diyaluma_Falls,2025,6,543,Wikimedia Pageviews API monthly per-article
lk_badulla_upper_diyaluma_pools,Upper Diyaluma Pools,Diyaluma_Falls,2025,7,672,Wikimedia Pageviews API monthly per-article
lk_badulla_upper_diyaluma_pools,Upper Diyaluma Pools,Diyaluma_Falls,2025,8,760,Wikimedia Pageviews API monthly per-article
lk_badulla_upper_diyaluma_pools,Upper Diyaluma Pools,Diyaluma_Falls,2025,9,566,Wikimedia Pageviews API monthly per-article
lk_badulla_upper_diyaluma_pools,Upper Diyaluma Pools,Diyaluma_Falls,2025,10,548,Wikimedia Pageviews API monthly per-article
lk_badulla_upper_diyaluma_pools,Upper Diyaluma Pools,Diyaluma_Falls,2025,11,547,Wikimedia Pageviews API monthly per-article
lk_badulla_upper_diyaluma_pools,Upper Diyaluma Pools,Diyaluma_Falls,2025,12,463,Wikimedia Pageviews API monthly per-article
lk_badulla_upper_diyaluma_pools,Upper Diyaluma Pools,Diyaluma_Falls,2026,1,10,Wikimedia Pageviews API monthly per-article
lk_badulla_ella_gap,Ella Gap,Ella,2024,1,590,Wikimedia Pageviews API monthly per-article
lk_badulla_ella_gap,Ella Gap,Ella,2024,2,555,Wikimedia Pageviews API monthly per-article
lk_badulla_ella_gap,Ella Gap,Ella,2024,3,600,Wikimedia Pageviews API monthly per-article
lk_badulla_ella_gap,Ella Gap,Ella,2024,4,792,Wikimedia Pageviews API monthly per-article
lk_badulla_ella_gap,Ella Gap,Ella,2024,5,1341,Wikimedia Pageviews API monthly per-article
lk_badulla_ella_gap,Ella Gap,Ella,2024,6,638,Wikimedia Pageviews API monthly per-article
lk_badulla_ella_gap,Ella Gap,Ella,2024,7,788,Wikimedia Pageviews API monthly per-article
lk_badulla_ella_gap,Ella Gap,Ella,2024,8,739,Wikimedia Pageviews API monthly per-article
lk_badulla_ella_gap,Ella Gap,Ella,2024,9,655,Wikimedia Pageviews API monthly per-article
lk_badulla_ella_gap,Ella Gap,Ella,2024,10,490,Wikimedia Pageviews API monthly per-article
lk_badulla_ella_gap,Ella Gap,Ella,2024,11,465,Wikimedia Pageviews API monthly per-article
lk_badulla_ella_gap,Ella Gap,Ella,2024,12,493,Wikimedia Pageviews API monthly per-article
lk_badulla_ella_gap,Ella Gap,Ella,2025,1,620,Wikimedia Pageviews API monthly per-article
lk_badulla_ella_gap,Ella Gap,Ella,2025,2,541,Wikimedia Pageviews API monthly per-article
lk_badulla_ella_gap,Ella Gap,Ella,2025,3,482,Wikimedia Pageviews API monthly per-article
lk_badulla_ella_gap,Ella Gap,Ella,2025,4,1266,Wikimedia Pageviews API monthly per-article
lk_badulla_ella_gap,Ella Gap,Ella,2025,5,498,Wikimedia Pageviews API monthly per-article
lk_badulla_ella_gap,Ella Gap,Ella,2025,6,449,Wikimedia Pageviews API monthly per-article
lk_badulla_ella_gap,Ella Gap,Ella,2025,7,427,Wikimedia Pageviews API monthly per-article
lk_badulla_ella_gap,Ella Gap,Ella,2025,8,418,Wikimedia Pageviews API monthly per-article
lk_badulla_ella_gap,Ella Gap,Ella,2025,9,395,Wikimedia Pageviews API monthly per-article
lk_badulla_ella_gap,Ella Gap,Ella,2025,10,385,Wikimedia Pageviews API monthly per-article
lk_badulla_ella_gap,Ella Gap,Ella,2025,11,447,Wikimedia Pageviews API monthly per-article
lk_badulla_ella_gap,Ella Gap,Ella,2025,12,503,Wikimedia Pageviews API monthly per-article
lk_badulla_ella_gap,Ella Gap,Ella,2026,1,12,Wikimedia Pageviews API monthly per-article
lk_badulla_adisham_bungalow,Adisham Bungalow,Adisham_Hall,2024,1,1884,Wikimedia Pageviews API monthly per-article
lk_badulla_adisham_bungalow,Adisham Bungalow,Adisham_Hall,2024,2,1561,Wikimedia Pageviews API monthly per-article
lk_badulla_adisham_bungalow,Adisham Bungalow,Adisham_Hall,2024,3,1307,Wikimedia Pageviews API monthly per-article
lk_badulla_adisham_bungalow,Adisham Bungalow,Adisham_Hall,2024,4,1770,Wikimedia Pageviews API monthly per-article
lk_badulla_adisham_bungalow,Adisham Bungalow,Adisham_Hall,2024,5,1052,Wikimedia Pageviews API monthly per-article
lk_badulla_adisham_bungalow,Adisham Bungalow,Adisham_Hall,2024,6,780,Wikimedia Pageviews API monthly per-article
lk_badulla_adisham_bungalow,Adisham Bungalow,Adisham_Hall,2024,7,912,Wikimedia Pageviews API monthly per-article
lk_badulla_adisham_bungalow,Adisham Bungalow,Adisham_Hall,2024,8,1298,Wikimedia Pageviews API monthly per-article
lk_badulla_adisham_bungalow,Adisham Bungalow,Adisham_Hall,2024,9,1168,Wikimedia Pageviews API monthly per-article
lk_badulla_adisham_bungalow,Adisham Bungalow,Adisham_Hall,2024,10,851,Wikimedia Pageviews API monthly per-article
lk_badulla_adisham_bungalow,Adisham Bungalow,Adisham_Hall,2024,11,919,Wikimedia Pageviews API monthly per-article
lk_badulla_adisham_bungalow,Adisham Bungalow,Adisham_Hall,2024,12,1490,Wikimedia Pageviews API monthly per-article
lk_badulla_adisham_bungalow,Adisham Bungalow,Adisham_Hall,2025,1,1143,Wikimedia Pageviews API monthly per-article
lk_badulla_adisham_bungalow,Adisham Bungalow,Adisham_Hall,2025,2,939,Wikimedia Pageviews API monthly per-article
lk_badulla_adisham_bungalow,Adisham Bungalow,Adisham_Hall,2025,3,919,Wikimedia Pageviews API monthly per-article
lk_badulla_adisham_bungalow,Adisham Bungalow,Adisham_Hall,2025,4,1114,Wikimedia Pageviews API monthly per-article
lk_badulla_adisham_bungalow,Adisham Bungalow,Adisham_Hall,2025,5,889,Wikimedia Pageviews API monthly per-article
lk_badulla_adisham_bungalow,Adisham Bungalow,Adisham_Hall,2025,6,735,Wikimedia Pageviews API monthly per-article
lk_badulla_adisham_bungalow,Adisham Bungalow,Adisham_Hall,2025,7,989,Wikimedia Pageviews API monthly per-article
lk_badulla_adisham_bungalow,Adisham Bungalow,Adisham_Hall,2025,8,1273,Wikimedia Pageviews API monthly per-article
lk_badulla_adisham_bungalow,Adisham Bungalow,Adisham_Hall,2025,9,982,Wikimedia Pageviews API monthly per-article
lk_badulla_adisham_bungalow,Adisham Bungalow,Adisham_Hall,2025,10,867,Wikimedia Pageviews API monthly per-article
lk_badulla_adisham_bungalow,Adisham Bungalow,Adisham_Hall,2025,11,779,Wikimedia Pageviews API monthly per-article
lk_badulla_adisham_bungalow,Adisham Bungalow,Adisham_Hall,2025,12,446,Wikimedia Pageviews API monthly per-article
lk_badulla_adisham_bungalow,Adisham Bungalow,Adisham_Hall,2026,1,19,Wikimedia Pageviews API monthly per-article
lk_badulla_bogoda_wooden_bridge,Bogoda Wooden Bridge,Bogoda_Wooden_Bridge,2024,1,396,Wikimedia Pageviews API monthly per-article
lk_badulla_bogoda_wooden_bridge,Bogoda Wooden Bridge,Bogoda_Wooden_Bridge,2024,2,363,Wikimedia Pageviews API monthly per-article
lk_badulla_bogoda_wooden_bridge,Bogoda Wooden Bridge,Bogoda_Wooden_Bridge,2024,3,263,Wikimedia Pageviews API monthly per-article
lk_badulla_bogoda_wooden_bridge,Bogoda Wooden Bridge,Bogoda_Wooden_Bridge,2024,4,333,Wikimedia Pageviews API monthly per-article
lk_badulla_bogoda_wooden_bridge,Bogoda Wooden Bridge,Bogoda_Wooden_Bridge,2024,5,245,Wikimedia Pageviews API monthly per-article
lk_badulla_bogoda_wooden_bridge,Bogoda Wooden Bridge,Bogoda_Wooden_Bridge,2024,6,174,Wikimedia Pageviews API monthly per-article
lk_badulla_bogoda_wooden_bridge,Bogoda Wooden Bridge,Bogoda_Wooden_Bridge,2024,7,224,Wikimedia Pageviews API monthly per-article
lk_badulla_bogoda_wooden_bridge,Bogoda Wooden Bridge,Bogoda_Wooden_Bridge,2024,8,219,Wikimedia Pageviews API monthly per-article
lk_badulla_bogoda_wooden_bridge,Bogoda Wooden Bridge,Bogoda_Wooden_Bridge,2024,9,213,Wikimedia Pageviews API monthly per-article
lk_badulla_bogoda_wooden_bridge,Bogoda Wooden Bridge,Bogoda_Wooden_Bridge,2024,10,278,Wikimedia Pageviews API monthly per-article
lk_badulla_bogoda_wooden_bridge,Bogoda Wooden Bridge,Bogoda_Wooden_Bridge,2024,11,221,Wikimedia Pageviews API monthly per-article
lk_badulla_bogoda_wooden_bridge,Bogoda Wooden Bridge,Bogoda_Wooden_Bridge,2024,12,248,Wikimedia Pageviews API monthly per-article
lk_badulla_bogoda_wooden_bridge,Bogoda Wooden Bridge,Bogoda_Wooden_Bridge,2025,1,348,Wikimedia Pageviews API monthly per-article
lk_badulla_bogoda_wooden_bridge,Bogoda Wooden Bridge,Bogoda_Wooden_Bridge,2025,2,315,Wikimedia Pageviews API monthly per-article
lk_badulla_bogoda_wooden_bridge,Bogoda Wooden Bridge,Bogoda_Wooden_Bridge,2025,3,185,Wikimedia Pageviews API monthly per-article
lk_badulla_bogoda_wooden_bridge,Bogoda Wooden Bridge,Bogoda_Wooden_Bridge,2025,4,180,Wikimedia Pageviews API monthly per-article
lk_badulla_bogoda_wooden_bridge,Bogoda Wooden Bridge,Bogoda_Wooden_Bridge,2025,5,174,Wikimedia Pageviews API monthly per-article
lk_badulla_bogoda_wooden_bridge,Bogoda Wooden Bridge,Bogoda_Wooden_Bridge,2025,6,157,Wikimedia Pageviews API monthly per-article
lk_badulla_bogoda_wooden_bridge,Bogoda Wooden Bridge,Bogoda_Wooden_Bridge,2025,7,187,Wikimedia Pageviews API monthly per-article
lk_badulla_bogoda_wooden_bridge,Bogoda Wooden Bridge,Bogoda_Wooden_Bridge,2025,8,230,Wikimedia Pageviews API monthly per-article
lk_badulla_bogoda_wooden_bridge,Bogoda Wooden Bridge,Bogoda_Wooden_Bridge,2025,9,185,Wikimedia Pageviews API monthly per-article
lk_badulla_bogoda_wooden_bridge,Bogoda Wooden Bridge,Bogoda_Wooden_Bridge,2025,10,156,Wikimedia Pageviews API monthly per-article
lk_badulla_bogoda_wooden_bridge,Bogoda Wooden Bridge,Bogoda_Wooden_Bridge,2025,11,186,Wikimedia Pageviews API monthly per-article
lk_badulla_bogoda_wooden_bridge,Bogoda Wooden Bridge,Bogoda_Wooden_Bridge,2025,12,139,Wikimedia Pageviews API monthly per-article
lk_badulla_bogoda_wooden_bridge,Bogoda Wooden Bridge,Bogoda_Wooden_Bridge,2026,1,2,Wikimedia Pageviews API monthly per-article
lk_badulla_muthiyangana_raja_maha_vihara,Muthiyangana Raja Maha Vihara,Muthiyangana_Raja_Maha_Vihara,2024,1,429,Wikimedia Pageviews API monthly per-article
lk_badulla_muthiyangana_raja_maha_vihara,Muthiyangana Raja Maha Vihara,Muthiyangana_Raja_Maha_Vihara,2024,2,427,Wikimedia Pageviews API monthly per-article
lk_badulla_muthiyangana_raja_maha_vihara,Muthiyangana Raja Maha Vihara,Muthiyangana_Raja_Maha_Vihara,2024,3,410,Wikimedia Pageviews API monthly per-article
lk_badulla_muthiyangana_raja_maha_vihara,Muthiyangana Raja Maha Vihara,Muthiyangana_Raja_Maha_Vihara,2024,4,399,Wikimedia Pageviews API monthly per-article
lk_badulla_muthiyangana_raja_maha_vihara,Muthiyangana Raja Maha Vihara,Muthiyangana_Raja_Maha_Vihara,2024,5,465,Wikimedia Pageviews API monthly per-article
lk_badulla_muthiyangana_raja_maha_vihara,Muthiyangana Raja Maha Vihara,Muthiyangana_Raja_Maha_Vihara,2024,6,483,Wikimedia Pageviews API monthly per-article
lk_badulla_muthiyangana_raja_maha_vihara,Muthiyangana Raja Maha Vihara,Muthiyangana_Raja_Maha_Vihara,2024,7,367,Wikimedia Pageviews API monthly per-article
lk_badulla_muthiyangana_raja_maha_vihara,Muthiyangana Raja Maha Vihara,Muthiyangana_Raja_Maha_Vihara,2024,8,427,Wikimedia Pageviews API monthly per-article
lk_badulla_muthiyangana_raja_maha_vihara,Muthiyangana Raja Maha Vihara,Muthiyangana_Raja_Maha_Vihara,2024,9,362,Wikimedia Pageviews API monthly per-article
lk_badulla_muthiyangana_raja_maha_vihara,Muthiyangana Raja Maha Vihara,Muthiyangana_Raja_Maha_Vihara,2024,10,375,Wikimedia Pageviews API monthly per-article
lk_badulla_muthiyangana_raja_maha_vihara,Muthiyangana Raja Maha Vihara,Muthiyangana_Raja_Maha_Vihara,2024,11,395,Wikimedia Pageviews API monthly per-article
lk_badulla_muthiyangana_raja_maha_vihara,Muthiyangana Raja Maha Vihara,Muthiyangana_Raja_Maha_Vihara,2024,12,390,Wikimedia Pageviews API monthly per-article
lk_badulla_muthiyangana_raja_maha_vihara,Muthiyangana Raja Maha Vihara,Muthiyangana_Raja_Maha_Vihara,2025,1,343,Wikimedia Pageviews API monthly per-article
lk_badulla_muthiyangana_raja_maha_vihara,Muthiyangana Raja Maha Vihara,Muthiyangana_Raja_Maha_Vihara,2025,2,351,Wikimedia Pageviews API monthly per-article
lk_badulla_muthiyangana_raja_maha_vihara,Muthiyangana Raja Maha Vihara,Muthiyangana_Raja_Maha_Vihara,2025,3,417,Wikimedia Pageviews API monthly per-article
lk_badulla_muthiyangana_raja_maha_vihara,Muthiyangana Raja Maha Vihara,Muthiyangana_Raja_Maha_Vihara,2025,4,355,Wikimedia Pageviews API monthly per-article
lk_badulla_muthiyangana_raja_maha_vihara,Muthiyangana Raja Maha Vihara,Muthiyangana_Raja_Maha_Vihara,2025,5,448,Wikimedia Pageviews API monthly per-article
lk_badulla_muthiyangana_raja_maha_vihara,Muthiyangana Raja Maha Vihara,Muthiyangana_Raja_Maha_Vihara,2025,6,376,Wikimedia Pageviews API monthly per-article
lk_badulla_muthiyangana_raja_maha_vihara,Muthiyangana Raja Maha Vihara,Muthiyangana_Raja_Maha_Vihara,2025,7,347,Wikimedia Pageviews API monthly per-article
lk_badulla_muthiyangana_raja_maha_vihara,Muthiyangana Raja Maha Vihara,Muthiyangana_Raja_Maha_Vihara,2025,8,386,Wikimedia Pageviews API monthly per-article
lk_badulla_muthiyangana_raja_maha_vihara,Muthiyangana Raja Maha Vihara,Muthiyangana_Raja_Maha_Vihara,2025,9,277,Wikimedia Pageviews API monthly per-article
lk_badulla_muthiyangana_raja_maha_vihara,Muthiyangana Raja Maha Vihara,Muthiyangana_Raja_Maha_Vihara,2025,10,364,Wikimedia Pageviews API monthly per-article
lk_badulla_muthiyangana_raja_maha_vihara,Muthiyangana Raja Maha Vihara,Muthiyangana_Raja_Maha_Vihara,2025,11,391,Wikimedia Pageviews API monthly per-article
lk_badulla_muthiyangana_raja_maha_vihara,Muthiyangana Raja Maha Vihara,Muthiyangana_Raja_Maha_Vihara,2025,12,191,Wikimedia Pageviews API monthly per-article
lk_badulla_muthiyangana_raja_maha_vihara,Muthiyangana Raja Maha Vihara,Muthiyangana_Raja_Maha_Vihara,2026,1,6,Wikimedia Pageviews API monthly per-article
lk_badulla_namunukula_mountain_range,Namunukula Mountain Range,Namunukula,2024,1,279,Wikimedia Pageviews API monthly per-article
lk_badulla_namunukula_mountain_range,Namunukula Mountain Range,Namunukula,2024,2,238,Wikimedia Pageviews API monthly per-article
lk_badulla_namunukula_mountain_range,Namunukula Mountain Range,Namunukula,2024,3,248,Wikimedia Pageviews API monthly per-article
lk_badulla_namunukula_mountain_range,Namunukula Mountain Range,Namunukula,2024,4,271,Wikimedia Pageviews API monthly per-article
lk_badulla_namunukula_mountain_range,Namunukula Mountain Range,Namunukula,2024,5,231,Wikimedia Pageviews API monthly per-article
lk_badulla_namunukula_mountain_range,Namunukula Mountain Range,Namunukula,2024,6,238,Wikimedia Pageviews API monthly per-article
lk_badulla_namunukula_mountain_range,Namunukula Mountain Range,Namunukula,2024,7,214,Wikimedia Pageviews API monthly per-article
lk_badulla_namunukula_mountain_range,Namunukula Mountain Range,Namunukula,2024,8,226,Wikimedia Pageviews API monthly per-article
lk_badulla_namunukula_mountain_range,Namunukula Mountain Range,Namunukula,2024,9,221,Wikimedia Pageviews API monthly per-article
lk_badulla_namunukula_mountain_range,Namunukula Mountain Range,Namunukula,2024,10,232,Wikimedia Pageviews API monthly per-article
lk_badulla_namunukula_mountain_range,Namunukula Mountain Range,Namunukula,2024,11,245,Wikimedia Pageviews API monthly per-article
lk_badulla_namunukula_mountain_range,Namunukula Mountain Range,Namunukula,2024,12,234,Wikimedia Pageviews API monthly per-article
lk_badulla_namunukula_mountain_range,Namunukula Mountain Range,Namunukula,2025,1,277,Wikimedia Pageviews API monthly per-article
lk_badulla_namunukula_mountain_range,Namunukula Mountain Range,Namunukula,2025,2,176,Wikimedia Pageviews API monthly per-article
lk_badulla_namunukula_mountain_range,Namunukula Mountain Range,Namunukula,2025,3,191,Wikimedia Pageviews API monthly per-article
lk_badulla_namunukula_mountain_range,Namunukula Mountain Range,Namunukula,2025,4,260,Wikimedia Pageviews API monthly per-article
lk_badulla_namunukula_mountain_range,Namunukula Mountain Range,Namunukula,2025,5,187,Wikimedia Pageviews API monthly per-article
lk_badulla_namunukula_mountain_range,Namunukula Mountain Range,Namunukula,2025,6,204,Wikimedia Pageviews API monthly per-article
lk_badulla_namunukula_mountain_range,Namunukula Mountain Range,Namunukula,2025,7,224,Wikimedia Pageviews API monthly per-article
lk_badulla_namunukula_mountain_range,Namunukula Mountain Range,Namunukula,2025,8,207,Wikimedia Pageviews API monthly per-article
lk_badulla_namunukula_mountain_range,Namunukula Mountain Range,Namunukula,2025,9,222,Wikimedia Pageviews API monthly per-article
lk_badulla_namunukula_mountain_range,Namunukula Mountain Range,Namunukula,2025,10,220,Wikimedia Pageviews API monthly per-article
lk_badulla_namunukula_mountain_range,Namunukula Mountain Range,Namunukula,2025,11,207,Wikimedia Pageviews API monthly per-article
lk_badulla_namunukula_mountain_range,Namunukula Mountain Range,Namunukula,2025,12,194,Wikimedia Pageviews API monthly per-article
lk_badulla_namunukula_mountain_range,Namunukula Mountain Range,Namunukula,2026,1,3,Wikimedia Pageviews API monthly per-article
lk_badulla_ravana_cave,Ravana Cave,Ravana_Cave,2024,1,3,Wikimedia Pageviews API monthly per-article
lk_badulla_ravana_cave,Ravana Cave,Ravana_Cave,2024,2,0,Wikimedia Pageviews API monthly per-article
lk_badulla_ravana_cave,Ravana Cave,Ravana_Cave,2024,3,1,Wikimedia Pageviews API monthly per-article
lk_badulla_ravana_cave,Ravana Cave,Ravana_Cave,2024,4,1,Wikimedia Pageviews API monthly per-article
lk_badulla_ravana_cave,Ravana Cave,Ravana_Cave,2024,5,1,Wikimedia Pageviews API monthly per-article
lk_badulla_ravana_cave,Ravana Cave,Ravana_Cave,2024,6,0,Wikimedia Pageviews API monthly per-article
lk_badulla_ravana_cave,Ravana Cave,Ravana_Cave,2024,7,3,Wikimedia Pageviews API monthly per-article
lk_badulla_ravana_cave,Ravana Cave,Ravana_Cave,2024,8,4,Wikimedia Pageviews API monthly per-article
lk_badulla_ravana_cave,Ravana Cave,Ravana_Cave,2024,9,0,Wikimedia Pageviews API monthly per-article
lk_badulla_ravana_cave,Ravana Cave,Ravana_Cave,2024,10,4,Wikimedia Pageviews API monthly per-article
lk_badulla_ravana_cave,Ravana Cave,Ravana_Cave,2024,11,2,Wikimedia Pageviews API monthly per-article
lk_badulla_ravana_cave,Ravana Cave,Ravana_Cave,2024,12,3,Wikimedia Pageviews API monthly per-article
lk_badulla_ravana_cave,Ravana Cave,Ravana_Cave,2025,1,8,Wikimedia Pageviews API monthly per-article
lk_badulla_ravana_cave,Ravana Cave,Ravana_Cave,2025,2,3,Wikimedia Pageviews API monthly per-article
lk_badulla_ravana_cave,Ravana Cave,Ravana_Cave,2025,3,29,Wikimedia Pageviews API monthly per-article
lk_badulla_ravana_cave,Ravana Cave,Ravana_Cave,2025,4,8,Wikimedia Pageviews API monthly per-article
lk_badulla_ravana_cave,Ravana Cave,Ravana_Cave,2025,5,1,Wikimedia Pageviews API monthly per-article
lk_badulla_ravana_cave,Ravana Cave,Ravana_Cave,2025,6,1,Wikimedia Pageviews API monthly per-article
lk_badulla_ravana_cave,Ravana Cave,Ravana_Cave,2025,7,2,Wikimedia Pageviews API monthly per-article
lk_badulla_ravana_cave,Ravana Cave,Ravana_Cave,2025,8,3,Wikimedia Pageviews API monthly per-article
lk_badulla_ravana_cave,Ravana Cave,Ravana_Cave,2025,9,3,Wikimedia Pageviews API monthly per-article
lk_badulla_ravana_cave,Ravana Cave,Ravana_Cave,2025,10,9,Wikimedia Pageviews API monthly per-article
lk_badulla_ravana_cave,Ravana Cave,Ravana_Cave,2025,11,6,Wikimedia Pageviews API monthly per-article
lk_badulla_ravana_cave,Ravana Cave,Ravana_Cave,2025,12,0,Wikimedia Pageviews API monthly per-article
lk_badulla_demodara_railway_station,Demodara Railway Station,Demodara_railway_station,2024,1,656,Wikimedia Pageviews API monthly per-article
lk_badulla_demodara_railway_station,Demodara Railway Station,Demodara_railway_station,2024,2,576,Wikimedia Pageviews API monthly per-article
lk_badulla_demodara_railway_station,Demodara Railway Station,Demodara_railway_station,2024,3,581,Wikimedia Pageviews API monthly per-article
lk_badulla_demodara_railway_station,Demodara Railway Station,Demodara_railway_station,2024,4,567,Wikimedia Pageviews API monthly per-article
lk_badulla_demodara_railway_station,Demodara Railway Station,Demodara_railway_station,2024,5,396,Wikimedia Pageviews API monthly per-article
lk_badulla_demodara_railway_station,Demodara Railway Station,Demodara_railway_station,2024,6,279,Wikimedia Pageviews API monthly per-article
lk_badulla_demodara_railway_station,Demodara Railway Station,Demodara_railway_station,2024,7,400,Wikimedia Pageviews API monthly per-article
lk_badulla_demodara_railway_station,Demodara Railway Station,Demodara_railway_station,2024,8,490,Wikimedia Pageviews API monthly per-article
lk_badulla_demodara_railway_station,Demodara Railway Station,Demodara_railway_station,2024,9,416,Wikimedia Pageviews API monthly per-article
lk_badulla_demodara_railway_station,Demodara Railway Station,Demodara_railway_station,2024,10,385,Wikimedia Pageviews API monthly per-article
lk_badulla_demodara_railway_station,Demodara Railway Station,Demodara_railway_station,2024,11,327,Wikimedia Pageviews API monthly per-article
lk_badulla_demodara_railway_station,Demodara Railway Station,Demodara_railway_station,2024,12,494,Wikimedia Pageviews API monthly per-article
lk_badulla_demodara_railway_station,Demodara Railway Station,Demodara_railway_station,2025,1,618,Wikimedia Pageviews API monthly per-article
lk_badulla_demodara_railway_station,Demodara Railway Station,Demodara_railway_station,2025,2,473,Wikimedia Pageviews API monthly per-article
lk_badulla_demodara_railway_station,Demodara Railway Station,Demodara_railway_station,2025,3,423,Wikimedia Pageviews API monthly per-article
lk_badulla_demodara_railway_station,Demodara Railway Station,Demodara_railway_station,2025,4,354,Wikimedia Pageviews API monthly per-article
lk_badulla_demodara_railway_station,Demodara Railway Station,Demodara_railway_station,2025,5,343,Wikimedia Pageviews API monthly per-article
lk_badulla_demodara_railway_station,Demodara Railway Station,Demodara_railway_station,2025,6,243,Wikimedia Pageviews API monthly per-article
lk_badulla_demodara_railway_station,Demodara Railway Station,Demodara_railway_station,2025,7,267,Wikimedia Pageviews API monthly per-article
lk_badulla_demodara_railway_station,Demodara Railway Station,Demodara_railway_station,2025,8,371,Wikimedia Pageviews API monthly per-article
lk_badulla_demodara_railway_station,Demodara Railway Station,Demodara_railway_station,2025,9,233,Wikimedia Pageviews API monthly per-article
lk_badulla_demodara_railway_station,Demodara Railway Station,Demodara_railway_station,2025,10,262,Wikimedia Pageviews API monthly per-article
lk_badulla_demodara_railway_station,Demodara Railway Station,Demodara_railway_station,2025,11,259,Wikimedia Pageviews API monthly per-article
lk_badulla_demodara_railway_station,Demodara Railway Station,Demodara_railway_station,2025,12,196,Wikimedia Pageviews API monthly per-article
lk_badulla_demodara_railway_station,Demodara Railway Station,Demodara_railway_station,2026,1,5,Wikimedia Pageviews API monthly per-article
lk_batticaloa_kalkudah_beach,Kalkudah Beach,Kalkudah,2024,1,193,Wikimedia Pageviews API monthly per-article
lk_batticaloa_kalkudah_beach,Kalkudah Beach,Kalkudah,2024,2,162,Wikimedia Pageviews API monthly per-article
lk_batticaloa_kalkudah_beach,Kalkudah Beach,Kalkudah,2024,3,174,Wikimedia Pageviews API monthly per-article
lk_batticaloa_kalkudah_beach,Kalkudah Beach,Kalkudah,2024,4,161,Wikimedia Pageviews API monthly per-article
lk_batticaloa_kalkudah_beach,Kalkudah Beach,Kalkudah,2024,5,172,Wikimedia Pageviews API monthly per-article
lk_batticaloa_kalkudah_beach,Kalkudah Beach,Kalkudah,2024,6,128,Wikimedia Pageviews API monthly per-article
lk_batticaloa_kalkudah_beach,Kalkudah Beach,Kalkudah,2024,7,145,Wikimedia Pageviews API monthly per-article
lk_batticaloa_kalkudah_beach,Kalkudah Beach,Kalkudah,2024,8,169,Wikimedia Pageviews API monthly per-article
lk_batticaloa_kalkudah_beach,Kalkudah Beach,Kalkudah,2024,9,147,Wikimedia Pageviews API monthly per-article
lk_batticaloa_kalkudah_beach,Kalkudah Beach,Kalkudah,2024,10,154,Wikimedia Pageviews API monthly per-article
lk_batticaloa_kalkudah_beach,Kalkudah Beach,Kalkudah,2024,11,141,Wikimedia Pageviews API monthly per-article
lk_batticaloa_kalkudah_beach,Kalkudah Beach,Kalkudah,2024,12,123,Wikimedia Pageviews API monthly per-article
lk_batticaloa_kalkudah_beach,Kalkudah Beach,Kalkudah,2025,1,164,Wikimedia Pageviews API monthly per-article
lk_batticaloa_kalkudah_beach,Kalkudah Beach,Kalkudah,2025,2,158,Wikimedia Pageviews API monthly per-article
lk_batticaloa_kalkudah_beach,Kalkudah Beach,Kalkudah,2025,3,191,Wikimedia Pageviews API monthly per-article
lk_batticaloa_kalkudah_beach,Kalkudah Beach,Kalkudah,2025,4,164,Wikimedia Pageviews API monthly per-article
lk_batticaloa_kalkudah_beach,Kalkudah Beach,Kalkudah,2025,5,196,Wikimedia Pageviews API monthly per-article
lk_batticaloa_kalkudah_beach,Kalkudah Beach,Kalkudah,2025,6,128,Wikimedia Pageviews API monthly per-article
lk_batticaloa_kalkudah_beach,Kalkudah Beach,Kalkudah,2025,7,174,Wikimedia Pageviews API monthly per-article
lk_batticaloa_kalkudah_beach,Kalkudah Beach,Kalkudah,2025,8,159,Wikimedia Pageviews API monthly per-article
lk_batticaloa_kalkudah_beach,Kalkudah Beach,Kalkudah,2025,9,134,Wikimedia Pageviews API monthly per-article
lk_batticaloa_kalkudah_beach,Kalkudah Beach,Kalkudah,2025,10,120,Wikimedia Pageviews API monthly per-article
lk_batticaloa_kalkudah_beach,Kalkudah Beach,Kalkudah,2025,11,123,Wikimedia Pageviews API monthly per-article
lk_batticaloa_kalkudah_beach,Kalkudah Beach,Kalkudah,2025,12,132,Wikimedia Pageviews API monthly per-article
lk_batticaloa_kalkudah_beach,Kalkudah Beach,Kalkudah,2026,1,6,Wikimedia Pageviews API monthly per-article
lk_batticaloa_batticaloa_fort,Batticaloa Fort,Batticaloa_Fort,2024,1,23,Wikimedia Pageviews API monthly per-article
lk_batticaloa_batticaloa_fort,Batticaloa Fort,Batticaloa_Fort,2024,2,20,Wikimedia Pageviews API monthly per-article
lk_batticaloa_batticaloa_fort,Batticaloa Fort,Batticaloa_Fort,2024,3,24,Wikimedia Pageviews API monthly per-article
lk_batticaloa_batticaloa_fort,Batticaloa Fort,Batticaloa_Fort,2024,4,28,Wikimedia Pageviews API monthly per-article
lk_batticaloa_batticaloa_fort,Batticaloa Fort,Batticaloa_Fort,2024,5,23,Wikimedia Pageviews API monthly per-article
lk_batticaloa_batticaloa_fort,Batticaloa Fort,Batticaloa_Fort,2024,6,28,Wikimedia Pageviews API monthly per-article
lk_batticaloa_batticaloa_fort,Batticaloa Fort,Batticaloa_Fort,2024,7,33,Wikimedia Pageviews API monthly per-article
lk_batticaloa_batticaloa_fort,Batticaloa Fort,Batticaloa_Fort,2024,8,30,Wikimedia Pageviews API monthly per-article
lk_batticaloa_batticaloa_fort,Batticaloa Fort,Batticaloa_Fort,2024,9,32,Wikimedia Pageviews API monthly per-article
lk_batticaloa_batticaloa_fort,Batticaloa Fort,Batticaloa_Fort,2024,10,34,Wikimedia Pageviews API monthly per-article
lk_batticaloa_batticaloa_fort,Batticaloa Fort,Batticaloa_Fort,2024,11,45,Wikimedia Pageviews API monthly per-article
lk_batticaloa_batticaloa_fort,Batticaloa Fort,Batticaloa_Fort,2024,12,37,Wikimedia Pageviews API monthly per-article
lk_batticaloa_batticaloa_fort,Batticaloa Fort,Batticaloa_Fort,2025,1,42,Wikimedia Pageviews API monthly per-article
lk_batticaloa_batticaloa_fort,Batticaloa Fort,Batticaloa_Fort,2025,2,41,Wikimedia Pageviews API monthly per-article
lk_batticaloa_batticaloa_fort,Batticaloa Fort,Batticaloa_Fort,2025,3,32,Wikimedia Pageviews API monthly per-article
lk_batticaloa_batticaloa_fort,Batticaloa Fort,Batticaloa_Fort,2025,4,48,Wikimedia Pageviews API monthly per-article
lk_batticaloa_batticaloa_fort,Batticaloa Fort,Batticaloa_Fort,2025,5,39,Wikimedia Pageviews API monthly per-article
lk_batticaloa_batticaloa_fort,Batticaloa Fort,Batticaloa_Fort,2025,6,52,Wikimedia Pageviews API monthly per-article
lk_batticaloa_batticaloa_fort,Batticaloa Fort,Batticaloa_Fort,2025,7,38,Wikimedia Pageviews API monthly per-article
lk_batticaloa_batticaloa_fort,Batticaloa Fort,Batticaloa_Fort,2025,8,47,Wikimedia Pageviews API monthly per-article
lk_batticaloa_batticaloa_fort,Batticaloa Fort,Batticaloa_Fort,2025,9,32,Wikimedia Pageviews API monthly per-article
lk_batticaloa_batticaloa_fort,Batticaloa Fort,Batticaloa_Fort,2025,10,33,Wikimedia Pageviews API monthly per-article
lk_batticaloa_batticaloa_fort,Batticaloa Fort,Batticaloa_Fort,2025,11,40,Wikimedia Pageviews API monthly per-article
lk_batticaloa_batticaloa_fort,Batticaloa Fort,Batticaloa_Fort,2025,12,31,Wikimedia Pageviews API monthly per-article
lk_batticaloa_batticaloa_fort,Batticaloa Fort,Batticaloa_Fort,2026,1,1,Wikimedia Pageviews API monthly per-article
lk_batticaloa_batticaloa_lagoon,Batticaloa Lagoon,Batticaloa_Lagoon,2024,1,189,Wikimedia Pageviews API monthly per-article
lk_batticaloa_batticaloa_lagoon,Batticaloa Lagoon,Batticaloa_Lagoon,2024,2,192,Wikimedia Pageviews API monthly per-article
lk_batticaloa_batticaloa_lagoon,Batticaloa Lagoon,Batticaloa_Lagoon,2024,3,193,Wikimedia Pageviews API monthly per-article
lk_batticaloa_batticaloa_lagoon,Batticaloa Lagoon,Batticaloa_Lagoon,2024,4,207,Wikimedia Pageviews API monthly per-article
lk_batticaloa_batticaloa_lagoon,Batticaloa Lagoon,Batticaloa_Lagoon,2024,5,196,Wikimedia Pageviews API monthly per-article
lk_batticaloa_batticaloa_lagoon,Batticaloa Lagoon,Batticaloa_Lagoon,2024,6,165,Wikimedia Pageviews API monthly per-article
lk_batticaloa_batticaloa_lagoon,Batticaloa Lagoon,Batticaloa_Lagoon,2024,7,156,Wikimedia Pageviews API monthly per-article
lk_batticaloa_batticaloa_lagoon,Batticaloa Lagoon,Batticaloa_Lagoon,2024,8,172,Wikimedia Pageviews API monthly per-article
lk_batticaloa_batticaloa_lagoon,Batticaloa Lagoon,Batticaloa_Lagoon,2024,9,191,Wikimedia Pageviews API monthly per-article
lk_batticaloa_batticaloa_lagoon,Batticaloa Lagoon,Batticaloa_Lagoon,2024,10,175,Wikimedia Pageviews API monthly per-article
lk_batticaloa_batticaloa_lagoon,Batticaloa Lagoon,Batticaloa_Lagoon,2024,11,156,Wikimedia Pageviews API monthly per-article
lk_batticaloa_batticaloa_lagoon,Batticaloa Lagoon,Batticaloa_Lagoon,2024,12,190,Wikimedia Pageviews API monthly per-article
lk_batticaloa_batticaloa_lagoon,Batticaloa Lagoon,Batticaloa_Lagoon,2025,1,158,Wikimedia Pageviews API monthly per-article
lk_batticaloa_batticaloa_lagoon,Batticaloa Lagoon,Batticaloa_Lagoon,2025,2,134,Wikimedia Pageviews API monthly per-article
lk_batticaloa_batticaloa_lagoon,Batticaloa Lagoon,Batticaloa_Lagoon,2025,3,183,Wikimedia Pageviews API monthly per-article
lk_batticaloa_batticaloa_lagoon,Batticaloa Lagoon,Batticaloa_Lagoon,2025,4,142,Wikimedia Pageviews API monthly per-article
lk_batticaloa_batticaloa_lagoon,Batticaloa Lagoon,Batticaloa_Lagoon,2025,5,140,Wikimedia Pageviews API monthly per-article
lk_batticaloa_batticaloa_lagoon,Batticaloa Lagoon,Batticaloa_Lagoon,2025,6,147,Wikimedia Pageviews API monthly per-article
lk_batticaloa_batticaloa_lagoon,Batticaloa Lagoon,Batticaloa_Lagoon,2025,7,157,Wikimedia Pageviews API monthly per-article
lk_batticaloa_batticaloa_lagoon,Batticaloa Lagoon,Batticaloa_Lagoon,2025,8,192,Wikimedia Pageviews API monthly per-article
lk_batticaloa_batticaloa_lagoon,Batticaloa Lagoon,Batticaloa_Lagoon,2025,9,189,Wikimedia Pageviews API monthly per-article
lk_batticaloa_batticaloa_lagoon,Batticaloa Lagoon,Batticaloa_Lagoon,2025,10,142,Wikimedia Pageviews API monthly per-article
lk_batticaloa_batticaloa_lagoon,Batticaloa Lagoon,Batticaloa_Lagoon,2025,11,140,Wikimedia Pageviews API monthly per-article
lk_batticaloa_batticaloa_lagoon,Batticaloa Lagoon,Batticaloa_Lagoon,2025,12,130,Wikimedia Pageviews API monthly per-article
lk_batticaloa_batticaloa_lagoon,Batticaloa Lagoon,Batticaloa_Lagoon,2026,1,4,Wikimedia Pageviews API monthly per-article
lk_batticaloa_batticaloa_lighthouse,Batticaloa Lighthouse,Batticaloa_Lighthouse,2024,1,94,Wikimedia Pageviews API monthly per-article
lk_batticaloa_batticaloa_lighthouse,Batticaloa Lighthouse,Batticaloa_Lighthouse,2024,2,97,Wikimedia Pageviews API monthly per-article
lk_batticaloa_batticaloa_lighthouse,Batticaloa Lighthouse,Batticaloa_Lighthouse,2024,3,72,Wikimedia Pageviews API monthly per-article
lk_batticaloa_batticaloa_lighthouse,Batticaloa Lighthouse,Batticaloa_Lighthouse,2024,4,109,Wikimedia Pageviews API monthly per-article
lk_batticaloa_batticaloa_lighthouse,Batticaloa Lighthouse,Batticaloa_Lighthouse,2024,5,93,Wikimedia Pageviews API monthly per-article
lk_batticaloa_batticaloa_lighthouse,Batticaloa Lighthouse,Batticaloa_Lighthouse,2024,6,75,Wikimedia Pageviews API monthly per-article
lk_batticaloa_batticaloa_lighthouse,Batticaloa Lighthouse,Batticaloa_Lighthouse,2024,7,104,Wikimedia Pageviews API monthly per-article
lk_batticaloa_batticaloa_lighthouse,Batticaloa Lighthouse,Batticaloa_Lighthouse,2024,8,59,Wikimedia Pageviews API monthly per-article
lk_batticaloa_batticaloa_lighthouse,Batticaloa Lighthouse,Batticaloa_Lighthouse,2024,9,84,Wikimedia Pageviews API monthly per-article
lk_batticaloa_batticaloa_lighthouse,Batticaloa Lighthouse,Batticaloa_Lighthouse,2024,10,68,Wikimedia Pageviews API monthly per-article
lk_batticaloa_batticaloa_lighthouse,Batticaloa Lighthouse,Batticaloa_Lighthouse,2024,11,72,Wikimedia Pageviews API monthly per-article
lk_batticaloa_batticaloa_lighthouse,Batticaloa Lighthouse,Batticaloa_Lighthouse,2024,12,82,Wikimedia Pageviews API monthly per-article
lk_batticaloa_batticaloa_lighthouse,Batticaloa Lighthouse,Batticaloa_Lighthouse,2025,1,75,Wikimedia Pageviews API monthly per-article
lk_batticaloa_batticaloa_lighthouse,Batticaloa Lighthouse,Batticaloa_Lighthouse,2025,2,50,Wikimedia Pageviews API monthly per-article
lk_batticaloa_batticaloa_lighthouse,Batticaloa Lighthouse,Batticaloa_Lighthouse,2025,3,68,Wikimedia Pageviews API monthly per-article
lk_batticaloa_batticaloa_lighthouse,Batticaloa Lighthouse,Batticaloa_Lighthouse,2025,4,73,Wikimedia Pageviews API monthly per-article
lk_batticaloa_batticaloa_lighthouse,Batticaloa Lighthouse,Batticaloa_Lighthouse,2025,5,59,Wikimedia Pageviews API monthly per-article
lk_batticaloa_batticaloa_lighthouse,Batticaloa Lighthouse,Batticaloa_Lighthouse,2025,6,41,Wikimedia Pageviews API monthly per-article
lk_batticaloa_batticaloa_lighthouse,Batticaloa Lighthouse,Batticaloa_Lighthouse,2025,7,48,Wikimedia Pageviews API monthly per-article
lk_batticaloa_batticaloa_lighthouse,Batticaloa Lighthouse,Batticaloa_Lighthouse,2025,8,65,Wikimedia Pageviews API monthly per-article
lk_batticaloa_batticaloa_lighthouse,Batticaloa Lighthouse,Batticaloa_Lighthouse,2025,9,71,Wikimedia Pageviews API monthly per-article
lk_batticaloa_batticaloa_lighthouse,Batticaloa Lighthouse,Batticaloa_Lighthouse,2025,10,58,Wikimedia Pageviews API monthly per-article
lk_batticaloa_batticaloa_lighthouse,Batticaloa Lighthouse,Batticaloa_Lighthouse,2025,11,57,Wikimedia Pageviews API monthly per-article
lk_batticaloa_batticaloa_lighthouse,Batticaloa Lighthouse,Batticaloa_Lighthouse,2025,12,26,Wikimedia Pageviews API monthly per-article
lk_batticaloa_kallady_beach,Kallady Beach,Kallady,2024,1,1,Wikimedia Pageviews API monthly per-article
lk_batticaloa_kallady_beach,Kallady Beach,Kallady,2024,2,1,Wikimedia Pageviews API monthly per-article
lk_batticaloa_kallady_beach,Kallady Beach,Kallady,2024,3,4,Wikimedia Pageviews API monthly per-article
lk_batticaloa_kallady_beach,Kallady Beach,Kallady,2024,4,0,Wikimedia Pageviews API monthly per-article
lk_batticaloa_kallady_beach,Kallady Beach,Kallady,2024,5,1,Wikimedia Pageviews API monthly per-article
lk_batticaloa_kallady_beach,Kallady Beach,Kallady,2024,6,2,Wikimedia Pageviews API monthly per-article
lk_batticaloa_kallady_beach,Kallady Beach,Kallady,2024,7,15,Wikimedia Pageviews API monthly per-article
lk_batticaloa_kallady_beach,Kallady Beach,Kallady,2024,8,1,Wikimedia Pageviews API monthly per-article
lk_batticaloa_kallady_beach,Kallady Beach,Kallady,2024,9,0,Wikimedia Pageviews API monthly per-article
lk_batticaloa_kallady_beach,Kallady Beach,Kallady,2024,10,3,Wikimedia Pageviews API monthly per-article
lk_batticaloa_kallady_beach,Kallady Beach,Kallady,2024,11,0,Wikimedia Pageviews API monthly per-article
lk_batticaloa_kallady_beach,Kallady Beach,Kallady,2024,12,5,Wikimedia Pageviews API monthly per-article
lk_batticaloa_kallady_beach,Kallady Beach,Kallady,2025,1,4,Wikimedia Pageviews API monthly per-article
lk_batticaloa_kallady_beach,Kallady Beach,Kallady,2025,2,2,Wikimedia Pageviews API monthly per-article
lk_batticaloa_kallady_beach,Kallady Beach,Kallady,2025,3,2,Wikimedia Pageviews API monthly per-article
lk_batticaloa_kallady_beach,Kallady Beach,Kallady,2025,4,2,Wikimedia Pageviews API monthly per-article
lk_batticaloa_kallady_beach,Kallady Beach,Kallady,2025,5,0,Wikimedia Pageviews API monthly per-article
lk_batticaloa_kallady_beach,Kallady Beach,Kallady,2025,6,1,Wikimedia Pageviews API monthly per-article
lk_batticaloa_kallady_beach,Kallady Beach,Kallady,2025,7,9,Wikimedia Pageviews API monthly per-article
lk_batticaloa_kallady_beach,Kallady Beach,Kallady,2025,8,3,Wikimedia Pageviews API monthly per-article
lk_batticaloa_kallady_beach,Kallady Beach,Kallady,2025,9,1,Wikimedia Pageviews API monthly per-article
lk_batticaloa_kallady_beach,Kallady Beach,Kallady,2025,10,5,Wikimedia Pageviews API monthly per-article
lk_batticaloa_kallady_beach,Kallady Beach,Kallady,2025,11,4,Wikimedia Pageviews API monthly per-article
lk_batticaloa_kallady_beach,Kallady Beach,Kallady,2025,12,6,Wikimedia Pageviews API monthly per-article
lk_batticaloa_kallady_beach,Kallady Beach,Kallady,2026,1,0,Wikimedia Pageviews API monthly per-article
lk_batticaloa_kallady_bridge,Kallady Bridge,Kallady_Bridge,2024,1,461,Wikimedia Pageviews API monthly per-article
lk_batticaloa_kallady_bridge,Kallady Bridge,Kallady_Bridge,2024,2,234,Wikimedia Pageviews API monthly per-article
lk_batticaloa_kallady_bridge,Kallady Bridge,Kallady_Bridge,2024,3,159,Wikimedia Pageviews API monthly per-article
lk_batticaloa_kallady_bridge,Kallady Bridge,Kallady_Bridge,2024,4,268,Wikimedia Pageviews API monthly per-article
lk_batticaloa_kallady_bridge,Kallady Bridge,Kallady_Bridge,2024,5,176,Wikimedia Pageviews API monthly per-article
lk_batticaloa_kallady_bridge,Kallady Bridge,Kallady_Bridge,2024,6,169,Wikimedia Pageviews API monthly per-article
lk_batticaloa_kallady_bridge,Kallady Bridge,Kallady_Bridge,2024,7,254,Wikimedia Pageviews API monthly per-article
lk_batticaloa_kallady_bridge,Kallady Bridge,Kallady_Bridge,2024,8,233,Wikimedia Pageviews API monthly per-article
lk_batticaloa_kallady_bridge,Kallady Bridge,Kallady_Bridge,2024,9,180,Wikimedia Pageviews API monthly per-article
lk_batticaloa_kallady_bridge,Kallady Bridge,Kallady_Bridge,2024,10,150,Wikimedia Pageviews API monthly per-article
lk_batticaloa_kallady_bridge,Kallady Bridge,Kallady_Bridge,2024,11,198,Wikimedia Pageviews API monthly per-article
lk_batticaloa_kallady_bridge,Kallady Bridge,Kallady_Bridge,2024,12,193,Wikimedia Pageviews API monthly per-article
lk_batticaloa_kallady_bridge,Kallady Bridge,Kallady_Bridge,2025,1,167,Wikimedia Pageviews API monthly per-article
lk_batticaloa_kallady_bridge,Kallady Bridge,Kallady_Bridge,2025,2,151,Wikimedia Pageviews API monthly per-article
lk_batticaloa_kallady_bridge,Kallady Bridge,Kallady_Bridge,2025,3,175,Wikimedia Pageviews API monthly per-article
lk_batticaloa_kallady_bridge,Kallady Bridge,Kallady_Bridge,2025,4,145,Wikimedia Pageviews API monthly per-article
lk_batticaloa_kallady_bridge,Kallady Bridge,Kallady_Bridge,2025,5,176,Wikimedia Pageviews API monthly per-article
lk_batticaloa_kallady_bridge,Kallady Bridge,Kallady_Bridge,2025,6,140,Wikimedia Pageviews API monthly per-article
lk_batticaloa_kallady_bridge,Kallady Bridge,Kallady_Bridge,2025,7,177,Wikimedia Pageviews API monthly per-article
lk_batticaloa_kallady_bridge,Kallady Bridge,Kallady_Bridge,2025,8,145,Wikimedia Pageviews API monthly per-article
lk_batticaloa_kallady_bridge,Kallady Bridge,Kallady_Bridge,2025,9,133,Wikimedia Pageviews API monthly per-article
lk_batticaloa_kallady_bridge,Kallady Bridge,Kallady_Bridge,2025,10,127,Wikimedia Pageviews API monthly per-article
lk_batticaloa_kallady_bridge,Kallady Bridge,Kallady_Bridge,2025,11,155,Wikimedia Pageviews API monthly per-article
lk_batticaloa_kallady_bridge,Kallady Bridge,Kallady_Bridge,2025,12,152,Wikimedia Pageviews API monthly per-article
lk_batticaloa_kallady_bridge,Kallady Bridge,Kallady_Bridge,2026,1,2,Wikimedia Pageviews API monthly per-article
lk_anuradhapura_lovamahapaya,Lovamahapaya,Lovamahapaya,2024,1,695,Wikimedia Pageviews API monthly per-article
lk_anuradhapura_lovamahapaya,Lovamahapaya,Lovamahapaya,2024,2,686,Wikimedia Pageviews API monthly per-article
lk_anuradhapura_lovamahapaya,Lovamahapaya,Lovamahapaya,2024,3,632,Wikimedia Pageviews API monthly per-article
lk_anuradhapura_lovamahapaya,Lovamahapaya,Lovamahapaya,2024,4,610,Wikimedia Pageviews API monthly per-article
lk_anuradhapura_lovamahapaya,Lovamahapaya,Lovamahapaya,2024,5,589,Wikimedia Pageviews API monthly per-article
lk_anuradhapura_lovamahapaya,Lovamahapaya,Lovamahapaya,2024,6,491,Wikimedia Pageviews API monthly per-article
lk_anuradhapura_lovamahapaya,Lovamahapaya,Lovamahapaya,2024,7,535,Wikimedia Pageviews API monthly per-article
lk_anuradhapura_lovamahapaya,Lovamahapaya,Lovamahapaya,2024,8,580,Wikimedia Pageviews API monthly per-article
lk_anuradhapura_lovamahapaya,Lovamahapaya,Lovamahapaya,2024,9,474,Wikimedia Pageviews API monthly per-article
lk_anuradhapura_lovamahapaya,Lovamahapaya,Lovamahapaya,2024,10,535,Wikimedia Pageviews API monthly per-article
lk_anuradhapura_lovamahapaya,Lovamahapaya,Lovamahapaya,2024,11,536,Wikimedia Pageviews API monthly per-article
lk_anuradhapura_lovamahapaya,Lovamahapaya,Lovamahapaya,2024,12,604,Wikimedia Pageviews API monthly per-article
lk_anuradhapura_lovamahapaya,Lovamahapaya,Lovamahapaya,2025,1,697,Wikimedia Pageviews API monthly per-article
lk_anuradhapura_lovamahapaya,Lovamahapaya,Lovamahapaya,2025,2,651,Wikimedia Pageviews API monthly per-article
lk_anuradhapura_lovamahapaya,Lovamahapaya,Lovamahapaya,2025,3,528,Wikimedia Pageviews API monthly per-article
lk_anuradhapura_lovamahapaya,Lovamahapaya,Lovamahapaya,2025,4,489,Wikimedia Pageviews API monthly per-article
lk_anuradhapura_lovamahapaya,Lovamahapaya,Lovamahapaya,2025,5,489,Wikimedia Pageviews API monthly per-article
lk_anuradhapura_lovamahapaya,Lovamahapaya,Lovamahapaya,2025,6,516,Wikimedia Pageviews API monthly per-article
lk_anuradhapura_lovamahapaya,Lovamahapaya,Lovamahapaya,2025,7,459,Wikimedia Pageviews API monthly per-article
lk_anuradhapura_lovamahapaya,Lovamahapaya,Lovamahapaya,2025,8,574,Wikimedia Pageviews API monthly per-article
lk_anuradhapura_lovamahapaya,Lovamahapaya,Lovamahapaya,2025,9,502,Wikimedia Pageviews API monthly per-article
lk_anuradhapura_lovamahapaya,Lovamahapaya,Lovamahapaya,2025,10,558,Wikimedia Pageviews API monthly per-article
lk_anuradhapura_lovamahapaya,Lovamahapaya,Lovamahapaya,2025,11,564,Wikimedia Pageviews API monthly per-article
lk_anuradhapura_lovamahapaya,Lovamahapaya,Lovamahapaya,2025,12,410,Wikimedia Pageviews API monthly per-article
lk_anuradhapura_lovamahapaya,Lovamahapaya,Lovamahapaya,2026,1,17,Wikimedia Pageviews API monthly per-article
lk_badulla_bambarakanda_falls,Bambarakanda Falls,Bambarakanda_Falls,2024,1,1407,Wikimedia Pageviews API monthly per-article
lk_badulla_bambarakanda_falls,Bambarakanda Falls,Bambarakanda_Falls,2024,2,1228,Wikimedia Pageviews API monthly per-article
lk_badulla_bambarakanda_falls,Bambarakanda Falls,Bambarakanda_Falls,2024,3,1276,Wikimedia Pageviews API monthly per-article
lk_badulla_bambarakanda_falls,Bambarakanda Falls,Bambarakanda_Falls,2024,4,1217,Wikimedia Pageviews API monthly per-article
lk_badulla_bambarakanda_falls,Bambarakanda Falls,Bambarakanda_Falls,2024,5,1062,Wikimedia Pageviews API monthly per-article
lk_badulla_bambarakanda_falls,Bambarakanda Falls,Bambarakanda_Falls,2024,6,779,Wikimedia Pageviews API monthly per-article
lk_badulla_bambarakanda_falls,Bambarakanda Falls,Bambarakanda_Falls,2024,7,1088,Wikimedia Pageviews API monthly per-article
lk_badulla_bambarakanda_falls,Bambarakanda Falls,Bambarakanda_Falls,2024,8,1129,Wikimedia Pageviews API monthly per-article
lk_badulla_bambarakanda_falls,Bambarakanda Falls,Bambarakanda_Falls,2024,9,966,Wikimedia Pageviews API monthly per-article
lk_badulla_bambarakanda_falls,Bambarakanda Falls,Bambarakanda_Falls,2024,10,843,Wikimedia Pageviews API monthly per-article
lk_badulla_bambarakanda_falls,Bambarakanda Falls,Bambarakanda_Falls,2024,11,878,Wikimedia Pageviews API monthly per-article
lk_badulla_bambarakanda_falls,Bambarakanda Falls,Bambarakanda_Falls,2024,12,986,Wikimedia Pageviews API monthly per-article
lk_badulla_bambarakanda_falls,Bambarakanda Falls,Bambarakanda_Falls,2025,1,962,Wikimedia Pageviews API monthly per-article
lk_badulla_bambarakanda_falls,Bambarakanda Falls,Bambarakanda_Falls,2025,2,851,Wikimedia Pageviews API monthly per-article
lk_badulla_bambarakanda_falls,Bambarakanda Falls,Bambarakanda_Falls,2025,3,799,Wikimedia Pageviews API monthly per-article
lk_badulla_bambarakanda_falls,Bambarakanda Falls,Bambarakanda_Falls,2025,4,741,Wikimedia Pageviews API monthly per-article
lk_badulla_bambarakanda_falls,Bambarakanda Falls,Bambarakanda_Falls,2025,5,811,Wikimedia Pageviews API monthly per-article
lk_badulla_bambarakanda_falls,Bambarakanda Falls,Bambarakanda_Falls,2025,6,773,Wikimedia Pageviews API monthly per-article
lk_badulla_bambarakanda_falls,Bambarakanda Falls,Bambarakanda_Falls,2025,7,825,Wikimedia Pageviews API monthly per-article
lk_badulla_bambarakanda_falls,Bambarakanda Falls,Bambarakanda_Falls,2025,8,811,Wikimedia Pageviews API monthly per-article
lk_badulla_bambarakanda_falls,Bambarakanda Falls,Bambarakanda_Falls,2025,9,676,Wikimedia Pageviews API monthly per-article
lk_badulla_bambarakanda_falls,Bambarakanda Falls,Bambarakanda_Falls,2025,10,659,Wikimedia Pageviews API monthly per-article
lk_badulla_bambarakanda_falls,Bambarakanda Falls,Bambarakanda_Falls,2025,11,675,Wikimedia Pageviews API monthly per-article
lk_badulla_bambarakanda_falls,Bambarakanda Falls,Bambarakanda_Falls,2025,12,587,Wikimedia Pageviews API monthly per-article
lk_badulla_bambarakanda_falls,Bambarakanda Falls,Bambarakanda_Falls,2026,1,6,Wikimedia Pageviews API monthly per-article
lk_batticaloa_st_mary_s_cathedral_batticaloa,"St. Mary's Cathedral, Batticaloa","St._Mary's_Cathedral,_Batticaloa",2024,1,73,Wikimedia Pageviews API monthly per-article
lk_batticaloa_st_mary_s_cathedral_batticaloa,"St. Mary's Cathedral, Batticaloa","St._Mary's_Cathedral,_Batticaloa",2024,2,64,Wikimedia Pageviews API monthly per-article
lk_batticaloa_st_mary_s_cathedral_batticaloa,"St. Mary's Cathedral, Batticaloa","St._Mary's_Cathedral,_Batticaloa",2024,3,57,Wikimedia Pageviews API monthly per-article
lk_batticaloa_st_mary_s_cathedral_batticaloa,"St. Mary's Cathedral, Batticaloa","St._Mary's_Cathedral,_Batticaloa",2024,4,66,Wikimedia Pageviews API monthly per-article
lk_batticaloa_st_mary_s_cathedral_batticaloa,"St. Mary's Cathedral, Batticaloa","St._Mary's_Cathedral,_Batticaloa",2024,5,73,Wikimedia Pageviews API monthly per-article
lk_batticaloa_st_mary_s_cathedral_batticaloa,"St. Mary's Cathedral, Batticaloa","St._Mary's_Cathedral,_Batticaloa",2024,6,63,Wikimedia Pageviews API monthly per-article
lk_batticaloa_st_mary_s_cathedral_batticaloa,"St. Mary's Cathedral, Batticaloa","St._Mary's_Cathedral,_Batticaloa",2024,7,54,Wikimedia Pageviews API monthly per-article
lk_batticaloa_st_mary_s_cathedral_batticaloa,"St. Mary's Cathedral, Batticaloa","St._Mary's_Cathedral,_Batticaloa",2024,8,78,Wikimedia Pageviews API monthly per-article
lk_batticaloa_st_mary_s_cathedral_batticaloa,"St. Mary's Cathedral, Batticaloa","St._Mary's_Cathedral,_Batticaloa",2024,9,76,Wikimedia Pageviews API monthly per-article
lk_batticaloa_st_mary_s_cathedral_batticaloa,"St. Mary's Cathedral, Batticaloa","St._Mary's_Cathedral,_Batticaloa",2024,10,130,Wikimedia Pageviews API monthly per-article
lk_batticaloa_st_mary_s_cathedral_batticaloa,"St. Mary's Cathedral, Batticaloa","St._Mary's_Cathedral,_Batticaloa",2024,11,51,Wikimedia Pageviews API monthly per-article
lk_batticaloa_st_mary_s_cathedral_batticaloa,"St. Mary's Cathedral, Batticaloa","St._Mary's_Cathedral,_Batticaloa",2024,12,75,Wikimedia Pageviews API monthly per-article
lk_batticaloa_st_mary_s_cathedral_batticaloa,"St. Mary's Cathedral, Batticaloa","St._Mary's_Cathedral,_Batticaloa",2025,1,63,Wikimedia Pageviews API monthly per-article
lk_batticaloa_st_mary_s_cathedral_batticaloa,"St. Mary's Cathedral, Batticaloa","St._Mary's_Cathedral,_Batticaloa",2025,2,54,Wikimedia Pageviews API monthly per-article
lk_batticaloa_st_mary_s_cathedral_batticaloa,"St. Mary's Cathedral, Batticaloa","St._Mary's_Cathedral,_Batticaloa",2025,3,56,Wikimedia Pageviews API monthly per-article
lk_batticaloa_st_mary_s_cathedral_batticaloa,"St. Mary's Cathedral, Batticaloa","St._Mary's_Cathedral,_Batticaloa",2025,4,75,Wikimedia Pageviews API monthly per-article
lk_batticaloa_st_mary_s_cathedral_batticaloa,"St. Mary's Cathedral, Batticaloa","St._Mary's_Cathedral,_Batticaloa",2025,5,68,Wikimedia Pageviews API monthly per-article
lk_batticaloa_st_mary_s_cathedral_batticaloa,"St. Mary's Cathedral, Batticaloa","St._Mary's_Cathedral,_Batticaloa",2025,6,60,Wikimedia Pageviews API monthly per-article
lk_batticaloa_st_mary_s_cathedral_batticaloa,"St. Mary's Cathedral, Batticaloa","St._Mary's_Cathedral,_Batticaloa",2025,7,78,Wikimedia Pageviews API monthly per-article
lk_batticaloa_st_mary_s_cathedral_batticaloa,"St. Mary's Cathedral, Batticaloa","St._Mary's_Cathedral,_Batticaloa",2025,8,54,Wikimedia Pageviews API monthly per-article
lk_batticaloa_st_mary_s_cathedral_batticaloa,"St. Mary's Cathedral, Batticaloa","St._Mary's_Cathedral,_Batticaloa",2025,9,62,Wikimedia Pageviews API monthly per-article
lk_batticaloa_st_mary_s_cathedral_batticaloa,"St. Mary's Cathedral, Batticaloa","St._Mary's_Cathedral,_Batticaloa",2025,10,94,Wikimedia Pageviews API monthly per-article
lk_batticaloa_st_mary_s_cathedral_batticaloa,"St. Mary's Cathedral, Batticaloa","St._Mary's_Cathedral,_Batticaloa",2025,11,72,Wikimedia Pageviews API monthly per-article
lk_batticaloa_st_mary_s_cathedral_batticaloa,"St. Mary's Cathedral, Batticaloa","St._Mary's_Cathedral,_Batticaloa",2025,12,58,Wikimedia Pageviews API monthly per-article
lk_batticaloa_st_mary_s_cathedral_batticaloa,"St. Mary's Cathedral, Batticaloa","St._Mary's_Cathedral,_Batticaloa",2026,1,1,Wikimedia Pageviews API monthly per-article
lk_colombo_colombo_national_museum,Colombo National Museum,Colombo_National_Museum,2024,1,1762,Wikimedia Pageviews API monthly per-article
lk_colombo_colombo_national_museum,Colombo National Museum,Colombo_National_Museum,2024,2,1604,Wikimedia Pageviews API monthly per-article
lk_colombo_colombo_national_museum,Colombo National Museum,Colombo_National_Museum,2024,3,1490,Wikimedia Pageviews API monthly per-article
lk_colombo_colombo_national_museum,Colombo National Museum,Colombo_National_Museum,2024,4,1124,Wikimedia Pageviews API monthly per-article
lk_colombo_colombo_national_museum,Colombo National Museum,Colombo_National_Museum,2024,5,921,Wikimedia Pageviews API monthly per-article
lk_colombo_colombo_national_museum,Colombo National Museum,Colombo_National_Museum,2024,6,592,Wikimedia Pageviews API monthly per-article
lk_colombo_colombo_national_museum,Colombo National Museum,Colombo_National_Museum,2024,7,838,Wikimedia Pageviews API monthly per-article
lk_colombo_colombo_national_museum,Colombo National Museum,Colombo_National_Museum,2024,8,852,Wikimedia Pageviews API monthly per-article
lk_colombo_colombo_national_museum,Colombo National Museum,Colombo_National_Museum,2024,9,732,Wikimedia Pageviews API monthly per-article
lk_colombo_colombo_national_museum,Colombo National Museum,Colombo_National_Museum,2024,10,799,Wikimedia Pageviews API monthly per-article
lk_colombo_colombo_national_museum,Colombo National Museum,Colombo_National_Museum,2024,11,868,Wikimedia Pageviews API monthly per-article
lk_colombo_colombo_national_museum,Colombo National Museum,Colombo_National_Museum,2024,12,895,Wikimedia Pageviews API monthly per-article
lk_colombo_colombo_national_museum,Colombo National Museum,Colombo_National_Museum,2025,1,881,Wikimedia Pageviews API monthly per-article
lk_colombo_colombo_national_museum,Colombo National Museum,Colombo_National_Museum,2025,2,837,Wikimedia Pageviews API monthly per-article
lk_colombo_colombo_national_museum,Colombo National Museum,Colombo_National_Museum,2025,3,834,Wikimedia Pageviews API monthly per-article
lk_colombo_colombo_national_museum,Colombo National Museum,Colombo_National_Museum,2025,4,741,Wikimedia Pageviews API monthly per-article
lk_colombo_colombo_national_museum,Colombo National Museum,Colombo_National_Museum,2025,5,1113,Wikimedia Pageviews API monthly per-article
lk_colombo_colombo_national_museum,Colombo National Museum,Colombo_National_Museum,2025,6,1115,Wikimedia Pageviews API monthly per-article
lk_colombo_colombo_national_museum,Colombo National Museum,Colombo_National_Museum,2025,7,1398,Wikimedia Pageviews API monthly per-article
lk_colombo_colombo_national_museum,Colombo National Museum,Colombo_National_Museum,2025,8,1442,Wikimedia Pageviews API monthly per-article
lk_colombo_colombo_national_museum,Colombo National Museum,Colombo_National_Museum,2025,9,1313,Wikimedia Pageviews API monthly per-article
lk_colombo_colombo_national_museum,Colombo National Museum,Colombo_National_Museum,2025,10,1126,Wikimedia Pageviews API monthly per-article
lk_colombo_colombo_national_museum,Colombo National Museum,Colombo_National_Museum,2025,11,1159,Wikimedia Pageviews API monthly per-article
lk_colombo_colombo_national_museum,Colombo National Museum,Colombo_National_Museum,2025,12,951,Wikimedia Pageviews API monthly per-article
lk_colombo_colombo_national_museum,Colombo National Museum,Colombo_National_Museum,2026,1,43,Wikimedia Pageviews API monthly per-article
lk_colombo_gangaramaya_temple,Gangaramaya Temple,Gangaramaya_Temple,2024,1,3347,Wikimedia Pageviews API monthly per-article
lk_colombo_gangaramaya_temple,Gangaramaya Temple,Gangaramaya_Temple,2024,2,3075,Wikimedia Pageviews API monthly per-article
lk_colombo_gangaramaya_temple,Gangaramaya Temple,Gangaramaya_Temple,2024,3,2563,Wikimedia Pageviews API monthly per-article
lk_colombo_gangaramaya_temple,Gangaramaya Temple,Gangaramaya_Temple,2024,4,1999,Wikimedia Pageviews API monthly per-article
lk_colombo_gangaramaya_temple,Gangaramaya Temple,Gangaramaya_Temple,2024,5,1608,Wikimedia Pageviews API monthly per-article
lk_colombo_gangaramaya_temple,Gangaramaya Temple,Gangaramaya_Temple,2024,6,1378,Wikimedia Pageviews API monthly per-article
lk_colombo_gangaramaya_temple,Gangaramaya Temple,Gangaramaya_Temple,2024,7,1589,Wikimedia Pageviews API monthly per-article
lk_colombo_gangaramaya_temple,Gangaramaya Temple,Gangaramaya_Temple,2024,8,3042,Wikimedia Pageviews API monthly per-article
lk_colombo_gangaramaya_temple,Gangaramaya Temple,Gangaramaya_Temple,2024,9,1523,Wikimedia Pageviews API monthly per-article
lk_colombo_gangaramaya_temple,Gangaramaya Temple,Gangaramaya_Temple,2024,10,1408,Wikimedia Pageviews API monthly per-article
lk_colombo_gangaramaya_temple,Gangaramaya Temple,Gangaramaya_Temple,2024,11,1894,Wikimedia Pageviews API monthly per-article
lk_colombo_gangaramaya_temple,Gangaramaya Temple,Gangaramaya_Temple,2024,12,1938,Wikimedia Pageviews API monthly per-article
lk_colombo_gangaramaya_temple,Gangaramaya Temple,Gangaramaya_Temple,2025,1,2202,Wikimedia Pageviews API monthly per-article
lk_colombo_gangaramaya_temple,Gangaramaya Temple,Gangaramaya_Temple,2025,2,2123,Wikimedia Pageviews API monthly per-article
lk_colombo_gangaramaya_temple,Gangaramaya Temple,Gangaramaya_Temple,2025,3,1871,Wikimedia Pageviews API monthly per-article
lk_colombo_gangaramaya_temple,Gangaramaya Temple,Gangaramaya_Temple,2025,4,1411,Wikimedia Pageviews API monthly per-article
lk_colombo_gangaramaya_temple,Gangaramaya Temple,Gangaramaya_Temple,2025,5,1406,Wikimedia Pageviews API monthly per-article
lk_colombo_gangaramaya_temple,Gangaramaya Temple,Gangaramaya_Temple,2025,6,1018,Wikimedia Pageviews API monthly per-article
lk_colombo_gangaramaya_temple,Gangaramaya Temple,Gangaramaya_Temple,2025,7,1369,Wikimedia Pageviews API monthly per-article
lk_colombo_gangaramaya_temple,Gangaramaya Temple,Gangaramaya_Temple,2025,8,1623,Wikimedia Pageviews API monthly per-article
lk_colombo_gangaramaya_temple,Gangaramaya Temple,Gangaramaya_Temple,2025,9,1406,Wikimedia Pageviews API monthly per-article
lk_colombo_gangaramaya_temple,Gangaramaya Temple,Gangaramaya_Temple,2025,10,1510,Wikimedia Pageviews API monthly per-article
lk_colombo_gangaramaya_temple,Gangaramaya Temple,Gangaramaya_Temple,2025,11,1790,Wikimedia Pageviews API monthly per-article
lk_colombo_gangaramaya_temple,Gangaramaya Temple,Gangaramaya_Temple,2025,12,1815,Wikimedia Pageviews API monthly per-article
lk_colombo_gangaramaya_temple,Gangaramaya Temple,Gangaramaya_Temple,2026,1,75,Wikimedia Pageviews API monthly per-article
lk_colombo_beira_lake,Beira Lake,Beira_Lake,2024,1,1000,Wikimedia Pageviews API monthly per-article
lk_colombo_beira_lake,Beira Lake,Beira_Lake,2024,2,696,Wikimedia Pageviews API monthly per-article
lk_colombo_beira_lake,Beira Lake,Beira_Lake,2024,3,740,Wikimedia Pageviews API monthly per-article
lk_colombo_beira_lake,Beira Lake,Beira_Lake,2024,4,643,Wikimedia Pageviews API monthly per-article
lk_colombo_beira_lake,Beira Lake,Beira_Lake,2024,5,772,Wikimedia Pageviews API monthly per-article
lk_colombo_beira_lake,Beira Lake,Beira_Lake,2024,6,515,Wikimedia Pageviews API monthly per-article
lk_colombo_beira_lake,Beira Lake,Beira_Lake,2024,7,865,Wikimedia Pageviews API monthly per-article
lk_colombo_beira_lake,Beira Lake,Beira_Lake,2024,8,682,Wikimedia Pageviews API monthly per-article
lk_colombo_beira_lake,Beira Lake,Beira_Lake,2024,9,553,Wikimedia Pageviews API monthly per-article
lk_colombo_beira_lake,Beira Lake,Beira_Lake,2024,10,572,Wikimedia Pageviews API monthly per-article
lk_colombo_beira_lake,Beira Lake,Beira_Lake,2024,11,548,Wikimedia Pageviews API monthly per-article
lk_colombo_beira_lake,Beira Lake,Beira_Lake,2024,12,695,Wikimedia Pageviews API monthly per-article
lk_colombo_beira_lake,Beira Lake,Beira_Lake,2025,1,771,Wikimedia Pageviews API monthly per-article
lk_colombo_beira_lake,Beira Lake,Beira_Lake,2025,2,642,Wikimedia Pageviews API monthly per-article
lk_colombo_beira_lake,Beira Lake,Beira_Lake,2025,3,635,Wikimedia Pageviews API monthly per-article
lk_colombo_beira_lake,Beira Lake,Beira_Lake,2025,4,551,Wikimedia Pageviews API monthly per-article
lk_colombo_beira_lake,Beira Lake,Beira_Lake,2025,5,528,Wikimedia Pageviews API monthly per-article
lk_colombo_beira_lake,Beira Lake,Beira_Lake,2025,6,465,Wikimedia Pageviews API monthly per-article
lk_colombo_beira_lake,Beira Lake,Beira_Lake,2025,7,588,Wikimedia Pageviews API monthly per-article
lk_colombo_beira_lake,Beira Lake,Beira_Lake,2025,8,620,Wikimedia Pageviews API monthly per-article
lk_colombo_beira_lake,Beira Lake,Beira_Lake,2025,9,591,Wikimedia Pageviews API monthly per-article
lk_colombo_beira_lake,Beira Lake,Beira_Lake,2025,10,672,Wikimedia Pageviews API monthly per-article
lk_colombo_beira_lake,Beira Lake,Beira_Lake,2025,11,718,Wikimedia Pageviews API monthly per-article
lk_colombo_beira_lake,Beira Lake,Beira_Lake,2025,12,727,Wikimedia Pageviews API monthly per-article
lk_colombo_beira_lake,Beira Lake,Beira_Lake,2026,1,23,Wikimedia Pageviews API monthly per-article
lk_colombo_galle_face_green,Galle Face Green,Galle_Face_Green,2024,1,2763,Wikimedia Pageviews API monthly per-article
lk_colombo_galle_face_green,Galle Face Green,Galle_Face_Green,2024,2,2381,Wikimedia Pageviews API monthly per-article
lk_colombo_galle_face_green,Galle Face Green,Galle_Face_Green,2024,3,2289,Wikimedia Pageviews API monthly per-article
lk_colombo_galle_face_green,Galle Face Green,Galle_Face_Green,2024,4,2389,Wikimedia Pageviews API monthly per-article
lk_colombo_galle_face_green,Galle Face Green,Galle_Face_Green,2024,5,2289,Wikimedia Pageviews API monthly per-article
lk_colombo_galle_face_green,Galle Face Green,Galle_Face_Green,2024,6,2136,Wikimedia Pageviews API monthly per-article
lk_colombo_galle_face_green,Galle Face Green,Galle_Face_Green,2024,7,2309,Wikimedia Pageviews API monthly per-article
lk_colombo_galle_face_green,Galle Face Green,Galle_Face_Green,2024,8,1910,Wikimedia Pageviews API monthly per-article
lk_colombo_galle_face_green,Galle Face Green,Galle_Face_Green,2024,9,1760,Wikimedia Pageviews API monthly per-article
lk_colombo_galle_face_green,Galle Face Green,Galle_Face_Green,2024,10,1281,Wikimedia Pageviews API monthly per-article
lk_colombo_galle_face_green,Galle Face Green,Galle_Face_Green,2024,11,1359,Wikimedia Pageviews API monthly per-article
lk_colombo_galle_face_green,Galle Face Green,Galle_Face_Green,2024,12,1649,Wikimedia Pageviews API monthly per-article
lk_colombo_galle_face_green,Galle Face Green,Galle_Face_Green,2025,1,1696,Wikimedia Pageviews API monthly per-article
lk_colombo_galle_face_green,Galle Face Green,Galle_Face_Green,2025,2,1530,Wikimedia Pageviews API monthly per-article
lk_colombo_galle_face_green,Galle Face Green,Galle_Face_Green,2025,3,1839,Wikimedia Pageviews API monthly per-article
lk_colombo_galle_face_green,Galle Face Green,Galle_Face_Green,2025,4,1674,Wikimedia Pageviews API monthly per-article
lk_colombo_galle_face_green,Galle Face Green,Galle_Face_Green,2025,5,1639,Wikimedia Pageviews API monthly per-article
lk_colombo_galle_face_green,Galle Face Green,Galle_Face_Green,2025,6,1559,Wikimedia Pageviews API monthly per-article
lk_colombo_galle_face_green,Galle Face Green,Galle_Face_Green,2025,7,1775,Wikimedia Pageviews API monthly per-article
lk_colombo_galle_face_green,Galle Face Green,Galle_Face_Green,2025,8,1623,Wikimedia Pageviews API monthly per-article
lk_colombo_galle_face_green,Galle Face Green,Galle_Face_Green,2025,9,1462,Wikimedia Pageviews API monthly per-article
lk_colombo_galle_face_green,Galle Face Green,Galle_Face_Green,2025,10,1341,Wikimedia Pageviews API monthly per-article
lk_colombo_galle_face_green,Galle Face Green,Galle_Face_Green,2025,11,1396,Wikimedia Pageviews API monthly per-article
lk_colombo_galle_face_green,Galle Face Green,Galle_Face_Green,2025,12,1392,Wikimedia Pageviews API monthly per-article
lk_colombo_galle_face_green,Galle Face Green,Galle_Face_Green,2026,1,63,Wikimedia Pageviews API monthly per-article
lk_colombo_independence_memorial_hall,Independence Memorial Hall,Independence_Memorial_Hall,2024,1,1648,Wikimedia Pageviews API monthly per-article
lk_colombo_independence_memorial_hall,Independence Memorial Hall,Independence_Memorial_Hall,2024,2,1712,Wikimedia Pageviews API monthly per-article
lk_colombo_independence_memorial_hall,Independence Memorial Hall,Independence_Memorial_Hall,2024,3,1558,Wikimedia Pageviews API monthly per-article
lk_colombo_independence_memorial_hall,Independence Memorial Hall,Independence_Memorial_Hall,2024,4,1198,Wikimedia Pageviews API monthly per-article
lk_colombo_independence_memorial_hall,Independence Memorial Hall,Independence_Memorial_Hall,2024,5,1249,Wikimedia Pageviews API monthly per-article
lk_colombo_independence_memorial_hall,Independence Memorial Hall,Independence_Memorial_Hall,2024,6,837,Wikimedia Pageviews API monthly per-article
lk_colombo_independence_memorial_hall,Independence Memorial Hall,Independence_Memorial_Hall,2024,7,1006,Wikimedia Pageviews API monthly per-article
lk_colombo_independence_memorial_hall,Independence Memorial Hall,Independence_Memorial_Hall,2024,8,1111,Wikimedia Pageviews API monthly per-article
lk_colombo_independence_memorial_hall,Independence Memorial Hall,Independence_Memorial_Hall,2024,9,949,Wikimedia Pageviews API monthly per-article
lk_colombo_independence_memorial_hall,Independence Memorial Hall,Independence_Memorial_Hall,2024,10,1044,Wikimedia Pageviews API monthly per-article
lk_colombo_independence_memorial_hall,Independence Memorial Hall,Independence_Memorial_Hall,2024,11,1369,Wikimedia Pageviews API monthly per-article
lk_colombo_independence_memorial_hall,Independence Memorial Hall,Independence_Memorial_Hall,2024,12,1357,Wikimedia Pageviews API monthly per-article
lk_colombo_independence_memorial_hall,Independence Memorial Hall,Independence_Memorial_Hall,2025,1,1559,Wikimedia Pageviews API monthly per-article
lk_colombo_independence_memorial_hall,Independence Memorial Hall,Independence_Memorial_Hall,2025,2,1838,Wikimedia Pageviews API monthly per-article
lk_colombo_independence_memorial_hall,Independence Memorial Hall,Independence_Memorial_Hall,2025,3,1234,Wikimedia Pageviews API monthly per-article
lk_colombo_independence_memorial_hall,Independence Memorial Hall,Independence_Memorial_Hall,2025,4,1080,Wikimedia Pageviews API monthly per-article
lk_colombo_independence_memorial_hall,Independence Memorial Hall,Independence_Memorial_Hall,2025,5,1144,Wikimedia Pageviews API monthly per-article
lk_colombo_independence_memorial_hall,Independence Memorial Hall,Independence_Memorial_Hall,2025,6,815,Wikimedia Pageviews API monthly per-article
lk_colombo_independence_memorial_hall,Independence Memorial Hall,Independence_Memorial_Hall,2025,7,1072,Wikimedia Pageviews API monthly per-article
lk_colombo_independence_memorial_hall,Independence Memorial Hall,Independence_Memorial_Hall,2025,8,1031,Wikimedia Pageviews API monthly per-article
lk_colombo_independence_memorial_hall,Independence Memorial Hall,Independence_Memorial_Hall,2025,9,897,Wikimedia Pageviews API monthly per-article
lk_colombo_independence_memorial_hall,Independence Memorial Hall,Independence_Memorial_Hall,2025,10,938,Wikimedia Pageviews API monthly per-article
lk_colombo_independence_memorial_hall,Independence Memorial Hall,Independence_Memorial_Hall,2025,11,973,Wikimedia Pageviews API monthly per-article
lk_colombo_independence_memorial_hall,Independence Memorial Hall,Independence_Memorial_Hall,2025,12,1056,Wikimedia Pageviews API monthly per-article
lk_colombo_independence_memorial_hall,Independence Memorial Hall,Independence_Memorial_Hall,2026,1,30,Wikimedia Pageviews API monthly per-article
lk_colombo_jami_ul_alfar_mosque,Jami Ul-Alfar Mosque,Jami_Ul-Alfar_Mosque,2024,1,2354,Wikimedia Pageviews API monthly per-article
lk_colombo_jami_ul_alfar_mosque,Jami Ul-Alfar Mosque,Jami_Ul-Alfar_Mosque,2024,2,2238,Wikimedia Pageviews API monthly per-article
lk_colombo_jami_ul_alfar_mosque,Jami Ul-Alfar Mosque,Jami_Ul-Alfar_Mosque,2024,3,2486,Wikimedia Pageviews API monthly per-article
lk_colombo_jami_ul_alfar_mosque,Jami Ul-Alfar Mosque,Jami_Ul-Alfar_Mosque,2024,4,2010,Wikimedia Pageviews API monthly per-article
lk_colombo_jami_ul_alfar_mosque,Jami Ul-Alfar Mosque,Jami_Ul-Alfar_Mosque,2024,5,1644,Wikimedia Pageviews API monthly per-article
lk_colombo_jami_ul_alfar_mosque,Jami Ul-Alfar Mosque,Jami_Ul-Alfar_Mosque,2024,6,1246,Wikimedia Pageviews API monthly per-article
lk_colombo_jami_ul_alfar_mosque,Jami Ul-Alfar Mosque,Jami_Ul-Alfar_Mosque,2024,7,1375,Wikimedia Pageviews API monthly per-article
lk_colombo_jami_ul_alfar_mosque,Jami Ul-Alfar Mosque,Jami_Ul-Alfar_Mosque,2024,8,1502,Wikimedia Pageviews API monthly per-article
lk_colombo_jami_ul_alfar_mosque,Jami Ul-Alfar Mosque,Jami_Ul-Alfar_Mosque,2024,9,1341,Wikimedia Pageviews API monthly per-article
lk_colombo_jami_ul_alfar_mosque,Jami Ul-Alfar Mosque,Jami_Ul-Alfar_Mosque,2024,10,1555,Wikimedia Pageviews API monthly per-article
lk_colombo_jami_ul_alfar_mosque,Jami Ul-Alfar Mosque,Jami_Ul-Alfar_Mosque,2024,11,1436,Wikimedia Pageviews API monthly per-article
lk_colombo_jami_ul_alfar_mosque,Jami Ul-Alfar Mosque,Jami_Ul-Alfar_Mosque,2024,12,1665,Wikimedia Pageviews API monthly per-article
lk_colombo_jami_ul_alfar_mosque,Jami Ul-Alfar Mosque,Jami_Ul-Alfar_Mosque,2025,1,1833,Wikimedia Pageviews API monthly per-article
lk_colombo_jami_ul_alfar_mosque,Jami Ul-Alfar Mosque,Jami_Ul-Alfar_Mosque,2025,2,1541,Wikimedia Pageviews API monthly per-article
lk_colombo_jami_ul_alfar_mosque,Jami Ul-Alfar Mosque,Jami_Ul-Alfar_Mosque,2025,3,1652,Wikimedia Pageviews API monthly per-article
lk_colombo_jami_ul_alfar_mosque,Jami Ul-Alfar Mosque,Jami_Ul-Alfar_Mosque,2025,4,1262,Wikimedia Pageviews API monthly per-article
lk_colombo_jami_ul_alfar_mosque,Jami Ul-Alfar Mosque,Jami_Ul-Alfar_Mosque,2025,5,1192,Wikimedia Pageviews API monthly per-article
lk_colombo_jami_ul_alfar_mosque,Jami Ul-Alfar Mosque,Jami_Ul-Alfar_Mosque,2025,6,1093,Wikimedia Pageviews API monthly per-article
lk_colombo_jami_ul_alfar_mosque,Jami Ul-Alfar Mosque,Jami_Ul-Alfar_Mosque,2025,7,1172,Wikimedia Pageviews API monthly per-article
lk_colombo_jami_ul_alfar_mosque,Jami Ul-Alfar Mosque,Jami_Ul-Alfar_Mosque,2025,8,1574,Wikimedia Pageviews API monthly per-article
lk_colombo_jami_ul_alfar_mosque,Jami Ul-Alfar Mosque,Jami_Ul-Alfar_Mosque,2025,9,1362,Wikimedia Pageviews API monthly per-article
lk_colombo_jami_ul_alfar_mosque,Jami Ul-Alfar Mosque,Jami_Ul-Alfar_Mosque,2025,10,1419,Wikimedia Pageviews API monthly per-article
lk_colombo_jami_ul_alfar_mosque,Jami Ul-Alfar Mosque,Jami_Ul-Alfar_Mosque,2025,11,1387,Wikimedia Pageviews API monthly per-article
lk_colombo_jami_ul_alfar_mosque,Jami Ul-Alfar Mosque,Jami_Ul-Alfar_Mosque,2025,12,1245,Wikimedia Pageviews API monthly per-article
lk_colombo_jami_ul_alfar_mosque,Jami Ul-Alfar Mosque,Jami_Ul-Alfar_Mosque,2026,1,32,Wikimedia Pageviews API monthly per-article
lk_colombo_lotus_tower,Lotus Tower,Lotus_Tower,2024,1,8791,Wikimedia Pageviews API monthly per-article
lk_colombo_lotus_tower,Lotus Tower,Lotus_Tower,2024,2,7602,Wikimedia Pageviews API monthly per-article
lk_colombo_lotus_tower,Lotus Tower,Lotus_Tower,2024,3,7810,Wikimedia Pageviews API monthly per-article
lk_colombo_lotus_tower,Lotus Tower,Lotus_Tower,2024,4,6587,Wikimedia Pageviews API monthly per-article
lk_colombo_lotus_tower,Lotus Tower,Lotus_Tower,2024,5,7984,Wikimedia Pageviews API monthly per-article
lk_colombo_lotus_tower,Lotus Tower,Lotus_Tower,2024,6,4125,Wikimedia Pageviews API monthly per-article
lk_colombo_lotus_tower,Lotus Tower,Lotus_Tower,2024,7,5129,Wikimedia Pageviews API monthly per-article
lk_colombo_lotus_tower,Lotus Tower,Lotus_Tower,2024,8,6135,Wikimedia Pageviews API monthly per-article
lk_colombo_lotus_tower,Lotus Tower,Lotus_Tower,2024,9,4687,Wikimedia Pageviews API monthly per-article
lk_colombo_lotus_tower,Lotus Tower,Lotus_Tower,2024,10,6370,Wikimedia Pageviews API monthly per-article
lk_colombo_lotus_tower,Lotus Tower,Lotus_Tower,2024,11,4833,Wikimedia Pageviews API monthly per-article
lk_colombo_lotus_tower,Lotus Tower,Lotus_Tower,2024,12,5029,Wikimedia Pageviews API monthly per-article
lk_colombo_lotus_tower,Lotus Tower,Lotus_Tower,2025,1,4761,Wikimedia Pageviews API monthly per-article
lk_colombo_lotus_tower,Lotus Tower,Lotus_Tower,2025,2,3831,Wikimedia Pageviews API monthly per-article
lk_colombo_lotus_tower,Lotus Tower,Lotus_Tower,2025,3,4165,Wikimedia Pageviews API monthly per-article
lk_colombo_lotus_tower,Lotus Tower,Lotus_Tower,2025,4,3514,Wikimedia Pageviews API monthly per-article
lk_colombo_lotus_tower,Lotus Tower,Lotus_Tower,2025,5,3604,Wikimedia Pageviews API monthly per-article
lk_colombo_lotus_tower,Lotus Tower,Lotus_Tower,2025,6,3066,Wikimedia Pageviews API monthly per-article
lk_colombo_lotus_tower,Lotus Tower,Lotus_Tower,2025,7,3387,Wikimedia Pageviews API monthly per-article
lk_colombo_lotus_tower,Lotus Tower,Lotus_Tower,2025,8,3568,Wikimedia Pageviews API monthly per-article
lk_colombo_lotus_tower,Lotus Tower,Lotus_Tower,2025,9,3441,Wikimedia Pageviews API monthly per-article
lk_colombo_lotus_tower,Lotus Tower,Lotus_Tower,2025,10,4034,Wikimedia Pageviews API monthly per-article
lk_colombo_lotus_tower,Lotus Tower,Lotus_Tower,2025,11,3062,Wikimedia Pageviews API monthly per-article
lk_colombo_lotus_tower,Lotus Tower,Lotus_Tower,2025,12,3121,Wikimedia Pageviews API monthly per-article
lk_colombo_lotus_tower,Lotus Tower,Lotus_Tower,2026,1,128,Wikimedia Pageviews API monthly per-article
lk_colombo_seema_malaka,Seema Malaka,Seema_Malaka,2024,1,937,Wikimedia Pageviews API monthly per-article
lk_colombo_seema_malaka,Seema Malaka,Seema_Malaka,2024,2,762,Wikimedia Pageviews API monthly per-article
lk_colombo_seema_malaka,Seema Malaka,Seema_Malaka,2024,3,799,Wikimedia Pageviews API monthly per-article
lk_colombo_seema_malaka,Seema Malaka,Seema_Malaka,2024,4,550,Wikimedia Pageviews API monthly per-article
lk_colombo_seema_malaka,Seema Malaka,Seema_Malaka,2024,5,575,Wikimedia Pageviews API monthly per-article
lk_colombo_seema_malaka,Seema Malaka,Seema_Malaka,2024,6,441,Wikimedia Pageviews API monthly per-article
lk_colombo_seema_malaka,Seema Malaka,Seema_Malaka,2024,7,512,Wikimedia Pageviews API monthly per-article
lk_colombo_seema_malaka,Seema Malaka,Seema_Malaka,2024,8,714,Wikimedia Pageviews API monthly per-article
lk_colombo_seema_malaka,Seema Malaka,Seema_Malaka,2024,9,524,Wikimedia Pageviews API monthly per-article
lk_colombo_seema_malaka,Seema Malaka,Seema_Malaka,2024,10,496,Wikimedia Pageviews API monthly per-article
lk_colombo_seema_malaka,Seema Malaka,Seema_Malaka,2024,11,571,Wikimedia Pageviews API monthly per-article
lk_colombo_seema_malaka,Seema Malaka,Seema_Malaka,2024,12,647,Wikimedia Pageviews API monthly per-article
lk_colombo_seema_malaka,Seema Malaka,Seema_Malaka,2025,1,740,Wikimedia Pageviews API monthly per-article
lk_colombo_seema_malaka,Seema Malaka,Seema_Malaka,2025,2,650,Wikimedia Pageviews API monthly per-article
lk_colombo_seema_malaka,Seema Malaka,Seema_Malaka,2025,3,734,Wikimedia Pageviews API monthly per-article
lk_colombo_seema_malaka,Seema Malaka,Seema_Malaka,2025,4,536,Wikimedia Pageviews API monthly per-article
lk_colombo_seema_malaka,Seema Malaka,Seema_Malaka,2025,5,532,Wikimedia Pageviews API monthly per-article
lk_colombo_seema_malaka,Seema Malaka,Seema_Malaka,2025,6,443,Wikimedia Pageviews API monthly per-article
lk_colombo_seema_malaka,Seema Malaka,Seema_Malaka,2025,7,587,Wikimedia Pageviews API monthly per-article
lk_colombo_seema_malaka,Seema Malaka,Seema_Malaka,2025,8,563,Wikimedia Pageviews API monthly per-article
lk_colombo_seema_malaka,Seema Malaka,Seema_Malaka,2025,9,612,Wikimedia Pageviews API monthly per-article
lk_colombo_seema_malaka,Seema Malaka,Seema_Malaka,2025,10,612,Wikimedia Pageviews API monthly per-article
lk_colombo_seema_malaka,Seema Malaka,Seema_Malaka,2025,11,584,Wikimedia Pageviews API monthly per-article
lk_colombo_seema_malaka,Seema Malaka,Seema_Malaka,2025,12,681,Wikimedia Pageviews API monthly per-article
lk_colombo_seema_malaka,Seema Malaka,Seema_Malaka,2026,1,24,Wikimedia Pageviews API monthly per-article
lk_colombo_colombo_lighthouse,Colombo Lighthouse,Colombo_Lighthouse,2024,1,168,Wikimedia Pageviews API monthly per-article
lk_colombo_colombo_lighthouse,Colombo Lighthouse,Colombo_Lighthouse,2024,2,194,Wikimedia Pageviews API monthly per-article
lk_colombo_colombo_lighthouse,Colombo Lighthouse,Colombo_Lighthouse,2024,3,184,Wikimedia Pageviews API monthly per-article
lk_colombo_colombo_lighthouse,Colombo Lighthouse,Colombo_Lighthouse,2024,4,133,Wikimedia Pageviews API monthly per-article
lk_colombo_colombo_lighthouse,Colombo Lighthouse,Colombo_Lighthouse,2024,5,116,Wikimedia Pageviews API monthly per-article
lk_colombo_colombo_lighthouse,Colombo Lighthouse,Colombo_Lighthouse,2024,6,67,Wikimedia Pageviews API monthly per-article
lk_colombo_colombo_lighthouse,Colombo Lighthouse,Colombo_Lighthouse,2024,7,120,Wikimedia Pageviews API monthly per-article
lk_colombo_colombo_lighthouse,Colombo Lighthouse,Colombo_Lighthouse,2024,8,130,Wikimedia Pageviews API monthly per-article
lk_colombo_colombo_lighthouse,Colombo Lighthouse,Colombo_Lighthouse,2024,9,129,Wikimedia Pageviews API monthly per-article
lk_colombo_colombo_lighthouse,Colombo Lighthouse,Colombo_Lighthouse,2024,10,134,Wikimedia Pageviews API monthly per-article
lk_colombo_colombo_lighthouse,Colombo Lighthouse,Colombo_Lighthouse,2024,11,123,Wikimedia Pageviews API monthly per-article
lk_colombo_colombo_lighthouse,Colombo Lighthouse,Colombo_Lighthouse,2024,12,137,Wikimedia Pageviews API monthly per-article
lk_colombo_colombo_lighthouse,Colombo Lighthouse,Colombo_Lighthouse,2025,1,148,Wikimedia Pageviews API monthly per-article
lk_colombo_colombo_lighthouse,Colombo Lighthouse,Colombo_Lighthouse,2025,2,192,Wikimedia Pageviews API monthly per-article
lk_colombo_colombo_lighthouse,Colombo Lighthouse,Colombo_Lighthouse,2025,3,131,Wikimedia Pageviews API monthly per-article
lk_colombo_colombo_lighthouse,Colombo Lighthouse,Colombo_Lighthouse,2025,4,128,Wikimedia Pageviews API monthly per-article
lk_colombo_colombo_lighthouse,Colombo Lighthouse,Colombo_Lighthouse,2025,5,137,Wikimedia Pageviews API monthly per-article
lk_colombo_colombo_lighthouse,Colombo Lighthouse,Colombo_Lighthouse,2025,6,125,Wikimedia Pageviews API monthly per-article
lk_colombo_colombo_lighthouse,Colombo Lighthouse,Colombo_Lighthouse,2025,7,191,Wikimedia Pageviews API monthly per-article
lk_colombo_colombo_lighthouse,Colombo Lighthouse,Colombo_Lighthouse,2025,8,195,Wikimedia Pageviews API monthly per-article
lk_colombo_colombo_lighthouse,Colombo Lighthouse,Colombo_Lighthouse,2025,9,143,Wikimedia Pageviews API monthly per-article
lk_colombo_colombo_lighthouse,Colombo Lighthouse,Colombo_Lighthouse,2025,10,161,Wikimedia Pageviews API monthly per-article
lk_colombo_colombo_lighthouse,Colombo Lighthouse,Colombo_Lighthouse,2025,11,169,Wikimedia Pageviews API monthly per-article
lk_colombo_colombo_lighthouse,Colombo Lighthouse,Colombo_Lighthouse,2025,12,171,Wikimedia Pageviews API monthly per-article
lk_colombo_colombo_lighthouse,Colombo Lighthouse,Colombo_Lighthouse,2026,1,2,Wikimedia Pageviews API monthly per-article
lk_colombo_national_zoological_gardens_of_sri_lanka,National Zoological Gardens of Sri Lanka,National_Zoological_Gardens_of_Sri_Lanka,2024,1,2900,Wikimedia Pageviews API monthly per-article
lk_colombo_national_zoological_gardens_of_sri_lanka,National Zoological Gardens of Sri Lanka,National_Zoological_Gardens_of_Sri_Lanka,2024,2,2673,Wikimedia Pageviews API monthly per-article
lk_colombo_national_zoological_gardens_of_sri_lanka,National Zoological Gardens of Sri Lanka,National_Zoological_Gardens_of_Sri_Lanka,2024,3,2180,Wikimedia Pageviews API monthly per-article
lk_colombo_national_zoological_gardens_of_sri_lanka,National Zoological Gardens of Sri Lanka,National_Zoological_Gardens_of_Sri_Lanka,2024,4,2102,Wikimedia Pageviews API monthly per-article
lk_colombo_national_zoological_gardens_of_sri_lanka,National Zoological Gardens of Sri Lanka,National_Zoological_Gardens_of_Sri_Lanka,2024,5,1140,Wikimedia Pageviews API monthly per-article
lk_colombo_national_zoological_gardens_of_sri_lanka,National Zoological Gardens of Sri Lanka,National_Zoological_Gardens_of_Sri_Lanka,2024,6,773,Wikimedia Pageviews API monthly per-article
lk_colombo_national_zoological_gardens_of_sri_lanka,National Zoological Gardens of Sri Lanka,National_Zoological_Gardens_of_Sri_Lanka,2024,7,1072,Wikimedia Pageviews API monthly per-article
lk_colombo_national_zoological_gardens_of_sri_lanka,National Zoological Gardens of Sri Lanka,National_Zoological_Gardens_of_Sri_Lanka,2024,8,1014,Wikimedia Pageviews API monthly per-article
lk_colombo_national_zoological_gardens_of_sri_lanka,National Zoological Gardens of Sri Lanka,National_Zoological_Gardens_of_Sri_Lanka,2024,9,825,Wikimedia Pageviews API monthly per-article
lk_colombo_national_zoological_gardens_of_sri_lanka,National Zoological Gardens of Sri Lanka,National_Zoological_Gardens_of_Sri_Lanka,2024,10,847,Wikimedia Pageviews API monthly per-article
lk_colombo_national_zoological_gardens_of_sri_lanka,National Zoological Gardens of Sri Lanka,National_Zoological_Gardens_of_Sri_Lanka,2024,11,781,Wikimedia Pageviews API monthly per-article
lk_colombo_national_zoological_gardens_of_sri_lanka,National Zoological Gardens of Sri Lanka,National_Zoological_Gardens_of_Sri_Lanka,2024,12,1101,Wikimedia Pageviews API monthly per-article
lk_colombo_national_zoological_gardens_of_sri_lanka,National Zoological Gardens of Sri Lanka,National_Zoological_Gardens_of_Sri_Lanka,2025,1,1031,Wikimedia Pageviews API monthly per-article
lk_colombo_national_zoological_gardens_of_sri_lanka,National Zoological Gardens of Sri Lanka,National_Zoological_Gardens_of_Sri_Lanka,2025,2,747,Wikimedia Pageviews API monthly per-article
lk_colombo_national_zoological_gardens_of_sri_lanka,National Zoological Gardens of Sri Lanka,National_Zoological_Gardens_of_Sri_Lanka,2025,3,875,Wikimedia Pageviews API monthly per-article
lk_colombo_national_zoological_gardens_of_sri_lanka,National Zoological Gardens of Sri Lanka,National_Zoological_Gardens_of_Sri_Lanka,2025,4,940,Wikimedia Pageviews API monthly per-article
lk_colombo_national_zoological_gardens_of_sri_lanka,National Zoological Gardens of Sri Lanka,National_Zoological_Gardens_of_Sri_Lanka,2025,5,813,Wikimedia Pageviews API monthly per-article
lk_colombo_national_zoological_gardens_of_sri_lanka,National Zoological Gardens of Sri Lanka,National_Zoological_Gardens_of_Sri_Lanka,2025,6,892,Wikimedia Pageviews API monthly per-article
lk_colombo_national_zoological_gardens_of_sri_lanka,National Zoological Gardens of Sri Lanka,National_Zoological_Gardens_of_Sri_Lanka,2025,7,894,Wikimedia Pageviews API monthly per-article
lk_colombo_national_zoological_gardens_of_sri_lanka,National Zoological Gardens of Sri Lanka,National_Zoological_Gardens_of_Sri_Lanka,2025,8,1104,Wikimedia Pageviews API monthly per-article
lk_colombo_national_zoological_gardens_of_sri_lanka,National Zoological Gardens of Sri Lanka,National_Zoological_Gardens_of_Sri_Lanka,2025,9,566,Wikimedia Pageviews API monthly per-article
lk_colombo_national_zoological_gardens_of_sri_lanka,National Zoological Gardens of Sri Lanka,National_Zoological_Gardens_of_Sri_Lanka,2025,10,644,Wikimedia Pageviews API monthly per-article
lk_colombo_national_zoological_gardens_of_sri_lanka,National Zoological Gardens of Sri Lanka,National_Zoological_Gardens_of_Sri_Lanka,2025,11,639,Wikimedia Pageviews API monthly per-article
lk_colombo_national_zoological_gardens_of_sri_lanka,National Zoological Gardens of Sri Lanka,National_Zoological_Gardens_of_Sri_Lanka,2025,12,558,Wikimedia Pageviews API monthly per-article
lk_colombo_national_zoological_gardens_of_sri_lanka,National Zoological Gardens of Sri Lanka,National_Zoological_Gardens_of_Sri_Lanka,2026,1,6,Wikimedia Pageviews API monthly per-article
lk_colombo_old_parliament_building,Old Parliament Building,"Old_Parliament_Building,_Colombo",2024,1,692,Wikimedia Pageviews API monthly per-article
lk_colombo_old_parliament_building,Old Parliament Building,"Old_Parliament_Building,_Colombo",2024,2,678,Wikimedia Pageviews API monthly per-article
lk_colombo_old_parliament_building,Old Parliament Building,"Old_Parliament_Building,_Colombo",2024,3,681,Wikimedia Pageviews API monthly per-article
lk_colombo_old_parliament_building,Old Parliament Building,"Old_Parliament_Building,_Colombo",2024,4,581,Wikimedia Pageviews API monthly per-article
lk_colombo_old_parliament_building,Old Parliament Building,"Old_Parliament_Building,_Colombo",2024,5,520,Wikimedia Pageviews API monthly per-article
lk_colombo_old_parliament_building,Old Parliament Building,"Old_Parliament_Building,_Colombo",2024,6,451,Wikimedia Pageviews API monthly per-article
lk_colombo_old_parliament_building,Old Parliament Building,"Old_Parliament_Building,_Colombo",2024,7,607,Wikimedia Pageviews API monthly per-article
lk_colombo_old_parliament_building,Old Parliament Building,"Old_Parliament_Building,_Colombo",2024,8,643,Wikimedia Pageviews API monthly per-article
lk_colombo_old_parliament_building,Old Parliament Building,"Old_Parliament_Building,_Colombo",2024,9,1021,Wikimedia Pageviews API monthly per-article
lk_colombo_old_parliament_building,Old Parliament Building,"Old_Parliament_Building,_Colombo",2024,10,618,Wikimedia Pageviews API monthly per-article
lk_colombo_old_parliament_building,Old Parliament Building,"Old_Parliament_Building,_Colombo",2024,11,971,Wikimedia Pageviews API monthly per-article
lk_colombo_old_parliament_building,Old Parliament Building,"Old_Parliament_Building,_Colombo",2024,12,748,Wikimedia Pageviews API monthly per-article
lk_colombo_old_parliament_building,Old Parliament Building,"Old_Parliament_Building,_Colombo",2025,1,802,Wikimedia Pageviews API monthly per-article
lk_colombo_old_parliament_building,Old Parliament Building,"Old_Parliament_Building,_Colombo",2025,2,735,Wikimedia Pageviews API monthly per-article
lk_colombo_old_parliament_building,Old Parliament Building,"Old_Parliament_Building,_Colombo",2025,3,697,Wikimedia Pageviews API monthly per-article
lk_colombo_old_parliament_building,Old Parliament Building,"Old_Parliament_Building,_Colombo",2025,4,708,Wikimedia Pageviews API monthly per-article
lk_colombo_old_parliament_building,Old Parliament Building,"Old_Parliament_Building,_Colombo",2025,5,570,Wikimedia Pageviews API monthly per-article
lk_colombo_old_parliament_building,Old Parliament Building,"Old_Parliament_Building,_Colombo",2025,6,441,Wikimedia Pageviews API monthly per-article
lk_colombo_old_parliament_building,Old Parliament Building,"Old_Parliament_Building,_Colombo",2025,7,606,Wikimedia Pageviews API monthly per-article
lk_colombo_old_parliament_building,Old Parliament Building,"Old_Parliament_Building,_Colombo",2025,8,636,Wikimedia Pageviews API monthly per-article
lk_colombo_old_parliament_building,Old Parliament Building,"Old_Parliament_Building,_Colombo",2025,9,510,Wikimedia Pageviews API monthly per-article
lk_colombo_old_parliament_building,Old Parliament Building,"Old_Parliament_Building,_Colombo",2025,10,583,Wikimedia Pageviews API monthly per-article
lk_colombo_old_parliament_building,Old Parliament Building,"Old_Parliament_Building,_Colombo",2025,11,645,Wikimedia Pageviews API monthly per-article
lk_colombo_old_parliament_building,Old Parliament Building,"Old_Parliament_Building,_Colombo",2025,12,529,Wikimedia Pageviews API monthly per-article
lk_colombo_old_parliament_building,Old Parliament Building,"Old_Parliament_Building,_Colombo",2026,1,28,Wikimedia Pageviews API monthly per-article
lk_colombo_pettah_market,Pettah Market,"Pettah,_Sri_Lanka",2024,1,1236,Wikimedia Pageviews API monthly per-article
lk_colombo_pettah_market,Pettah Market,"Pettah,_Sri_Lanka",2024,2,1032,Wikimedia Pageviews API monthly per-article
lk_colombo_pettah_market,Pettah Market,"Pettah,_Sri_Lanka",2024,3,1107,Wikimedia Pageviews API monthly per-article
lk_colombo_pettah_market,Pettah Market,"Pettah,_Sri_Lanka",2024,4,901,Wikimedia Pageviews API monthly per-article
lk_colombo_pettah_market,Pettah Market,"Pettah,_Sri_Lanka",2024,5,672,Wikimedia Pageviews API monthly per-article
lk_colombo_pettah_market,Pettah Market,"Pettah,_Sri_Lanka",2024,6,525,Wikimedia Pageviews API monthly per-article
lk_colombo_pettah_market,Pettah Market,"Pettah,_Sri_Lanka",2024,7,642,Wikimedia Pageviews API monthly per-article
lk_colombo_pettah_market,Pettah Market,"Pettah,_Sri_Lanka",2024,8,599,Wikimedia Pageviews API monthly per-article
lk_colombo_pettah_market,Pettah Market,"Pettah,_Sri_Lanka",2024,9,517,Wikimedia Pageviews API monthly per-article
lk_colombo_pettah_market,Pettah Market,"Pettah,_Sri_Lanka",2024,10,545,Wikimedia Pageviews API monthly per-article
lk_colombo_pettah_market,Pettah Market,"Pettah,_Sri_Lanka",2024,11,535,Wikimedia Pageviews API monthly per-article
lk_colombo_pettah_market,Pettah Market,"Pettah,_Sri_Lanka",2024,12,632,Wikimedia Pageviews API monthly per-article
lk_colombo_pettah_market,Pettah Market,"Pettah,_Sri_Lanka",2025,1,644,Wikimedia Pageviews API monthly per-article
lk_colombo_pettah_market,Pettah Market,"Pettah,_Sri_Lanka",2025,2,674,Wikimedia Pageviews API monthly per-article
lk_colombo_pettah_market,Pettah Market,"Pettah,_Sri_Lanka",2025,3,652,Wikimedia Pageviews API monthly per-article
lk_colombo_pettah_market,Pettah Market,"Pettah,_Sri_Lanka",2025,4,569,Wikimedia Pageviews API monthly per-article
lk_colombo_pettah_market,Pettah Market,"Pettah,_Sri_Lanka",2025,5,455,Wikimedia Pageviews API monthly per-article
lk_colombo_pettah_market,Pettah Market,"Pettah,_Sri_Lanka",2025,6,485,Wikimedia Pageviews API monthly per-article
lk_colombo_pettah_market,Pettah Market,"Pettah,_Sri_Lanka",2025,7,579,Wikimedia Pageviews API monthly per-article
lk_colombo_pettah_market,Pettah Market,"Pettah,_Sri_Lanka",2025,8,727,Wikimedia Pageviews API monthly per-article
lk_colombo_pettah_market,Pettah Market,"Pettah,_Sri_Lanka",2025,9,538,Wikimedia Pageviews API monthly per-article
lk_colombo_pettah_market,Pettah Market,"Pettah,_Sri_Lanka",2025,10,540,Wikimedia Pageviews API monthly per-article
lk_colombo_pettah_market,Pettah Market,"Pettah,_Sri_Lanka",2025,11,554,Wikimedia Pageviews API monthly per-article
lk_colombo_pettah_market,Pettah Market,"Pettah,_Sri_Lanka",2025,12,599,Wikimedia Pageviews API monthly per-article
lk_colombo_pettah_market,Pettah Market,"Pettah,_Sri_Lanka",2026,1,19,Wikimedia Pageviews API monthly per-article
lk_colombo_sambodhi_chaithya,Sambodhi Chaithya,Sambodhi_Chaithya,2024,1,184,Wikimedia Pageviews API monthly per-article
lk_colombo_sambodhi_chaithya,Sambodhi Chaithya,Sambodhi_Chaithya,2024,2,184,Wikimedia Pageviews API monthly per-article
lk_colombo_sambodhi_chaithya,Sambodhi Chaithya,Sambodhi_Chaithya,2024,3,191,Wikimedia Pageviews API monthly per-article
lk_colombo_sambodhi_chaithya,Sambodhi Chaithya,Sambodhi_Chaithya,2024,4,164,Wikimedia Pageviews API monthly per-article
lk_colombo_sambodhi_chaithya,Sambodhi Chaithya,Sambodhi_Chaithya,2024,5,164,Wikimedia Pageviews API monthly per-article
lk_colombo_sambodhi_chaithya,Sambodhi Chaithya,Sambodhi_Chaithya,2024,6,109,Wikimedia Pageviews API monthly per-article
lk_colombo_sambodhi_chaithya,Sambodhi Chaithya,Sambodhi_Chaithya,2024,7,149,Wikimedia Pageviews API monthly per-article
lk_colombo_sambodhi_chaithya,Sambodhi Chaithya,Sambodhi_Chaithya,2024,8,155,Wikimedia Pageviews API monthly per-article
lk_colombo_sambodhi_chaithya,Sambodhi Chaithya,Sambodhi_Chaithya,2024,9,135,Wikimedia Pageviews API monthly per-article
lk_colombo_sambodhi_chaithya,Sambodhi Chaithya,Sambodhi_Chaithya,2024,10,104,Wikimedia Pageviews API monthly per-article
lk_colombo_sambodhi_chaithya,Sambodhi Chaithya,Sambodhi_Chaithya,2024,11,131,Wikimedia Pageviews API monthly per-article
lk_colombo_sambodhi_chaithya,Sambodhi Chaithya,Sambodhi_Chaithya,2024,12,128,Wikimedia Pageviews API monthly per-article
lk_colombo_sambodhi_chaithya,Sambodhi Chaithya,Sambodhi_Chaithya,2025,1,127,Wikimedia Pageviews API monthly per-article
lk_colombo_sambodhi_chaithya,Sambodhi Chaithya,Sambodhi_Chaithya,2025,2,129,Wikimedia Pageviews API monthly per-article
lk_colombo_sambodhi_chaithya,Sambodhi Chaithya,Sambodhi_Chaithya,2025,3,127,Wikimedia Pageviews API monthly per-article
lk_colombo_sambodhi_chaithya,Sambodhi Chaithya,Sambodhi_Chaithya,2025,4,122,Wikimedia Pageviews API monthly per-article
lk_colombo_sambodhi_chaithya,Sambodhi Chaithya,Sambodhi_Chaithya,2025,5,86,Wikimedia Pageviews API monthly per-article
lk_colombo_sambodhi_chaithya,Sambodhi Chaithya,Sambodhi_Chaithya,2025,6,72,Wikimedia Pageviews API monthly per-article
lk_colombo_sambodhi_chaithya,Sambodhi Chaithya,Sambodhi_Chaithya,2025,7,79,Wikimedia Pageviews API monthly per-article
lk_colombo_sambodhi_chaithya,Sambodhi Chaithya,Sambodhi_Chaithya,2025,8,114,Wikimedia Pageviews API monthly per-article
lk_colombo_sambodhi_chaithya,Sambodhi Chaithya,Sambodhi_Chaithya,2025,9,108,Wikimedia Pageviews API monthly per-article
lk_colombo_sambodhi_chaithya,Sambodhi Chaithya,Sambodhi_Chaithya,2025,10,103,Wikimedia Pageviews API monthly per-article
lk_colombo_sambodhi_chaithya,Sambodhi Chaithya,Sambodhi_Chaithya,2025,11,120,Wikimedia Pageviews API monthly per-article
lk_colombo_sambodhi_chaithya,Sambodhi Chaithya,Sambodhi_Chaithya,2025,12,96,Wikimedia Pageviews API monthly per-article
lk_colombo_sambodhi_chaithya,Sambodhi Chaithya,Sambodhi_Chaithya,2026,1,2,Wikimedia Pageviews API monthly per-article
lk_colombo_wolvendaal_church,Wolvendaal Church,Wolvendaal_Church,2024,1,457,Wikimedia Pageviews API monthly per-article
lk_colombo_wolvendaal_church,Wolvendaal Church,Wolvendaal_Church,2024,2,332,Wikimedia Pageviews API monthly per-article
lk_colombo_wolvendaal_church,Wolvendaal Church,Wolvendaal_Church,2024,3,407,Wikimedia Pageviews API monthly per-article
lk_colombo_wolvendaal_church,Wolvendaal Church,Wolvendaal_Church,2024,4,452,Wikimedia Pageviews API monthly per-article
lk_colombo_wolvendaal_church,Wolvendaal Church,Wolvendaal_Church,2024,5,486,Wikimedia Pageviews API monthly per-article
lk_colombo_wolvendaal_church,Wolvendaal Church,Wolvendaal_Church,2024,6,353,Wikimedia Pageviews API monthly per-article
lk_colombo_wolvendaal_church,Wolvendaal Church,Wolvendaal_Church,2024,7,639,Wikimedia Pageviews API monthly per-article
lk_colombo_wolvendaal_church,Wolvendaal Church,Wolvendaal_Church,2024,8,480,Wikimedia Pageviews API monthly per-article
lk_colombo_wolvendaal_church,Wolvendaal Church,Wolvendaal_Church,2024,9,519,Wikimedia Pageviews API monthly per-article
lk_colombo_wolvendaal_church,Wolvendaal Church,Wolvendaal_Church,2024,10,638,Wikimedia Pageviews API monthly per-article
lk_colombo_wolvendaal_church,Wolvendaal Church,Wolvendaal_Church,2024,11,620,Wikimedia Pageviews API monthly per-article
lk_colombo_wolvendaal_church,Wolvendaal Church,Wolvendaal_Church,2024,12,565,Wikimedia Pageviews API monthly per-article
lk_colombo_wolvendaal_church,Wolvendaal Church,Wolvendaal_Church,2025,1,601,Wikimedia Pageviews API monthly per-article
lk_colombo_wolvendaal_church,Wolvendaal Church,Wolvendaal_Church,2025,2,658,Wikimedia Pageviews API monthly per-article
lk_colombo_wolvendaal_church,Wolvendaal Church,Wolvendaal_Church,2025,3,688,Wikimedia Pageviews API monthly per-article
lk_colombo_wolvendaal_church,Wolvendaal Church,Wolvendaal_Church,2025,4,447,Wikimedia Pageviews API monthly per-article
lk_colombo_wolvendaal_church,Wolvendaal Church,Wolvendaal_Church,2025,5,345,Wikimedia Pageviews API monthly per-article
lk_colombo_wolvendaal_church,Wolvendaal Church,Wolvendaal_Church,2025,6,504,Wikimedia Pageviews API monthly per-article
lk_colombo_wolvendaal_church,Wolvendaal Church,Wolvendaal_Church,2025,7,470,Wikimedia Pageviews API monthly per-article
lk_colombo_wolvendaal_church,Wolvendaal Church,Wolvendaal_Church,2025,8,659,Wikimedia Pageviews API monthly per-article
lk_colombo_wolvendaal_church,Wolvendaal Church,Wolvendaal_Church,2025,9,525,Wikimedia Pageviews API monthly per-article
lk_colombo_wolvendaal_church,Wolvendaal Church,Wolvendaal_Church,2025,10,665,Wikimedia Pageviews API monthly per-article
lk_colombo_wolvendaal_church,Wolvendaal Church,Wolvendaal_Church,2025,11,647,Wikimedia Pageviews API monthly per-article
lk_colombo_wolvendaal_church,Wolvendaal Church,Wolvendaal_Church,2025,12,566,Wikimedia Pageviews API monthly per-article
lk_colombo_wolvendaal_church,Wolvendaal Church,Wolvendaal_Church,2026,1,20,Wikimedia Pageviews API monthly per-article
lk_galle_galle_fort,Galle Fort,Galle_Fort,2024,1,9273,Wikimedia Pageviews API monthly per-article
lk_galle_galle_fort,Galle Fort,Galle_Fort,2024,2,8660,Wikimedia Pageviews API monthly per-article
lk_galle_galle_fort,Galle Fort,Galle_Fort,2024,3,8175,Wikimedia Pageviews API monthly per-article
lk_galle_galle_fort,Galle Fort,Galle_Fort,2024,4,6024,Wikimedia Pageviews API monthly per-article
lk_galle_galle_fort,Galle Fort,Galle_Fort,2024,5,4810,Wikimedia Pageviews API monthly per-article
lk_galle_galle_fort,Galle Fort,Galle_Fort,2024,6,4213,Wikimedia Pageviews API monthly per-article
lk_galle_galle_fort,Galle Fort,Galle_Fort,2024,7,5722,Wikimedia Pageviews API monthly per-article
lk_galle_galle_fort,Galle Fort,Galle_Fort,2024,8,5937,Wikimedia Pageviews API monthly per-article
lk_galle_galle_fort,Galle Fort,Galle_Fort,2024,9,7031,Wikimedia Pageviews API monthly per-article
lk_galle_galle_fort,Galle Fort,Galle_Fort,2024,10,6403,Wikimedia Pageviews API monthly per-article
lk_galle_galle_fort,Galle Fort,Galle_Fort,2024,11,6846,Wikimedia Pageviews API monthly per-article
lk_galle_galle_fort,Galle Fort,Galle_Fort,2024,12,7081,Wikimedia Pageviews API monthly per-article
lk_galle_galle_fort,Galle Fort,Galle_Fort,2025,1,14025,Wikimedia Pageviews API monthly per-article
lk_galle_galle_fort,Galle Fort,Galle_Fort,2025,2,15800,Wikimedia Pageviews API monthly per-article
lk_galle_galle_fort,Galle Fort,Galle_Fort,2025,3,7504,Wikimedia Pageviews API monthly per-article
lk_galle_galle_fort,Galle Fort,Galle_Fort,2025,4,5653,Wikimedia Pageviews API monthly per-article
lk_galle_galle_fort,Galle Fort,Galle_Fort,2025,5,4359,Wikimedia Pageviews API monthly per-article
lk_galle_galle_fort,Galle Fort,Galle_Fort,2025,6,4230,Wikimedia Pageviews API monthly per-article
lk_galle_galle_fort,Galle Fort,Galle_Fort,2025,7,4739,Wikimedia Pageviews API monthly per-article
lk_galle_galle_fort,Galle Fort,Galle_Fort,2025,8,5599,Wikimedia Pageviews API monthly per-article
lk_galle_galle_fort,Galle Fort,Galle_Fort,2025,9,4622,Wikimedia Pageviews API monthly per-article
lk_galle_galle_fort,Galle Fort,Galle_Fort,2025,10,4898,Wikimedia Pageviews API monthly per-article
lk_galle_galle_fort,Galle Fort,Galle_Fort,2025,11,4488,Wikimedia Pageviews API monthly per-article
lk_galle_galle_fort,Galle Fort,Galle_Fort,2025,12,4659,Wikimedia Pageviews API monthly per-article
lk_galle_galle_fort,Galle Fort,Galle_Fort,2026,1,222,Wikimedia Pageviews API monthly per-article
lk_galle_hikkaduwa_beach_and_marine_park,Hikkaduwa Beach and Marine Park,Hikkaduwa,2024,1,3314,Wikimedia Pageviews API monthly per-article
lk_galle_hikkaduwa_beach_and_marine_park,Hikkaduwa Beach and Marine Park,Hikkaduwa,2024,2,2290,Wikimedia Pageviews API monthly per-article
lk_galle_hikkaduwa_beach_and_marine_park,Hikkaduwa Beach and Marine Park,Hikkaduwa,2024,3,2040,Wikimedia Pageviews API monthly per-article
lk_galle_hikkaduwa_beach_and_marine_park,Hikkaduwa Beach and Marine Park,Hikkaduwa,2024,4,1716,Wikimedia Pageviews API monthly per-article
lk_galle_hikkaduwa_beach_and_marine_park,Hikkaduwa Beach and Marine Park,Hikkaduwa,2024,5,1155,Wikimedia Pageviews API monthly per-article
lk_galle_hikkaduwa_beach_and_marine_park,Hikkaduwa Beach and Marine Park,Hikkaduwa,2024,6,922,Wikimedia Pageviews API monthly per-article
lk_galle_hikkaduwa_beach_and_marine_park,Hikkaduwa Beach and Marine Park,Hikkaduwa,2024,7,1229,Wikimedia Pageviews API monthly per-article
lk_galle_hikkaduwa_beach_and_marine_park,Hikkaduwa Beach and Marine Park,Hikkaduwa,2024,8,1317,Wikimedia Pageviews API monthly per-article
lk_galle_hikkaduwa_beach_and_marine_park,Hikkaduwa Beach and Marine Park,Hikkaduwa,2024,9,1218,Wikimedia Pageviews API monthly per-article
lk_galle_hikkaduwa_beach_and_marine_park,Hikkaduwa Beach and Marine Park,Hikkaduwa,2024,10,1449,Wikimedia Pageviews API monthly per-article
lk_galle_hikkaduwa_beach_and_marine_park,Hikkaduwa Beach and Marine Park,Hikkaduwa,2024,11,1424,Wikimedia Pageviews API monthly per-article
lk_galle_hikkaduwa_beach_and_marine_park,Hikkaduwa Beach and Marine Park,Hikkaduwa,2024,12,1685,Wikimedia Pageviews API monthly per-article
lk_galle_hikkaduwa_beach_and_marine_park,Hikkaduwa Beach and Marine Park,Hikkaduwa,2025,1,1823,Wikimedia Pageviews API monthly per-article
lk_galle_hikkaduwa_beach_and_marine_park,Hikkaduwa Beach and Marine Park,Hikkaduwa,2025,2,1378,Wikimedia Pageviews API monthly per-article
lk_galle_hikkaduwa_beach_and_marine_park,Hikkaduwa Beach and Marine Park,Hikkaduwa,2025,3,1437,Wikimedia Pageviews API monthly per-article
lk_galle_hikkaduwa_beach_and_marine_park,Hikkaduwa Beach and Marine Park,Hikkaduwa,2025,4,1068,Wikimedia Pageviews API monthly per-article
lk_galle_hikkaduwa_beach_and_marine_park,Hikkaduwa Beach and Marine Park,Hikkaduwa,2025,5,821,Wikimedia Pageviews API monthly per-article
lk_galle_hikkaduwa_beach_and_marine_park,Hikkaduwa Beach and Marine Park,Hikkaduwa,2025,6,764,Wikimedia Pageviews API monthly per-article
lk_galle_hikkaduwa_beach_and_marine_park,Hikkaduwa Beach and Marine Park,Hikkaduwa,2025,7,811,Wikimedia Pageviews API monthly per-article
lk_galle_hikkaduwa_beach_and_marine_park,Hikkaduwa Beach and Marine Park,Hikkaduwa,2025,8,1019,Wikimedia Pageviews API monthly per-article
lk_galle_hikkaduwa_beach_and_marine_park,Hikkaduwa Beach and Marine Park,Hikkaduwa,2025,9,1008,Wikimedia Pageviews API monthly per-article
lk_galle_hikkaduwa_beach_and_marine_park,Hikkaduwa Beach and Marine Park,Hikkaduwa,2025,10,1054,Wikimedia Pageviews API monthly per-article
lk_galle_hikkaduwa_beach_and_marine_park,Hikkaduwa Beach and Marine Park,Hikkaduwa,2025,11,983,Wikimedia Pageviews API monthly per-article
lk_galle_hikkaduwa_beach_and_marine_park,Hikkaduwa Beach and Marine Park,Hikkaduwa,2025,12,1043,Wikimedia Pageviews API monthly per-article
lk_galle_hikkaduwa_beach_and_marine_park,Hikkaduwa Beach and Marine Park,Hikkaduwa,2026,1,40,Wikimedia Pageviews API monthly per-article
lk_colombo_viharamahadevi_park,Viharamahadevi Park,Viharamahadevi_Park,2024,1,1343,Wikimedia Pageviews API monthly per-article
lk_colombo_viharamahadevi_park,Viharamahadevi Park,Viharamahadevi_Park,2024,2,1178,Wikimedia Pageviews API monthly per-article
lk_colombo_viharamahadevi_park,Viharamahadevi Park,Viharamahadevi_Park,2024,3,1104,Wikimedia Pageviews API monthly per-article
lk_colombo_viharamahadevi_park,Viharamahadevi Park,Viharamahadevi_Park,2024,4,1034,Wikimedia Pageviews API monthly per-article
lk_colombo_viharamahadevi_park,Viharamahadevi Park,Viharamahadevi_Park,2024,5,702,Wikimedia Pageviews API monthly per-article
lk_colombo_viharamahadevi_park,Viharamahadevi Park,Viharamahadevi_Park,2024,6,505,Wikimedia Pageviews API monthly per-article
lk_colombo_viharamahadevi_park,Viharamahadevi Park,Viharamahadevi_Park,2024,7,524,Wikimedia Pageviews API monthly per-article
lk_colombo_viharamahadevi_park,Viharamahadevi Park,Viharamahadevi_Park,2024,8,567,Wikimedia Pageviews API monthly per-article
lk_colombo_viharamahadevi_park,Viharamahadevi Park,Viharamahadevi_Park,2024,9,569,Wikimedia Pageviews API monthly per-article
lk_colombo_viharamahadevi_park,Viharamahadevi Park,Viharamahadevi_Park,2024,10,595,Wikimedia Pageviews API monthly per-article
lk_colombo_viharamahadevi_park,Viharamahadevi Park,Viharamahadevi_Park,2024,11,651,Wikimedia Pageviews API monthly per-article
lk_colombo_viharamahadevi_park,Viharamahadevi Park,Viharamahadevi_Park,2024,12,685,Wikimedia Pageviews API monthly per-article
lk_colombo_viharamahadevi_park,Viharamahadevi Park,Viharamahadevi_Park,2025,1,658,Wikimedia Pageviews API monthly per-article
lk_colombo_viharamahadevi_park,Viharamahadevi Park,Viharamahadevi_Park,2025,2,677,Wikimedia Pageviews API monthly per-article
lk_colombo_viharamahadevi_park,Viharamahadevi Park,Viharamahadevi_Park,2025,3,659,Wikimedia Pageviews API monthly per-article
lk_colombo_viharamahadevi_park,Viharamahadevi Park,Viharamahadevi_Park,2025,4,494,Wikimedia Pageviews API monthly per-article
lk_colombo_viharamahadevi_park,Viharamahadevi Park,Viharamahadevi_Park,2025,5,558,Wikimedia Pageviews API monthly per-article
lk_colombo_viharamahadevi_park,Viharamahadevi Park,Viharamahadevi_Park,2025,6,533,Wikimedia Pageviews API monthly per-article
lk_colombo_viharamahadevi_park,Viharamahadevi Park,Viharamahadevi_Park,2025,7,585,Wikimedia Pageviews API monthly per-article
lk_colombo_viharamahadevi_park,Viharamahadevi Park,Viharamahadevi_Park,2025,8,635,Wikimedia Pageviews API monthly per-article
lk_colombo_viharamahadevi_park,Viharamahadevi Park,Viharamahadevi_Park,2025,9,484,Wikimedia Pageviews API monthly per-article
lk_colombo_viharamahadevi_park,Viharamahadevi Park,Viharamahadevi_Park,2025,10,474,Wikimedia Pageviews API monthly per-article
lk_colombo_viharamahadevi_park,Viharamahadevi Park,Viharamahadevi_Park,2025,11,504,Wikimedia Pageviews API monthly per-article
lk_colombo_viharamahadevi_park,Viharamahadevi Park,Viharamahadevi_Park,2025,12,504,Wikimedia Pageviews API monthly per-article
lk_colombo_viharamahadevi_park,Viharamahadevi Park,Viharamahadevi_Park,2026,1,16,Wikimedia Pageviews API monthly per-article
lk_galle_unawatuna_beach,Unawatuna Beach,Unawatuna,2024,1,2822,Wikimedia Pageviews API monthly per-article
lk_galle_unawatuna_beach,Unawatuna Beach,Unawatuna,2024,2,2214,Wikimedia Pageviews API monthly per-article
lk_galle_unawatuna_beach,Unawatuna Beach,Unawatuna,2024,3,1922,Wikimedia Pageviews API monthly per-article
lk_galle_unawatuna_beach,Unawatuna Beach,Unawatuna,2024,4,1472,Wikimedia Pageviews API monthly per-article
lk_galle_unawatuna_beach,Unawatuna Beach,Unawatuna,2024,5,1176,Wikimedia Pageviews API monthly per-article
lk_galle_unawatuna_beach,Unawatuna Beach,Unawatuna,2024,6,822,Wikimedia Pageviews API monthly per-article
lk_galle_unawatuna_beach,Unawatuna Beach,Unawatuna,2024,7,1082,Wikimedia Pageviews API monthly per-article
lk_galle_unawatuna_beach,Unawatuna Beach,Unawatuna,2024,8,1217,Wikimedia Pageviews API monthly per-article
lk_galle_unawatuna_beach,Unawatuna Beach,Unawatuna,2024,9,1176,Wikimedia Pageviews API monthly per-article
lk_galle_unawatuna_beach,Unawatuna Beach,Unawatuna,2024,10,1282,Wikimedia Pageviews API monthly per-article
lk_galle_unawatuna_beach,Unawatuna Beach,Unawatuna,2024,11,2004,Wikimedia Pageviews API monthly per-article
lk_galle_unawatuna_beach,Unawatuna Beach,Unawatuna,2024,12,4219,Wikimedia Pageviews API monthly per-article
lk_galle_unawatuna_beach,Unawatuna Beach,Unawatuna,2025,1,4261,Wikimedia Pageviews API monthly per-article
lk_galle_unawatuna_beach,Unawatuna Beach,Unawatuna,2025,2,2027,Wikimedia Pageviews API monthly per-article
lk_galle_unawatuna_beach,Unawatuna Beach,Unawatuna,2025,3,2072,Wikimedia Pageviews API monthly per-article
lk_galle_unawatuna_beach,Unawatuna Beach,Unawatuna,2025,4,1465,Wikimedia Pageviews API monthly per-article
lk_galle_unawatuna_beach,Unawatuna Beach,Unawatuna,2025,5,1182,Wikimedia Pageviews API monthly per-article
lk_galle_unawatuna_beach,Unawatuna Beach,Unawatuna,2025,6,1203,Wikimedia Pageviews API monthly per-article
lk_galle_unawatuna_beach,Unawatuna Beach,Unawatuna,2025,7,1282,Wikimedia Pageviews API monthly per-article
lk_galle_unawatuna_beach,Unawatuna Beach,Unawatuna,2025,8,1384,Wikimedia Pageviews API monthly per-article
lk_galle_unawatuna_beach,Unawatuna Beach,Unawatuna,2025,9,1236,Wikimedia Pageviews API monthly per-article
lk_galle_unawatuna_beach,Unawatuna Beach,Unawatuna,2025,10,1249,Wikimedia Pageviews API monthly per-article
lk_galle_unawatuna_beach,Unawatuna Beach,Unawatuna,2025,11,1263,Wikimedia Pageviews API monthly per-article
lk_galle_unawatuna_beach,Unawatuna Beach,Unawatuna,2025,12,1541,Wikimedia Pageviews API monthly per-article
lk_galle_unawatuna_beach,Unawatuna Beach,Unawatuna,2026,1,58,Wikimedia Pageviews API monthly per-article
lk_galle_galle_lighthouse,Galle Lighthouse,Galle_Lighthouse,2024,1,483,Wikimedia Pageviews API monthly per-article
lk_galle_galle_lighthouse,Galle Lighthouse,Galle_Lighthouse,2024,2,500,Wikimedia Pageviews API monthly per-article
lk_galle_galle_lighthouse,Galle Lighthouse,Galle_Lighthouse,2024,3,529,Wikimedia Pageviews API monthly per-article
lk_galle_galle_lighthouse,Galle Lighthouse,Galle_Lighthouse,2024,4,379,Wikimedia Pageviews API monthly per-article
lk_galle_galle_lighthouse,Galle Lighthouse,Galle_Lighthouse,2024,5,350,Wikimedia Pageviews API monthly per-article
lk_galle_galle_lighthouse,Galle Lighthouse,Galle_Lighthouse,2024,6,238,Wikimedia Pageviews API monthly per-article
lk_galle_galle_lighthouse,Galle Lighthouse,Galle_Lighthouse,2024,7,311,Wikimedia Pageviews API monthly per-article
lk_galle_galle_lighthouse,Galle Lighthouse,Galle_Lighthouse,2024,8,335,Wikimedia Pageviews API monthly per-article
lk_galle_galle_lighthouse,Galle Lighthouse,Galle_Lighthouse,2024,9,347,Wikimedia Pageviews API monthly per-article
lk_galle_galle_lighthouse,Galle Lighthouse,Galle_Lighthouse,2024,10,385,Wikimedia Pageviews API monthly per-article
lk_galle_galle_lighthouse,Galle Lighthouse,Galle_Lighthouse,2024,11,375,Wikimedia Pageviews API monthly per-article
lk_galle_galle_lighthouse,Galle Lighthouse,Galle_Lighthouse,2024,12,449,Wikimedia Pageviews API monthly per-article
lk_galle_galle_lighthouse,Galle Lighthouse,Galle_Lighthouse,2025,1,557,Wikimedia Pageviews API monthly per-article
lk_galle_galle_lighthouse,Galle Lighthouse,Galle_Lighthouse,2025,2,523,Wikimedia Pageviews API monthly per-article
lk_galle_galle_lighthouse,Galle Lighthouse,Galle_Lighthouse,2025,3,518,Wikimedia Pageviews API monthly per-article
lk_galle_galle_lighthouse,Galle Lighthouse,Galle_Lighthouse,2025,4,381,Wikimedia Pageviews API monthly per-article
lk_galle_galle_lighthouse,Galle Lighthouse,Galle_Lighthouse,2025,5,313,Wikimedia Pageviews API monthly per-article
lk_galle_galle_lighthouse,Galle Lighthouse,Galle_Lighthouse,2025,6,272,Wikimedia Pageviews API monthly per-article
lk_galle_galle_lighthouse,Galle Lighthouse,Galle_Lighthouse,2025,7,272,Wikimedia Pageviews API monthly per-article
lk_galle_galle_lighthouse,Galle Lighthouse,Galle_Lighthouse,2025,8,327,Wikimedia Pageviews API monthly per-article
lk_galle_galle_lighthouse,Galle Lighthouse,Galle_Lighthouse,2025,9,343,Wikimedia Pageviews API monthly per-article
lk_galle_galle_lighthouse,Galle Lighthouse,Galle_Lighthouse,2025,10,332,Wikimedia Pageviews API monthly per-article
lk_galle_galle_lighthouse,Galle Lighthouse,Galle_Lighthouse,2025,11,320,Wikimedia Pageviews API monthly per-article
lk_galle_galle_lighthouse,Galle Lighthouse,Galle_Lighthouse,2025,12,369,Wikimedia Pageviews API monthly per-article
lk_galle_galle_lighthouse,Galle Lighthouse,Galle_Lighthouse,2026,1,8,Wikimedia Pageviews API monthly per-article
lk_galle_ahangama_beach,Ahangama Beach,Ahangama,2024,1,1414,Wikimedia Pageviews API monthly per-article
lk_galle_ahangama_beach,Ahangama Beach,Ahangama,2024,2,1124,Wikimedia Pageviews API monthly per-article
lk_galle_ahangama_beach,Ahangama Beach,Ahangama,2024,3,1094,Wikimedia Pageviews API monthly per-article
lk_galle_ahangama_beach,Ahangama Beach,Ahangama,2024,4,847,Wikimedia Pageviews API monthly per-article
lk_galle_ahangama_beach,Ahangama Beach,Ahangama,2024,5,499,Wikimedia Pageviews API monthly per-article
lk_galle_ahangama_beach,Ahangama Beach,Ahangama,2024,6,483,Wikimedia Pageviews API monthly per-article
lk_galle_ahangama_beach,Ahangama Beach,Ahangama,2024,7,441,Wikimedia Pageviews API monthly per-article
lk_galle_ahangama_beach,Ahangama Beach,Ahangama,2024,8,552,Wikimedia Pageviews API monthly per-article
lk_galle_ahangama_beach,Ahangama Beach,Ahangama,2024,9,489,Wikimedia Pageviews API monthly per-article
lk_galle_ahangama_beach,Ahangama Beach,Ahangama,2024,10,657,Wikimedia Pageviews API monthly per-article
lk_galle_ahangama_beach,Ahangama Beach,Ahangama,2024,11,730,Wikimedia Pageviews API monthly per-article
lk_galle_ahangama_beach,Ahangama Beach,Ahangama,2024,12,1172,Wikimedia Pageviews API monthly per-article
lk_galle_ahangama_beach,Ahangama Beach,Ahangama,2025,1,1406,Wikimedia Pageviews API monthly per-article
lk_galle_ahangama_beach,Ahangama Beach,Ahangama,2025,2,1196,Wikimedia Pageviews API monthly per-article
lk_galle_ahangama_beach,Ahangama Beach,Ahangama,2025,3,1111,Wikimedia Pageviews API monthly per-article
lk_galle_ahangama_beach,Ahangama Beach,Ahangama,2025,4,855,Wikimedia Pageviews API monthly per-article
lk_galle_ahangama_beach,Ahangama Beach,Ahangama,2025,5,591,Wikimedia Pageviews API monthly per-article
lk_galle_ahangama_beach,Ahangama Beach,Ahangama,2025,6,583,Wikimedia Pageviews API monthly per-article
lk_galle_ahangama_beach,Ahangama Beach,Ahangama,2025,7,733,Wikimedia Pageviews API monthly per-article
lk_galle_ahangama_beach,Ahangama Beach,Ahangama,2025,8,750,Wikimedia Pageviews API monthly per-article
lk_galle_ahangama_beach,Ahangama Beach,Ahangama,2025,9,615,Wikimedia Pageviews API monthly per-article
lk_galle_ahangama_beach,Ahangama Beach,Ahangama,2025,10,653,Wikimedia Pageviews API monthly per-article
lk_galle_ahangama_beach,Ahangama Beach,Ahangama,2025,11,771,Wikimedia Pageviews API monthly per-article
lk_galle_ahangama_beach,Ahangama Beach,Ahangama,2025,12,727,Wikimedia Pageviews API monthly per-article
lk_galle_ahangama_beach,Ahangama Beach,Ahangama,2026,1,26,Wikimedia Pageviews API monthly per-article
lk_galle_balapitiya_beach,Balapitiya Beach,Balapitiya,2024,1,534,Wikimedia Pageviews API monthly per-article
lk_galle_balapitiya_beach,Balapitiya Beach,Balapitiya,2024,2,469,Wikimedia Pageviews API monthly per-article
lk_galle_balapitiya_beach,Balapitiya Beach,Balapitiya,2024,3,468,Wikimedia Pageviews API monthly per-article
lk_galle_balapitiya_beach,Balapitiya Beach,Balapitiya,2024,4,361,Wikimedia Pageviews API monthly per-article
lk_galle_balapitiya_beach,Balapitiya Beach,Balapitiya,2024,5,303,Wikimedia Pageviews API monthly per-article
lk_galle_balapitiya_beach,Balapitiya Beach,Balapitiya,2024,6,275,Wikimedia Pageviews API monthly per-article
lk_galle_balapitiya_beach,Balapitiya Beach,Balapitiya,2024,7,497,Wikimedia Pageviews API monthly per-article
lk_galle_balapitiya_beach,Balapitiya Beach,Balapitiya,2024,8,527,Wikimedia Pageviews API monthly per-article
lk_galle_balapitiya_beach,Balapitiya Beach,Balapitiya,2024,9,521,Wikimedia Pageviews API monthly per-article
lk_galle_balapitiya_beach,Balapitiya Beach,Balapitiya,2024,10,270,Wikimedia Pageviews API monthly per-article
lk_galle_balapitiya_beach,Balapitiya Beach,Balapitiya,2024,11,390,Wikimedia Pageviews API monthly per-article
lk_galle_balapitiya_beach,Balapitiya Beach,Balapitiya,2024,12,351,Wikimedia Pageviews API monthly per-article
lk_galle_balapitiya_beach,Balapitiya Beach,Balapitiya,2025,1,589,Wikimedia Pageviews API monthly per-article
lk_galle_balapitiya_beach,Balapitiya Beach,Balapitiya,2025,2,604,Wikimedia Pageviews API monthly per-article
lk_galle_balapitiya_beach,Balapitiya Beach,Balapitiya,2025,3,386,Wikimedia Pageviews API monthly per-article
lk_galle_balapitiya_beach,Balapitiya Beach,Balapitiya,2025,4,284,Wikimedia Pageviews API monthly per-article
lk_galle_balapitiya_beach,Balapitiya Beach,Balapitiya,2025,5,290,Wikimedia Pageviews API monthly per-article
lk_galle_balapitiya_beach,Balapitiya Beach,Balapitiya,2025,6,483,Wikimedia Pageviews API monthly per-article
lk_galle_balapitiya_beach,Balapitiya Beach,Balapitiya,2025,7,460,Wikimedia Pageviews API monthly per-article
lk_galle_balapitiya_beach,Balapitiya Beach,Balapitiya,2025,8,394,Wikimedia Pageviews API monthly per-article
lk_galle_balapitiya_beach,Balapitiya Beach,Balapitiya,2025,9,413,Wikimedia Pageviews API monthly per-article
lk_galle_balapitiya_beach,Balapitiya Beach,Balapitiya,2025,10,440,Wikimedia Pageviews API monthly per-article
lk_galle_balapitiya_beach,Balapitiya Beach,Balapitiya,2025,11,386,Wikimedia Pageviews API monthly per-article
lk_galle_balapitiya_beach,Balapitiya Beach,Balapitiya,2025,12,446,Wikimedia Pageviews API monthly per-article
lk_galle_balapitiya_beach,Balapitiya Beach,Balapitiya,2026,1,14,Wikimedia Pageviews API monthly per-article
lk_galle_handunugoda_tea_estate,Handunugoda Tea Estate,Handunugoda_Tea_Estate,2024,1,0,Wikimedia Pageviews API monthly per-article
lk_galle_handunugoda_tea_estate,Handunugoda Tea Estate,Handunugoda_Tea_Estate,2024,2,0,Wikimedia Pageviews API monthly per-article
lk_galle_handunugoda_tea_estate,Handunugoda Tea Estate,Handunugoda_Tea_Estate,2024,4,0,Wikimedia Pageviews API monthly per-article
lk_galle_handunugoda_tea_estate,Handunugoda Tea Estate,Handunugoda_Tea_Estate,2024,6,0,Wikimedia Pageviews API monthly per-article
lk_galle_handunugoda_tea_estate,Handunugoda Tea Estate,Handunugoda_Tea_Estate,2024,9,0,Wikimedia Pageviews API monthly per-article
lk_galle_handunugoda_tea_estate,Handunugoda Tea Estate,Handunugoda_Tea_Estate,2024,10,1,Wikimedia Pageviews API monthly per-article
lk_galle_handunugoda_tea_estate,Handunugoda Tea Estate,Handunugoda_Tea_Estate,2025,6,0,Wikimedia Pageviews API monthly per-article
lk_galle_handunugoda_tea_estate,Handunugoda Tea Estate,Handunugoda_Tea_Estate,2025,9,0,Wikimedia Pageviews API monthly per-article
lk_galle_handunugoda_tea_estate,Handunugoda Tea Estate,Handunugoda_Tea_Estate,2025,10,1,Wikimedia Pageviews API monthly per-article
lk_galle_handunugoda_tea_estate,Handunugoda Tea Estate,Handunugoda_Tea_Estate,2025,11,0,Wikimedia Pageviews API monthly per-article
lk_galle_kanneliya_forest_reserve,Kanneliya Forest Reserve,Kanneliya-Dediyagala-Nakiyadeniya,2024,1,27,Wikimedia Pageviews API monthly per-article
lk_galle_kanneliya_forest_reserve,Kanneliya Forest Reserve,Kanneliya-Dediyagala-Nakiyadeniya,2024,2,20,Wikimedia Pageviews API monthly per-article
lk_galle_kanneliya_forest_reserve,Kanneliya Forest Reserve,Kanneliya-Dediyagala-Nakiyadeniya,2024,3,23,Wikimedia Pageviews API monthly per-article
lk_galle_kanneliya_forest_reserve,Kanneliya Forest Reserve,Kanneliya-Dediyagala-Nakiyadeniya,2024,4,29,Wikimedia Pageviews API monthly per-article
lk_galle_kanneliya_forest_reserve,Kanneliya Forest Reserve,Kanneliya-Dediyagala-Nakiyadeniya,2024,5,21,Wikimedia Pageviews API monthly per-article
lk_galle_kanneliya_forest_reserve,Kanneliya Forest Reserve,Kanneliya-Dediyagala-Nakiyadeniya,2024,6,25,Wikimedia Pageviews API monthly per-article
lk_galle_kanneliya_forest_reserve,Kanneliya Forest Reserve,Kanneliya-Dediyagala-Nakiyadeniya,2024,7,28,Wikimedia Pageviews API monthly per-article
lk_galle_kanneliya_forest_reserve,Kanneliya Forest Reserve,Kanneliya-Dediyagala-Nakiyadeniya,2024,8,31,Wikimedia Pageviews API monthly per-article
lk_galle_kanneliya_forest_reserve,Kanneliya Forest Reserve,Kanneliya-Dediyagala-Nakiyadeniya,2024,9,36,Wikimedia Pageviews API monthly per-article
lk_galle_kanneliya_forest_reserve,Kanneliya Forest Reserve,Kanneliya-Dediyagala-Nakiyadeniya,2024,10,35,Wikimedia Pageviews API monthly per-article
lk_galle_kanneliya_forest_reserve,Kanneliya Forest Reserve,Kanneliya-Dediyagala-Nakiyadeniya,2024,11,52,Wikimedia Pageviews API monthly per-article
lk_galle_kanneliya_forest_reserve,Kanneliya Forest Reserve,Kanneliya-Dediyagala-Nakiyadeniya,2024,12,39,Wikimedia Pageviews API monthly per-article
lk_galle_kanneliya_forest_reserve,Kanneliya Forest Reserve,Kanneliya-Dediyagala-Nakiyadeniya,2025,1,38,Wikimedia Pageviews API monthly per-article
lk_galle_kanneliya_forest_reserve,Kanneliya Forest Reserve,Kanneliya-Dediyagala-Nakiyadeniya,2025,2,35,Wikimedia Pageviews API monthly per-article
lk_galle_kanneliya_forest_reserve,Kanneliya Forest Reserve,Kanneliya-Dediyagala-Nakiyadeniya,2025,3,53,Wikimedia Pageviews API monthly per-article
lk_galle_kanneliya_forest_reserve,Kanneliya Forest Reserve,Kanneliya-Dediyagala-Nakiyadeniya,2025,4,43,Wikimedia Pageviews API monthly per-article
lk_galle_kanneliya_forest_reserve,Kanneliya Forest Reserve,Kanneliya-Dediyagala-Nakiyadeniya,2025,5,45,Wikimedia Pageviews API monthly per-article
lk_galle_kanneliya_forest_reserve,Kanneliya Forest Reserve,Kanneliya-Dediyagala-Nakiyadeniya,2025,6,48,Wikimedia Pageviews API monthly per-article
lk_galle_kanneliya_forest_reserve,Kanneliya Forest Reserve,Kanneliya-Dediyagala-Nakiyadeniya,2025,7,43,Wikimedia Pageviews API monthly per-article
lk_galle_kanneliya_forest_reserve,Kanneliya Forest Reserve,Kanneliya-Dediyagala-Nakiyadeniya,2025,8,41,Wikimedia Pageviews API monthly per-article
lk_galle_kanneliya_forest_reserve,Kanneliya Forest Reserve,Kanneliya-Dediyagala-Nakiyadeniya,2025,9,38,Wikimedia Pageviews API monthly per-article
lk_galle_kanneliya_forest_reserve,Kanneliya Forest Reserve,Kanneliya-Dediyagala-Nakiyadeniya,2025,10,46,Wikimedia Pageviews API monthly per-article
lk_galle_kanneliya_forest_reserve,Kanneliya Forest Reserve,Kanneliya-Dediyagala-Nakiyadeniya,2025,11,32,Wikimedia Pageviews API monthly per-article
lk_galle_kanneliya_forest_reserve,Kanneliya Forest Reserve,Kanneliya-Dediyagala-Nakiyadeniya,2025,12,31,Wikimedia Pageviews API monthly per-article
lk_galle_kanneliya_forest_reserve,Kanneliya Forest Reserve,Kanneliya-Dediyagala-Nakiyadeniya,2026,1,0,Wikimedia Pageviews API monthly per-article
lk_galle_koggala_lake,Koggala Lake,Koggala_Lake,2024,1,16,Wikimedia Pageviews API monthly per-article
lk_galle_koggala_lake,Koggala Lake,Koggala_Lake,2024,2,13,Wikimedia Pageviews API monthly per-article
lk_galle_koggala_lake,Koggala Lake,Koggala_Lake,2024,3,11,Wikimedia Pageviews API monthly per-article
lk_galle_koggala_lake,Koggala Lake,Koggala_Lake,2024,4,65,Wikimedia Pageviews API monthly per-article
lk_galle_koggala_lake,Koggala Lake,Koggala_Lake,2024,5,8,Wikimedia Pageviews API monthly per-article
lk_galle_koggala_lake,Koggala Lake,Koggala_Lake,2024,6,12,Wikimedia Pageviews API monthly per-article
lk_galle_koggala_lake,Koggala Lake,Koggala_Lake,2024,7,8,Wikimedia Pageviews API monthly per-article
lk_galle_koggala_lake,Koggala Lake,Koggala_Lake,2024,8,11,Wikimedia Pageviews API monthly per-article
lk_galle_koggala_lake,Koggala Lake,Koggala_Lake,2024,9,5,Wikimedia Pageviews API monthly per-article
lk_galle_koggala_lake,Koggala Lake,Koggala_Lake,2024,10,16,Wikimedia Pageviews API monthly per-article
lk_galle_koggala_lake,Koggala Lake,Koggala_Lake,2024,11,15,Wikimedia Pageviews API monthly per-article
lk_galle_koggala_lake,Koggala Lake,Koggala_Lake,2024,12,18,Wikimedia Pageviews API monthly per-article
lk_galle_koggala_lake,Koggala Lake,Koggala_Lake,2025,1,17,Wikimedia Pageviews API monthly per-article
lk_galle_koggala_lake,Koggala Lake,Koggala_Lake,2025,2,18,Wikimedia Pageviews API monthly per-article
lk_galle_koggala_lake,Koggala Lake,Koggala_Lake,2025,3,9,Wikimedia Pageviews API monthly per-article
lk_galle_koggala_lake,Koggala Lake,Koggala_Lake,2025,4,22,Wikimedia Pageviews API monthly per-article
lk_galle_koggala_lake,Koggala Lake,Koggala_Lake,2025,5,13,Wikimedia Pageviews API monthly per-article
lk_galle_koggala_lake,Koggala Lake,Koggala_Lake,2025,6,5,Wikimedia Pageviews API monthly per-article
lk_galle_koggala_lake,Koggala Lake,Koggala_Lake,2025,7,13,Wikimedia Pageviews API monthly per-article
lk_galle_koggala_lake,Koggala Lake,Koggala_Lake,2025,8,14,Wikimedia Pageviews API monthly per-article
lk_galle_koggala_lake,Koggala Lake,Koggala_Lake,2025,9,15,Wikimedia Pageviews API monthly per-article
lk_galle_koggala_lake,Koggala Lake,Koggala_Lake,2025,10,14,Wikimedia Pageviews API monthly per-article
lk_galle_koggala_lake,Koggala Lake,Koggala_Lake,2025,11,10,Wikimedia Pageviews API monthly per-article
lk_galle_koggala_lake,Koggala Lake,Koggala_Lake,2025,12,24,Wikimedia Pageviews API monthly per-article
lk_galle_koggala_lake,Koggala Lake,Koggala_Lake,2026,1,2,Wikimedia Pageviews API monthly per-article
lk_galle_kosgoda_turtle_hatchery,Kosgoda Turtle Hatchery,Kosgoda,2024,1,487,Wikimedia Pageviews API monthly per-article
lk_galle_kosgoda_turtle_hatchery,Kosgoda Turtle Hatchery,Kosgoda,2024,2,359,Wikimedia Pageviews API monthly per-article
lk_galle_kosgoda_turtle_hatchery,Kosgoda Turtle Hatchery,Kosgoda,2024,3,373,Wikimedia Pageviews API monthly per-article
lk_galle_kosgoda_turtle_hatchery,Kosgoda Turtle Hatchery,Kosgoda,2024,4,256,Wikimedia Pageviews API monthly per-article
lk_galle_kosgoda_turtle_hatchery,Kosgoda Turtle Hatchery,Kosgoda,2024,5,214,Wikimedia Pageviews API monthly per-article
lk_galle_kosgoda_turtle_hatchery,Kosgoda Turtle Hatchery,Kosgoda,2024,6,160,Wikimedia Pageviews API monthly per-article
lk_galle_kosgoda_turtle_hatchery,Kosgoda Turtle Hatchery,Kosgoda,2024,7,199,Wikimedia Pageviews API monthly per-article
lk_galle_kosgoda_turtle_hatchery,Kosgoda Turtle Hatchery,Kosgoda,2024,8,207,Wikimedia Pageviews API monthly per-article
lk_galle_kosgoda_turtle_hatchery,Kosgoda Turtle Hatchery,Kosgoda,2024,9,175,Wikimedia Pageviews API monthly per-article
lk_galle_kosgoda_turtle_hatchery,Kosgoda Turtle Hatchery,Kosgoda,2024,10,186,Wikimedia Pageviews API monthly per-article
lk_galle_kosgoda_turtle_hatchery,Kosgoda Turtle Hatchery,Kosgoda,2024,11,225,Wikimedia Pageviews API monthly per-article
lk_galle_kosgoda_turtle_hatchery,Kosgoda Turtle Hatchery,Kosgoda,2024,12,260,Wikimedia Pageviews API monthly per-article
lk_galle_kosgoda_turtle_hatchery,Kosgoda Turtle Hatchery,Kosgoda,2025,1,327,Wikimedia Pageviews API monthly per-article
lk_galle_kosgoda_turtle_hatchery,Kosgoda Turtle Hatchery,Kosgoda,2025,2,274,Wikimedia Pageviews API monthly per-article
lk_galle_kosgoda_turtle_hatchery,Kosgoda Turtle Hatchery,Kosgoda,2025,3,311,Wikimedia Pageviews API monthly per-article
lk_galle_kosgoda_turtle_hatchery,Kosgoda Turtle Hatchery,Kosgoda,2025,4,238,Wikimedia Pageviews API monthly per-article
lk_galle_kosgoda_turtle_hatchery,Kosgoda Turtle Hatchery,Kosgoda,2025,5,201,Wikimedia Pageviews API monthly per-article
lk_galle_kosgoda_turtle_hatchery,Kosgoda Turtle Hatchery,Kosgoda,2025,6,160,Wikimedia Pageviews API monthly per-article
lk_galle_kosgoda_turtle_hatchery,Kosgoda Turtle Hatchery,Kosgoda,2025,7,201,Wikimedia Pageviews API monthly per-article
lk_galle_kosgoda_turtle_hatchery,Kosgoda Turtle Hatchery,Kosgoda,2025,8,251,Wikimedia Pageviews API monthly per-article
lk_galle_kosgoda_turtle_hatchery,Kosgoda Turtle Hatchery,Kosgoda,2025,9,201,Wikimedia Pageviews API monthly per-article
lk_galle_kosgoda_turtle_hatchery,Kosgoda Turtle Hatchery,Kosgoda,2025,10,273,Wikimedia Pageviews API monthly per-article
lk_galle_kosgoda_turtle_hatchery,Kosgoda Turtle Hatchery,Kosgoda,2025,11,250,Wikimedia Pageviews API monthly per-article
lk_galle_kosgoda_turtle_hatchery,Kosgoda Turtle Hatchery,Kosgoda,2025,12,223,Wikimedia Pageviews API monthly per-article
lk_galle_kosgoda_turtle_hatchery,Kosgoda Turtle Hatchery,Kosgoda,2026,1,8,Wikimedia Pageviews API monthly per-article
lk_galle_national_museum_of_galle,National Museum of Galle,National_Museum_of_Galle,2024,1,229,Wikimedia Pageviews API monthly per-article
lk_galle_national_museum_of_galle,National Museum of Galle,National_Museum_of_Galle,2024,2,192,Wikimedia Pageviews API monthly per-article
lk_galle_national_museum_of_galle,National Museum of Galle,National_Museum_of_Galle,2024,3,219,Wikimedia Pageviews API monthly per-article
lk_galle_national_museum_of_galle,National Museum of Galle,National_Museum_of_Galle,2024,4,149,Wikimedia Pageviews API monthly per-article
lk_galle_national_museum_of_galle,National Museum of Galle,National_Museum_of_Galle,2024,5,96,Wikimedia Pageviews API monthly per-article
lk_galle_national_museum_of_galle,National Museum of Galle,National_Museum_of_Galle,2024,6,73,Wikimedia Pageviews API monthly per-article
lk_galle_national_museum_of_galle,National Museum of Galle,National_Museum_of_Galle,2024,7,119,Wikimedia Pageviews API monthly per-article
lk_galle_national_museum_of_galle,National Museum of Galle,National_Museum_of_Galle,2024,8,125,Wikimedia Pageviews API monthly per-article
lk_galle_national_museum_of_galle,National Museum of Galle,National_Museum_of_Galle,2024,9,228,Wikimedia Pageviews API monthly per-article
lk_galle_national_museum_of_galle,National Museum of Galle,National_Museum_of_Galle,2024,10,143,Wikimedia Pageviews API monthly per-article
lk_galle_national_museum_of_galle,National Museum of Galle,National_Museum_of_Galle,2024,11,129,Wikimedia Pageviews API monthly per-article
lk_galle_national_museum_of_galle,National Museum of Galle,National_Museum_of_Galle,2024,12,134,Wikimedia Pageviews API monthly per-article
lk_galle_national_museum_of_galle,National Museum of Galle,National_Museum_of_Galle,2025,1,128,Wikimedia Pageviews API monthly per-article
lk_galle_national_museum_of_galle,National Museum of Galle,National_Museum_of_Galle,2025,2,117,Wikimedia Pageviews API monthly per-article
lk_galle_national_museum_of_galle,National Museum of Galle,National_Museum_of_Galle,2025,3,140,Wikimedia Pageviews API monthly per-article
lk_galle_national_museum_of_galle,National Museum of Galle,National_Museum_of_Galle,2025,4,115,Wikimedia Pageviews API monthly per-article
lk_galle_national_museum_of_galle,National Museum of Galle,National_Museum_of_Galle,2025,5,136,Wikimedia Pageviews API monthly per-article
lk_galle_national_museum_of_galle,National Museum of Galle,National_Museum_of_Galle,2025,6,133,Wikimedia Pageviews API monthly per-article
lk_galle_national_museum_of_galle,National Museum of Galle,National_Museum_of_Galle,2025,7,160,Wikimedia Pageviews API monthly per-article
lk_galle_national_museum_of_galle,National Museum of Galle,National_Museum_of_Galle,2025,8,181,Wikimedia Pageviews API monthly per-article
lk_galle_national_museum_of_galle,National Museum of Galle,National_Museum_of_Galle,2025,9,192,Wikimedia Pageviews API monthly per-article
lk_galle_national_museum_of_galle,National Museum of Galle,National_Museum_of_Galle,2025,10,184,Wikimedia Pageviews API monthly per-article
lk_galle_national_museum_of_galle,National Museum of Galle,National_Museum_of_Galle,2025,11,175,Wikimedia Pageviews API monthly per-article
lk_galle_national_museum_of_galle,National Museum of Galle,National_Museum_of_Galle,2025,12,133,Wikimedia Pageviews API monthly per-article
lk_galle_national_museum_of_galle,National Museum of Galle,National_Museum_of_Galle,2026,1,5,Wikimedia Pageviews API monthly per-article
lk_galle_all_saints_church_galle,"All Saints' Church, Galle","All_Saints'_Church,_Galle",2024,1,176,Wikimedia Pageviews API monthly per-article
lk_galle_all_saints_church_galle,"All Saints' Church, Galle","All_Saints'_Church,_Galle",2024,2,182,Wikimedia Pageviews API monthly per-article
lk_galle_all_saints_church_galle,"All Saints' Church, Galle","All_Saints'_Church,_Galle",2024,3,247,Wikimedia Pageviews API monthly per-article
lk_galle_all_saints_church_galle,"All Saints' Church, Galle","All_Saints'_Church,_Galle",2024,4,155,Wikimedia Pageviews API monthly per-article
lk_galle_all_saints_church_galle,"All Saints' Church, Galle","All_Saints'_Church,_Galle",2024,5,122,Wikimedia Pageviews API monthly per-article
lk_galle_all_saints_church_galle,"All Saints' Church, Galle","All_Saints'_Church,_Galle",2024,6,95,Wikimedia Pageviews API monthly per-article
lk_galle_all_saints_church_galle,"All Saints' Church, Galle","All_Saints'_Church,_Galle",2024,7,93,Wikimedia Pageviews API monthly per-article
lk_galle_all_saints_church_galle,"All Saints' Church, Galle","All_Saints'_Church,_Galle",2024,8,148,Wikimedia Pageviews API monthly per-article
lk_galle_all_saints_church_galle,"All Saints' Church, Galle","All_Saints'_Church,_Galle",2024,9,161,Wikimedia Pageviews API monthly per-article
lk_galle_all_saints_church_galle,"All Saints' Church, Galle","All_Saints'_Church,_Galle",2024,10,162,Wikimedia Pageviews API monthly per-article
lk_galle_all_saints_church_galle,"All Saints' Church, Galle","All_Saints'_Church,_Galle",2024,11,148,Wikimedia Pageviews API monthly per-article
lk_galle_all_saints_church_galle,"All Saints' Church, Galle","All_Saints'_Church,_Galle",2024,12,205,Wikimedia Pageviews API monthly per-article
lk_galle_all_saints_church_galle,"All Saints' Church, Galle","All_Saints'_Church,_Galle",2025,1,195,Wikimedia Pageviews API monthly per-article
lk_galle_all_saints_church_galle,"All Saints' Church, Galle","All_Saints'_Church,_Galle",2025,2,207,Wikimedia Pageviews API monthly per-article
lk_galle_all_saints_church_galle,"All Saints' Church, Galle","All_Saints'_Church,_Galle",2025,3,179,Wikimedia Pageviews API monthly per-article
lk_galle_all_saints_church_galle,"All Saints' Church, Galle","All_Saints'_Church,_Galle",2025,4,161,Wikimedia Pageviews API monthly per-article
lk_galle_all_saints_church_galle,"All Saints' Church, Galle","All_Saints'_Church,_Galle",2025,5,129,Wikimedia Pageviews API monthly per-article
lk_galle_all_saints_church_galle,"All Saints' Church, Galle","All_Saints'_Church,_Galle",2025,6,96,Wikimedia Pageviews API monthly per-article
lk_galle_all_saints_church_galle,"All Saints' Church, Galle","All_Saints'_Church,_Galle",2025,7,100,Wikimedia Pageviews API monthly per-article
lk_galle_all_saints_church_galle,"All Saints' Church, Galle","All_Saints'_Church,_Galle",2025,8,138,Wikimedia Pageviews API monthly per-article
lk_galle_all_saints_church_galle,"All Saints' Church, Galle","All_Saints'_Church,_Galle",2025,9,144,Wikimedia Pageviews API monthly per-article
lk_galle_all_saints_church_galle,"All Saints' Church, Galle","All_Saints'_Church,_Galle",2025,10,144,Wikimedia Pageviews API monthly per-article
lk_galle_all_saints_church_galle,"All Saints' Church, Galle","All_Saints'_Church,_Galle",2025,11,168,Wikimedia Pageviews API monthly per-article
lk_galle_all_saints_church_galle,"All Saints' Church, Galle","All_Saints'_Church,_Galle",2025,12,160,Wikimedia Pageviews API monthly per-article
lk_galle_all_saints_church_galle,"All Saints' Church, Galle","All_Saints'_Church,_Galle",2026,1,4,Wikimedia Pageviews API monthly per-article
lk_gampaha_henarathgoda_botanical_garden,Henarathgoda Botanical Garden,Henarathgoda_Botanical_Garden,2024,1,727,Wikimedia Pageviews API monthly per-article
lk_gampaha_henarathgoda_botanical_garden,Henarathgoda Botanical Garden,Henarathgoda_Botanical_Garden,2024,2,552,Wikimedia Pageviews API monthly per-article
lk_gampaha_henarathgoda_botanical_garden,Henarathgoda Botanical Garden,Henarathgoda_Botanical_Garden,2024,3,406,Wikimedia Pageviews API monthly per-article
lk_gampaha_henarathgoda_botanical_garden,Henarathgoda Botanical Garden,Henarathgoda_Botanical_Garden,2024,4,471,Wikimedia Pageviews API monthly per-article
lk_gampaha_henarathgoda_botanical_garden,Henarathgoda Botanical Garden,Henarathgoda_Botanical_Garden,2024,5,271,Wikimedia Pageviews API monthly per-article
lk_gampaha_henarathgoda_botanical_garden,Henarathgoda Botanical Garden,Henarathgoda_Botanical_Garden,2024,6,213,Wikimedia Pageviews API monthly per-article
lk_gampaha_henarathgoda_botanical_garden,Henarathgoda Botanical Garden,Henarathgoda_Botanical_Garden,2024,7,242,Wikimedia Pageviews API monthly per-article
lk_gampaha_henarathgoda_botanical_garden,Henarathgoda Botanical Garden,Henarathgoda_Botanical_Garden,2024,8,252,Wikimedia Pageviews API monthly per-article
lk_gampaha_henarathgoda_botanical_garden,Henarathgoda Botanical Garden,Henarathgoda_Botanical_Garden,2024,9,221,Wikimedia Pageviews API monthly per-article
lk_gampaha_henarathgoda_botanical_garden,Henarathgoda Botanical Garden,Henarathgoda_Botanical_Garden,2024,10,277,Wikimedia Pageviews API monthly per-article
lk_gampaha_henarathgoda_botanical_garden,Henarathgoda Botanical Garden,Henarathgoda_Botanical_Garden,2024,11,275,Wikimedia Pageviews API monthly per-article
lk_gampaha_henarathgoda_botanical_garden,Henarathgoda Botanical Garden,Henarathgoda_Botanical_Garden,2024,12,250,Wikimedia Pageviews API monthly per-article
lk_gampaha_henarathgoda_botanical_garden,Henarathgoda Botanical Garden,Henarathgoda_Botanical_Garden,2025,1,263,Wikimedia Pageviews API monthly per-article
lk_gampaha_henarathgoda_botanical_garden,Henarathgoda Botanical Garden,Henarathgoda_Botanical_Garden,2025,2,258,Wikimedia Pageviews API monthly per-article
lk_gampaha_henarathgoda_botanical_garden,Henarathgoda Botanical Garden,Henarathgoda_Botanical_Garden,2025,3,236,Wikimedia Pageviews API monthly per-article
lk_gampaha_henarathgoda_botanical_garden,Henarathgoda Botanical Garden,Henarathgoda_Botanical_Garden,2025,4,253,Wikimedia Pageviews API monthly per-article
lk_gampaha_henarathgoda_botanical_garden,Henarathgoda Botanical Garden,Henarathgoda_Botanical_Garden,2025,5,265,Wikimedia Pageviews API monthly per-article
lk_gampaha_henarathgoda_botanical_garden,Henarathgoda Botanical Garden,Henarathgoda_Botanical_Garden,2025,6,339,Wikimedia Pageviews API monthly per-article
lk_gampaha_henarathgoda_botanical_garden,Henarathgoda Botanical Garden,Henarathgoda_Botanical_Garden,2025,7,247,Wikimedia Pageviews API monthly per-article
lk_gampaha_henarathgoda_botanical_garden,Henarathgoda Botanical Garden,Henarathgoda_Botanical_Garden,2025,8,258,Wikimedia Pageviews API monthly per-article
lk_gampaha_henarathgoda_botanical_garden,Henarathgoda Botanical Garden,Henarathgoda_Botanical_Garden,2025,9,193,Wikimedia Pageviews API monthly per-article
lk_gampaha_henarathgoda_botanical_garden,Henarathgoda Botanical Garden,Henarathgoda_Botanical_Garden,2025,10,213,Wikimedia Pageviews API monthly per-article
lk_gampaha_henarathgoda_botanical_garden,Henarathgoda Botanical Garden,Henarathgoda_Botanical_Garden,2025,11,185,Wikimedia Pageviews API monthly per-article
lk_gampaha_henarathgoda_botanical_garden,Henarathgoda Botanical Garden,Henarathgoda_Botanical_Garden,2025,12,133,Wikimedia Pageviews API monthly per-article
lk_gampaha_henarathgoda_botanical_garden,Henarathgoda Botanical Garden,Henarathgoda_Botanical_Garden,2026,1,16,Wikimedia Pageviews API monthly per-article
lk_gampaha_negombo_beach,Negombo Beach,Negombo,2024,1,5878,Wikimedia Pageviews API monthly per-article
lk_gampaha_negombo_beach,Negombo Beach,Negombo,2024,2,4441,Wikimedia Pageviews API monthly per-article
lk_gampaha_negombo_beach,Negombo Beach,Negombo,2024,3,4524,Wikimedia Pageviews API monthly per-article
lk_gampaha_negombo_beach,Negombo Beach,Negombo,2024,4,3975,Wikimedia Pageviews API monthly per-article
lk_gampaha_negombo_beach,Negombo Beach,Negombo,2024,5,3341,Wikimedia Pageviews API monthly per-article
lk_gampaha_negombo_beach,Negombo Beach,Negombo,2024,6,2843,Wikimedia Pageviews API monthly per-article
lk_gampaha_negombo_beach,Negombo Beach,Negombo,2024,7,3658,Wikimedia Pageviews API monthly per-article
lk_gampaha_negombo_beach,Negombo Beach,Negombo,2024,8,2997,Wikimedia Pageviews API monthly per-article
lk_gampaha_negombo_beach,Negombo Beach,Negombo,2024,9,3091,Wikimedia Pageviews API monthly per-article
lk_gampaha_negombo_beach,Negombo Beach,Negombo,2024,10,3461,Wikimedia Pageviews API monthly per-article
lk_gampaha_negombo_beach,Negombo Beach,Negombo,2024,11,3393,Wikimedia Pageviews API monthly per-article
lk_gampaha_negombo_beach,Negombo Beach,Negombo,2024,12,3717,Wikimedia Pageviews API monthly per-article
lk_gampaha_negombo_beach,Negombo Beach,Negombo,2025,1,3910,Wikimedia Pageviews API monthly per-article
lk_gampaha_negombo_beach,Negombo Beach,Negombo,2025,2,2934,Wikimedia Pageviews API monthly per-article
lk_gampaha_negombo_beach,Negombo Beach,Negombo,2025,3,3017,Wikimedia Pageviews API monthly per-article
lk_gampaha_negombo_beach,Negombo Beach,Negombo,2025,4,2671,Wikimedia Pageviews API monthly per-article
lk_gampaha_negombo_beach,Negombo Beach,Negombo,2025,5,2643,Wikimedia Pageviews API monthly per-article
lk_gampaha_negombo_beach,Negombo Beach,Negombo,2025,6,2353,Wikimedia Pageviews API monthly per-article
lk_gampaha_negombo_beach,Negombo Beach,Negombo,2025,7,2478,Wikimedia Pageviews API monthly per-article
lk_gampaha_negombo_beach,Negombo Beach,Negombo,2025,8,2716,Wikimedia Pageviews API monthly per-article
lk_gampaha_negombo_beach,Negombo Beach,Negombo,2025,9,2857,Wikimedia Pageviews API monthly per-article
lk_gampaha_negombo_beach,Negombo Beach,Negombo,2025,10,2491,Wikimedia Pageviews API monthly per-article
lk_gampaha_negombo_beach,Negombo Beach,Negombo,2025,11,2664,Wikimedia Pageviews API monthly per-article
lk_gampaha_negombo_beach,Negombo Beach,Negombo,2025,12,2593,Wikimedia Pageviews API monthly per-article
lk_gampaha_negombo_beach,Negombo Beach,Negombo,2026,1,57,Wikimedia Pageviews API monthly per-article
lk_gampaha_negombo_lagoon,Negombo Lagoon,Negombo_Lagoon,2024,1,480,Wikimedia Pageviews API monthly per-article
lk_gampaha_negombo_lagoon,Negombo Lagoon,Negombo_Lagoon,2024,2,405,Wikimedia Pageviews API monthly per-article
lk_gampaha_negombo_lagoon,Negombo Lagoon,Negombo_Lagoon,2024,3,471,Wikimedia Pageviews API monthly per-article
lk_gampaha_negombo_lagoon,Negombo Lagoon,Negombo_Lagoon,2024,4,313,Wikimedia Pageviews API monthly per-article
lk_gampaha_negombo_lagoon,Negombo Lagoon,Negombo_Lagoon,2024,5,255,Wikimedia Pageviews API monthly per-article
lk_gampaha_negombo_lagoon,Negombo Lagoon,Negombo_Lagoon,2024,6,302,Wikimedia Pageviews API monthly per-article
lk_gampaha_negombo_lagoon,Negombo Lagoon,Negombo_Lagoon,2024,7,381,Wikimedia Pageviews API monthly per-article
lk_gampaha_negombo_lagoon,Negombo Lagoon,Negombo_Lagoon,2024,8,380,Wikimedia Pageviews API monthly per-article
lk_gampaha_negombo_lagoon,Negombo Lagoon,Negombo_Lagoon,2024,9,286,Wikimedia Pageviews API monthly per-article
lk_gampaha_negombo_lagoon,Negombo Lagoon,Negombo_Lagoon,2024,10,317,Wikimedia Pageviews API monthly per-article
lk_gampaha_negombo_lagoon,Negombo Lagoon,Negombo_Lagoon,2024,11,412,Wikimedia Pageviews API monthly per-article
lk_gampaha_negombo_lagoon,Negombo Lagoon,Negombo_Lagoon,2024,12,550,Wikimedia Pageviews API monthly per-article
lk_gampaha_negombo_lagoon,Negombo Lagoon,Negombo_Lagoon,2025,1,623,Wikimedia Pageviews API monthly per-article
lk_gampaha_negombo_lagoon,Negombo Lagoon,Negombo_Lagoon,2025,2,527,Wikimedia Pageviews API monthly per-article
lk_gampaha_negombo_lagoon,Negombo Lagoon,Negombo_Lagoon,2025,3,445,Wikimedia Pageviews API monthly per-article
lk_gampaha_negombo_lagoon,Negombo Lagoon,Negombo_Lagoon,2025,4,386,Wikimedia Pageviews API monthly per-article
lk_gampaha_negombo_lagoon,Negombo Lagoon,Negombo_Lagoon,2025,5,362,Wikimedia Pageviews API monthly per-article
lk_gampaha_negombo_lagoon,Negombo Lagoon,Negombo_Lagoon,2025,6,295,Wikimedia Pageviews API monthly per-article
lk_gampaha_negombo_lagoon,Negombo Lagoon,Negombo_Lagoon,2025,7,417,Wikimedia Pageviews API monthly per-article
lk_gampaha_negombo_lagoon,Negombo Lagoon,Negombo_Lagoon,2025,8,449,Wikimedia Pageviews API monthly per-article
lk_gampaha_negombo_lagoon,Negombo Lagoon,Negombo_Lagoon,2025,9,305,Wikimedia Pageviews API monthly per-article
lk_gampaha_negombo_lagoon,Negombo Lagoon,Negombo_Lagoon,2025,10,349,Wikimedia Pageviews API monthly per-article
lk_gampaha_negombo_lagoon,Negombo Lagoon,Negombo_Lagoon,2025,11,360,Wikimedia Pageviews API monthly per-article
lk_gampaha_negombo_lagoon,Negombo Lagoon,Negombo_Lagoon,2025,12,275,Wikimedia Pageviews API monthly per-article
lk_gampaha_negombo_lagoon,Negombo Lagoon,Negombo_Lagoon,2026,1,9,Wikimedia Pageviews API monthly per-article
lk_gampaha_st_mary_s_church_negombo,"St. Mary's Church, Negombo","St._Mary's_Church,_Negombo",2024,1,592,Wikimedia Pageviews API monthly per-article
lk_gampaha_st_mary_s_church_negombo,"St. Mary's Church, Negombo","St._Mary's_Church,_Negombo",2024,2,581,Wikimedia Pageviews API monthly per-article
lk_gampaha_st_mary_s_church_negombo,"St. Mary's Church, Negombo","St._Mary's_Church,_Negombo",2024,3,586,Wikimedia Pageviews API monthly per-article
lk_gampaha_st_mary_s_church_negombo,"St. Mary's Church, Negombo","St._Mary's_Church,_Negombo",2024,4,464,Wikimedia Pageviews API monthly per-article
lk_gampaha_st_mary_s_church_negombo,"St. Mary's Church, Negombo","St._Mary's_Church,_Negombo",2024,5,326,Wikimedia Pageviews API monthly per-article
lk_gampaha_st_mary_s_church_negombo,"St. Mary's Church, Negombo","St._Mary's_Church,_Negombo",2024,6,319,Wikimedia Pageviews API monthly per-article
lk_gampaha_st_mary_s_church_negombo,"St. Mary's Church, Negombo","St._Mary's_Church,_Negombo",2024,7,387,Wikimedia Pageviews API monthly per-article
lk_gampaha_st_mary_s_church_negombo,"St. Mary's Church, Negombo","St._Mary's_Church,_Negombo",2024,8,443,Wikimedia Pageviews API monthly per-article
lk_gampaha_st_mary_s_church_negombo,"St. Mary's Church, Negombo","St._Mary's_Church,_Negombo",2024,9,429,Wikimedia Pageviews API monthly per-article
lk_gampaha_st_mary_s_church_negombo,"St. Mary's Church, Negombo","St._Mary's_Church,_Negombo",2024,10,391,Wikimedia Pageviews API monthly per-article
lk_gampaha_st_mary_s_church_negombo,"St. Mary's Church, Negombo","St._Mary's_Church,_Negombo",2024,11,489,Wikimedia Pageviews API monthly per-article
lk_gampaha_st_mary_s_church_negombo,"St. Mary's Church, Negombo","St._Mary's_Church,_Negombo",2024,12,441,Wikimedia Pageviews API monthly per-article
lk_gampaha_st_mary_s_church_negombo,"St. Mary's Church, Negombo","St._Mary's_Church,_Negombo",2025,1,575,Wikimedia Pageviews API monthly per-article
lk_gampaha_st_mary_s_church_negombo,"St. Mary's Church, Negombo","St._Mary's_Church,_Negombo",2025,2,487,Wikimedia Pageviews API monthly per-article
lk_gampaha_st_mary_s_church_negombo,"St. Mary's Church, Negombo","St._Mary's_Church,_Negombo",2025,3,503,Wikimedia Pageviews API monthly per-article
lk_gampaha_st_mary_s_church_negombo,"St. Mary's Church, Negombo","St._Mary's_Church,_Negombo",2025,4,466,Wikimedia Pageviews API monthly per-article
lk_gampaha_st_mary_s_church_negombo,"St. Mary's Church, Negombo","St._Mary's_Church,_Negombo",2025,5,356,Wikimedia Pageviews API monthly per-article
lk_gampaha_st_mary_s_church_negombo,"St. Mary's Church, Negombo","St._Mary's_Church,_Negombo",2025,6,306,Wikimedia Pageviews API monthly per-article
lk_gampaha_st_mary_s_church_negombo,"St. Mary's Church, Negombo","St._Mary's_Church,_Negombo",2025,7,442,Wikimedia Pageviews API monthly per-article
lk_gampaha_st_mary_s_church_negombo,"St. Mary's Church, Negombo","St._Mary's_Church,_Negombo",2025,8,514,Wikimedia Pageviews API monthly per-article
lk_gampaha_st_mary_s_church_negombo,"St. Mary's Church, Negombo","St._Mary's_Church,_Negombo",2025,9,434,Wikimedia Pageviews API monthly per-article
lk_gampaha_st_mary_s_church_negombo,"St. Mary's Church, Negombo","St._Mary's_Church,_Negombo",2025,10,467,Wikimedia Pageviews API monthly per-article
lk_gampaha_st_mary_s_church_negombo,"St. Mary's Church, Negombo","St._Mary's_Church,_Negombo",2025,11,366,Wikimedia Pageviews API monthly per-article
lk_gampaha_st_mary_s_church_negombo,"St. Mary's Church, Negombo","St._Mary's_Church,_Negombo",2025,12,413,Wikimedia Pageviews API monthly per-article
lk_gampaha_st_mary_s_church_negombo,"St. Mary's Church, Negombo","St._Mary's_Church,_Negombo",2026,1,22,Wikimedia Pageviews API monthly per-article
lk_gampaha_st_sebastian_s_church_negombo,"St. Sebastian's Church, Negombo","St._Sebastian's_Church,_Negombo",2024,1,1,Wikimedia Pageviews API monthly per-article
lk_gampaha_st_sebastian_s_church_negombo,"St. Sebastian's Church, Negombo","St._Sebastian's_Church,_Negombo",2024,2,3,Wikimedia Pageviews API monthly per-article
lk_gampaha_st_sebastian_s_church_negombo,"St. Sebastian's Church, Negombo","St._Sebastian's_Church,_Negombo",2024,3,1,Wikimedia Pageviews API monthly per-article
lk_gampaha_st_sebastian_s_church_negombo,"St. Sebastian's Church, Negombo","St._Sebastian's_Church,_Negombo",2024,4,2,Wikimedia Pageviews API monthly per-article
lk_gampaha_st_sebastian_s_church_negombo,"St. Sebastian's Church, Negombo","St._Sebastian's_Church,_Negombo",2024,5,4,Wikimedia Pageviews API monthly per-article
lk_gampaha_st_sebastian_s_church_negombo,"St. Sebastian's Church, Negombo","St._Sebastian's_Church,_Negombo",2024,6,2,Wikimedia Pageviews API monthly per-article
lk_gampaha_st_sebastian_s_church_negombo,"St. Sebastian's Church, Negombo","St._Sebastian's_Church,_Negombo",2024,7,7,Wikimedia Pageviews API monthly per-article
lk_gampaha_st_sebastian_s_church_negombo,"St. Sebastian's Church, Negombo","St._Sebastian's_Church,_Negombo",2024,8,2,Wikimedia Pageviews API monthly per-article
lk_gampaha_st_sebastian_s_church_negombo,"St. Sebastian's Church, Negombo","St._Sebastian's_Church,_Negombo",2024,9,3,Wikimedia Pageviews API monthly per-article
lk_gampaha_st_sebastian_s_church_negombo,"St. Sebastian's Church, Negombo","St._Sebastian's_Church,_Negombo",2024,10,7,Wikimedia Pageviews API monthly per-article
lk_gampaha_st_sebastian_s_church_negombo,"St. Sebastian's Church, Negombo","St._Sebastian's_Church,_Negombo",2024,11,2,Wikimedia Pageviews API monthly per-article
lk_gampaha_st_sebastian_s_church_negombo,"St. Sebastian's Church, Negombo","St._Sebastian's_Church,_Negombo",2024,12,6,Wikimedia Pageviews API monthly per-article
lk_gampaha_st_sebastian_s_church_negombo,"St. Sebastian's Church, Negombo","St._Sebastian's_Church,_Negombo",2025,1,8,Wikimedia Pageviews API monthly per-article
lk_gampaha_st_sebastian_s_church_negombo,"St. Sebastian's Church, Negombo","St._Sebastian's_Church,_Negombo",2025,2,12,Wikimedia Pageviews API monthly per-article
lk_gampaha_st_sebastian_s_church_negombo,"St. Sebastian's Church, Negombo","St._Sebastian's_Church,_Negombo",2025,3,7,Wikimedia Pageviews API monthly per-article
lk_gampaha_st_sebastian_s_church_negombo,"St. Sebastian's Church, Negombo","St._Sebastian's_Church,_Negombo",2025,4,5,Wikimedia Pageviews API monthly per-article
lk_gampaha_st_sebastian_s_church_negombo,"St. Sebastian's Church, Negombo","St._Sebastian's_Church,_Negombo",2025,5,1,Wikimedia Pageviews API monthly per-article
lk_gampaha_st_sebastian_s_church_negombo,"St. Sebastian's Church, Negombo","St._Sebastian's_Church,_Negombo",2025,6,0,Wikimedia Pageviews API monthly per-article
lk_gampaha_st_sebastian_s_church_negombo,"St. Sebastian's Church, Negombo","St._Sebastian's_Church,_Negombo",2025,7,8,Wikimedia Pageviews API monthly per-article
lk_gampaha_st_sebastian_s_church_negombo,"St. Sebastian's Church, Negombo","St._Sebastian's_Church,_Negombo",2025,8,4,Wikimedia Pageviews API monthly per-article
lk_gampaha_st_sebastian_s_church_negombo,"St. Sebastian's Church, Negombo","St._Sebastian's_Church,_Negombo",2025,9,7,Wikimedia Pageviews API monthly per-article
lk_gampaha_st_sebastian_s_church_negombo,"St. Sebastian's Church, Negombo","St._Sebastian's_Church,_Negombo",2025,10,8,Wikimedia Pageviews API monthly per-article
lk_gampaha_st_sebastian_s_church_negombo,"St. Sebastian's Church, Negombo","St._Sebastian's_Church,_Negombo",2025,11,5,Wikimedia Pageviews API monthly per-article
lk_gampaha_st_sebastian_s_church_negombo,"St. Sebastian's Church, Negombo","St._Sebastian's_Church,_Negombo",2025,12,6,Wikimedia Pageviews API monthly per-article
lk_gampaha_st_sebastian_s_church_negombo,"St. Sebastian's Church, Negombo","St._Sebastian's_Church,_Negombo",2026,1,0,Wikimedia Pageviews API monthly per-article
lk_gampaha_ave_maria_convent_negombo,"Ave Maria Convent, Negombo",Negombo,2024,1,5878,Wikimedia Pageviews API monthly per-article
lk_gampaha_ave_maria_convent_negombo,"Ave Maria Convent, Negombo",Negombo,2024,2,4441,Wikimedia Pageviews API monthly per-article
lk_gampaha_ave_maria_convent_negombo,"Ave Maria Convent, Negombo",Negombo,2024,3,4524,Wikimedia Pageviews API monthly per-article
lk_gampaha_ave_maria_convent_negombo,"Ave Maria Convent, Negombo",Negombo,2024,4,3975,Wikimedia Pageviews API monthly per-article
lk_gampaha_ave_maria_convent_negombo,"Ave Maria Convent, Negombo",Negombo,2024,5,3341,Wikimedia Pageviews API monthly per-article
lk_gampaha_ave_maria_convent_negombo,"Ave Maria Convent, Negombo",Negombo,2024,6,2843,Wikimedia Pageviews API monthly per-article
lk_gampaha_ave_maria_convent_negombo,"Ave Maria Convent, Negombo",Negombo,2024,7,3658,Wikimedia Pageviews API monthly per-article
lk_gampaha_ave_maria_convent_negombo,"Ave Maria Convent, Negombo",Negombo,2024,8,2997,Wikimedia Pageviews API monthly per-article
lk_gampaha_ave_maria_convent_negombo,"Ave Maria Convent, Negombo",Negombo,2024,9,3091,Wikimedia Pageviews API monthly per-article
lk_gampaha_ave_maria_convent_negombo,"Ave Maria Convent, Negombo",Negombo,2024,10,3461,Wikimedia Pageviews API monthly per-article
lk_gampaha_ave_maria_convent_negombo,"Ave Maria Convent, Negombo",Negombo,2024,11,3393,Wikimedia Pageviews API monthly per-article
lk_gampaha_ave_maria_convent_negombo,"Ave Maria Convent, Negombo",Negombo,2024,12,3717,Wikimedia Pageviews API monthly per-article
lk_gampaha_ave_maria_convent_negombo,"Ave Maria Convent, Negombo",Negombo,2025,1,3910,Wikimedia Pageviews API monthly per-article
lk_gampaha_ave_maria_convent_negombo,"Ave Maria Convent, Negombo",Negombo,2025,2,2934,Wikimedia Pageviews API monthly per-article
lk_gampaha_ave_maria_convent_negombo,"Ave Maria Convent, Negombo",Negombo,2025,3,3017,Wikimedia Pageviews API monthly per-article
lk_gampaha_ave_maria_convent_negombo,"Ave Maria Convent, Negombo",Negombo,2025,4,2671,Wikimedia Pageviews API monthly per-article
lk_gampaha_ave_maria_convent_negombo,"Ave Maria Convent, Negombo",Negombo,2025,5,2643,Wikimedia Pageviews API monthly per-article
lk_gampaha_ave_maria_convent_negombo,"Ave Maria Convent, Negombo",Negombo,2025,6,2353,Wikimedia Pageviews API monthly per-article
lk_gampaha_ave_maria_convent_negombo,"Ave Maria Convent, Negombo",Negombo,2025,7,2478,Wikimedia Pageviews API monthly per-article
lk_gampaha_ave_maria_convent_negombo,"Ave Maria Convent, Negombo",Negombo,2025,8,2716,Wikimedia Pageviews API monthly per-article
lk_gampaha_ave_maria_convent_negombo,"Ave Maria Convent, Negombo",Negombo,2025,9,2857,Wikimedia Pageviews API monthly per-article
lk_gampaha_ave_maria_convent_negombo,"Ave Maria Convent, Negombo",Negombo,2025,10,2491,Wikimedia Pageviews API monthly per-article
lk_gampaha_ave_maria_convent_negombo,"Ave Maria Convent, Negombo",Negombo,2025,11,2664,Wikimedia Pageviews API monthly per-article
lk_gampaha_ave_maria_convent_negombo,"Ave Maria Convent, Negombo",Negombo,2025,12,2593,Wikimedia Pageviews API monthly per-article
lk_gampaha_ave_maria_convent_negombo,"Ave Maria Convent, Negombo",Negombo,2026,1,57,Wikimedia Pageviews API monthly per-article
lk_hambantota_yala_national_park,Yala National Park,Yala_National_Park,2024,1,7326,Wikimedia Pageviews API monthly per-article
lk_hambantota_yala_national_park,Yala National Park,Yala_National_Park,2024,2,5893,Wikimedia Pageviews API monthly per-article
lk_hambantota_yala_national_park,Yala National Park,Yala_National_Park,2024,3,5695,Wikimedia Pageviews API monthly per-article
lk_hambantota_yala_national_park,Yala National Park,Yala_National_Park,2024,4,5245,Wikimedia Pageviews API monthly per-article
lk_hambantota_yala_national_park,Yala National Park,Yala_National_Park,2024,5,3783,Wikimedia Pageviews API monthly per-article
lk_hambantota_yala_national_park,Yala National Park,Yala_National_Park,2024,6,3018,Wikimedia Pageviews API monthly per-article
lk_hambantota_yala_national_park,Yala National Park,Yala_National_Park,2024,7,4076,Wikimedia Pageviews API monthly per-article
lk_hambantota_yala_national_park,Yala National Park,Yala_National_Park,2024,8,4818,Wikimedia Pageviews API monthly per-article
lk_hambantota_yala_national_park,Yala National Park,Yala_National_Park,2024,9,3432,Wikimedia Pageviews API monthly per-article
lk_hambantota_yala_national_park,Yala National Park,Yala_National_Park,2024,10,4421,Wikimedia Pageviews API monthly per-article
lk_hambantota_yala_national_park,Yala National Park,Yala_National_Park,2024,11,4407,Wikimedia Pageviews API monthly per-article
lk_hambantota_yala_national_park,Yala National Park,Yala_National_Park,2024,12,5057,Wikimedia Pageviews API monthly per-article
lk_hambantota_yala_national_park,Yala National Park,Yala_National_Park,2025,1,5171,Wikimedia Pageviews API monthly per-article
lk_hambantota_yala_national_park,Yala National Park,Yala_National_Park,2025,2,4194,Wikimedia Pageviews API monthly per-article
lk_hambantota_yala_national_park,Yala National Park,Yala_National_Park,2025,3,4266,Wikimedia Pageviews API monthly per-article
lk_hambantota_yala_national_park,Yala National Park,Yala_National_Park,2025,4,3440,Wikimedia Pageviews API monthly per-article
lk_hambantota_yala_national_park,Yala National Park,Yala_National_Park,2025,5,3018,Wikimedia Pageviews API monthly per-article
lk_hambantota_yala_national_park,Yala National Park,Yala_National_Park,2025,6,2966,Wikimedia Pageviews API monthly per-article
lk_hambantota_yala_national_park,Yala National Park,Yala_National_Park,2025,7,3594,Wikimedia Pageviews API monthly per-article
lk_hambantota_yala_national_park,Yala National Park,Yala_National_Park,2025,8,3816,Wikimedia Pageviews API monthly per-article
lk_hambantota_yala_national_park,Yala National Park,Yala_National_Park,2025,9,3142,Wikimedia Pageviews API monthly per-article
lk_hambantota_yala_national_park,Yala National Park,Yala_National_Park,2025,10,3651,Wikimedia Pageviews API monthly per-article
lk_hambantota_yala_national_park,Yala National Park,Yala_National_Park,2025,11,3242,Wikimedia Pageviews API monthly per-article
lk_hambantota_yala_national_park,Yala National Park,Yala_National_Park,2025,12,3168,Wikimedia Pageviews API monthly per-article
lk_hambantota_yala_national_park,Yala National Park,Yala_National_Park,2026,1,120,Wikimedia Pageviews API monthly per-article
lk_hambantota_bundala_national_park,Bundala National Park,Bundala_National_Park,2024,1,1065,Wikimedia Pageviews API monthly per-article
lk_hambantota_bundala_national_park,Bundala National Park,Bundala_National_Park,2024,2,913,Wikimedia Pageviews API monthly per-article
lk_hambantota_bundala_national_park,Bundala National Park,Bundala_National_Park,2024,3,694,Wikimedia Pageviews API monthly per-article
lk_hambantota_bundala_national_park,Bundala National Park,Bundala_National_Park,2024,4,633,Wikimedia Pageviews API monthly per-article
lk_hambantota_bundala_national_park,Bundala National Park,Bundala_National_Park,2024,5,533,Wikimedia Pageviews API monthly per-article
lk_hambantota_bundala_national_park,Bundala National Park,Bundala_National_Park,2024,6,407,Wikimedia Pageviews API monthly per-article
lk_hambantota_bundala_national_park,Bundala National Park,Bundala_National_Park,2024,7,458,Wikimedia Pageviews API monthly per-article
lk_hambantota_bundala_national_park,Bundala National Park,Bundala_National_Park,2024,8,495,Wikimedia Pageviews API monthly per-article
lk_hambantota_bundala_national_park,Bundala National Park,Bundala_National_Park,2024,9,379,Wikimedia Pageviews API monthly per-article
lk_hambantota_bundala_national_park,Bundala National Park,Bundala_National_Park,2024,10,424,Wikimedia Pageviews API monthly per-article
lk_hambantota_bundala_national_park,Bundala National Park,Bundala_National_Park,2024,11,532,Wikimedia Pageviews API monthly per-article
lk_hambantota_bundala_national_park,Bundala National Park,Bundala_National_Park,2024,12,660,Wikimedia Pageviews API monthly per-article
lk_hambantota_bundala_national_park,Bundala National Park,Bundala_National_Park,2025,1,764,Wikimedia Pageviews API monthly per-article
lk_hambantota_bundala_national_park,Bundala National Park,Bundala_National_Park,2025,2,686,Wikimedia Pageviews API monthly per-article
lk_hambantota_bundala_national_park,Bundala National Park,Bundala_National_Park,2025,3,738,Wikimedia Pageviews API monthly per-article
lk_hambantota_bundala_national_park,Bundala National Park,Bundala_National_Park,2025,4,522,Wikimedia Pageviews API monthly per-article
lk_hambantota_bundala_national_park,Bundala National Park,Bundala_National_Park,2025,5,430,Wikimedia Pageviews API monthly per-article
lk_hambantota_bundala_national_park,Bundala National Park,Bundala_National_Park,2025,6,387,Wikimedia Pageviews API monthly per-article
lk_hambantota_bundala_national_park,Bundala National Park,Bundala_National_Park,2025,7,426,Wikimedia Pageviews API monthly per-article
lk_hambantota_bundala_national_park,Bundala National Park,Bundala_National_Park,2025,8,450,Wikimedia Pageviews API monthly per-article
lk_hambantota_bundala_national_park,Bundala National Park,Bundala_National_Park,2025,9,452,Wikimedia Pageviews API monthly per-article
lk_hambantota_bundala_national_park,Bundala National Park,Bundala_National_Park,2025,10,496,Wikimedia Pageviews API monthly per-article
lk_hambantota_bundala_national_park,Bundala National Park,Bundala_National_Park,2025,11,468,Wikimedia Pageviews API monthly per-article
lk_hambantota_bundala_national_park,Bundala National Park,Bundala_National_Park,2025,12,444,Wikimedia Pageviews API monthly per-article
lk_hambantota_bundala_national_park,Bundala National Park,Bundala_National_Park,2026,1,16,Wikimedia Pageviews API monthly per-article
lk_hambantota_mulkirigala_raja_maha_vihara,Mulkirigala Raja Maha Vihara,Mulkirigala_Raja_Maha_Vihara,2024,1,1050,Wikimedia Pageviews API monthly per-article
lk_hambantota_mulkirigala_raja_maha_vihara,Mulkirigala Raja Maha Vihara,Mulkirigala_Raja_Maha_Vihara,2024,2,1108,Wikimedia Pageviews API monthly per-article
lk_hambantota_mulkirigala_raja_maha_vihara,Mulkirigala Raja Maha Vihara,Mulkirigala_Raja_Maha_Vihara,2024,3,800,Wikimedia Pageviews API monthly per-article
lk_hambantota_mulkirigala_raja_maha_vihara,Mulkirigala Raja Maha Vihara,Mulkirigala_Raja_Maha_Vihara,2024,4,621,Wikimedia Pageviews API monthly per-article
lk_hambantota_mulkirigala_raja_maha_vihara,Mulkirigala Raja Maha Vihara,Mulkirigala_Raja_Maha_Vihara,2024,5,426,Wikimedia Pageviews API monthly per-article
lk_hambantota_mulkirigala_raja_maha_vihara,Mulkirigala Raja Maha Vihara,Mulkirigala_Raja_Maha_Vihara,2024,6,355,Wikimedia Pageviews API monthly per-article
lk_hambantota_mulkirigala_raja_maha_vihara,Mulkirigala Raja Maha Vihara,Mulkirigala_Raja_Maha_Vihara,2024,7,380,Wikimedia Pageviews API monthly per-article
lk_hambantota_mulkirigala_raja_maha_vihara,Mulkirigala Raja Maha Vihara,Mulkirigala_Raja_Maha_Vihara,2024,8,457,Wikimedia Pageviews API monthly per-article
lk_hambantota_mulkirigala_raja_maha_vihara,Mulkirigala Raja Maha Vihara,Mulkirigala_Raja_Maha_Vihara,2024,9,460,Wikimedia Pageviews API monthly per-article
lk_hambantota_mulkirigala_raja_maha_vihara,Mulkirigala Raja Maha Vihara,Mulkirigala_Raja_Maha_Vihara,2024,10,409,Wikimedia Pageviews API monthly per-article
lk_hambantota_mulkirigala_raja_maha_vihara,Mulkirigala Raja Maha Vihara,Mulkirigala_Raja_Maha_Vihara,2024,11,525,Wikimedia Pageviews API monthly per-article
lk_hambantota_mulkirigala_raja_maha_vihara,Mulkirigala Raja Maha Vihara,Mulkirigala_Raja_Maha_Vihara,2024,12,734,Wikimedia Pageviews API monthly per-article
lk_hambantota_mulkirigala_raja_maha_vihara,Mulkirigala Raja Maha Vihara,Mulkirigala_Raja_Maha_Vihara,2025,1,1096,Wikimedia Pageviews API monthly per-article
lk_hambantota_mulkirigala_raja_maha_vihara,Mulkirigala Raja Maha Vihara,Mulkirigala_Raja_Maha_Vihara,2025,2,812,Wikimedia Pageviews API monthly per-article
lk_hambantota_mulkirigala_raja_maha_vihara,Mulkirigala Raja Maha Vihara,Mulkirigala_Raja_Maha_Vihara,2025,3,822,Wikimedia Pageviews API monthly per-article
lk_hambantota_mulkirigala_raja_maha_vihara,Mulkirigala Raja Maha Vihara,Mulkirigala_Raja_Maha_Vihara,2025,4,475,Wikimedia Pageviews API monthly per-article
lk_hambantota_mulkirigala_raja_maha_vihara,Mulkirigala Raja Maha Vihara,Mulkirigala_Raja_Maha_Vihara,2025,5,368,Wikimedia Pageviews API monthly per-article
lk_hambantota_mulkirigala_raja_maha_vihara,Mulkirigala Raja Maha Vihara,Mulkirigala_Raja_Maha_Vihara,2025,6,358,Wikimedia Pageviews API monthly per-article
lk_hambantota_mulkirigala_raja_maha_vihara,Mulkirigala Raja Maha Vihara,Mulkirigala_Raja_Maha_Vihara,2025,7,479,Wikimedia Pageviews API monthly per-article
lk_hambantota_mulkirigala_raja_maha_vihara,Mulkirigala Raja Maha Vihara,Mulkirigala_Raja_Maha_Vihara,2025,8,689,Wikimedia Pageviews API monthly per-article
lk_hambantota_mulkirigala_raja_maha_vihara,Mulkirigala Raja Maha Vihara,Mulkirigala_Raja_Maha_Vihara,2025,9,433,Wikimedia Pageviews API monthly per-article
lk_hambantota_mulkirigala_raja_maha_vihara,Mulkirigala Raja Maha Vihara,Mulkirigala_Raja_Maha_Vihara,2025,10,465,Wikimedia Pageviews API monthly per-article
lk_hambantota_mulkirigala_raja_maha_vihara,Mulkirigala Raja Maha Vihara,Mulkirigala_Raja_Maha_Vihara,2025,11,661,Wikimedia Pageviews API monthly per-article
lk_hambantota_mulkirigala_raja_maha_vihara,Mulkirigala Raja Maha Vihara,Mulkirigala_Raja_Maha_Vihara,2025,12,893,Wikimedia Pageviews API monthly per-article
lk_hambantota_mulkirigala_raja_maha_vihara,Mulkirigala Raja Maha Vihara,Mulkirigala_Raja_Maha_Vihara,2026,1,25,Wikimedia Pageviews API monthly per-article
lk_hambantota_ussangoda_national_park,Ussangoda National Park,Ussangoda_National_Park,2024,1,510,Wikimedia Pageviews API monthly per-article
lk_hambantota_ussangoda_national_park,Ussangoda National Park,Ussangoda_National_Park,2024,2,349,Wikimedia Pageviews API monthly per-article
lk_hambantota_ussangoda_national_park,Ussangoda National Park,Ussangoda_National_Park,2024,3,310,Wikimedia Pageviews API monthly per-article
lk_hambantota_ussangoda_national_park,Ussangoda National Park,Ussangoda_National_Park,2024,4,396,Wikimedia Pageviews API monthly per-article
lk_hambantota_ussangoda_national_park,Ussangoda National Park,Ussangoda_National_Park,2024,5,294,Wikimedia Pageviews API monthly per-article
lk_hambantota_ussangoda_national_park,Ussangoda National Park,Ussangoda_National_Park,2024,6,217,Wikimedia Pageviews API monthly per-article
lk_hambantota_ussangoda_national_park,Ussangoda National Park,Ussangoda_National_Park,2024,7,183,Wikimedia Pageviews API monthly per-article
lk_hambantota_ussangoda_national_park,Ussangoda National Park,Ussangoda_National_Park,2024,8,278,Wikimedia Pageviews API monthly per-article
lk_hambantota_ussangoda_national_park,Ussangoda National Park,Ussangoda_National_Park,2024,9,251,Wikimedia Pageviews API monthly per-article
lk_hambantota_ussangoda_national_park,Ussangoda National Park,Ussangoda_National_Park,2024,10,272,Wikimedia Pageviews API monthly per-article
lk_hambantota_ussangoda_national_park,Ussangoda National Park,Ussangoda_National_Park,2024,11,401,Wikimedia Pageviews API monthly per-article
lk_hambantota_ussangoda_national_park,Ussangoda National Park,Ussangoda_National_Park,2024,12,394,Wikimedia Pageviews API monthly per-article
lk_hambantota_ussangoda_national_park,Ussangoda National Park,Ussangoda_National_Park,2025,1,271,Wikimedia Pageviews API monthly per-article
lk_hambantota_ussangoda_national_park,Ussangoda National Park,Ussangoda_National_Park,2025,2,196,Wikimedia Pageviews API monthly per-article
lk_hambantota_ussangoda_national_park,Ussangoda National Park,Ussangoda_National_Park,2025,3,223,Wikimedia Pageviews API monthly per-article
lk_hambantota_ussangoda_national_park,Ussangoda National Park,Ussangoda_National_Park,2025,4,238,Wikimedia Pageviews API monthly per-article
lk_hambantota_ussangoda_national_park,Ussangoda National Park,Ussangoda_National_Park,2025,5,210,Wikimedia Pageviews API monthly per-article
lk_hambantota_ussangoda_national_park,Ussangoda National Park,Ussangoda_National_Park,2025,6,235,Wikimedia Pageviews API monthly per-article
lk_hambantota_ussangoda_national_park,Ussangoda National Park,Ussangoda_National_Park,2025,7,365,Wikimedia Pageviews API monthly per-article
lk_hambantota_ussangoda_national_park,Ussangoda National Park,Ussangoda_National_Park,2025,8,312,Wikimedia Pageviews API monthly per-article
lk_hambantota_ussangoda_national_park,Ussangoda National Park,Ussangoda_National_Park,2025,9,214,Wikimedia Pageviews API monthly per-article
lk_hambantota_ussangoda_national_park,Ussangoda National Park,Ussangoda_National_Park,2025,10,251,Wikimedia Pageviews API monthly per-article
lk_hambantota_ussangoda_national_park,Ussangoda National Park,Ussangoda_National_Park,2025,11,214,Wikimedia Pageviews API monthly per-article
lk_hambantota_ussangoda_national_park,Ussangoda National Park,Ussangoda_National_Park,2025,12,251,Wikimedia Pageviews API monthly per-article
lk_hambantota_ussangoda_national_park,Ussangoda National Park,Ussangoda_National_Park,2026,1,6,Wikimedia Pageviews API monthly per-article
lk_hambantota_bundala_lagoons,Bundala Lagoons,Bundala_National_Park,2024,1,1065,Wikimedia Pageviews API monthly per-article
lk_hambantota_bundala_lagoons,Bundala Lagoons,Bundala_National_Park,2024,2,913,Wikimedia Pageviews API monthly per-article
lk_hambantota_bundala_lagoons,Bundala Lagoons,Bundala_National_Park,2024,3,694,Wikimedia Pageviews API monthly per-article
lk_hambantota_bundala_lagoons,Bundala Lagoons,Bundala_National_Park,2024,4,633,Wikimedia Pageviews API monthly per-article
lk_hambantota_bundala_lagoons,Bundala Lagoons,Bundala_National_Park,2024,5,533,Wikimedia Pageviews API monthly per-article
lk_hambantota_bundala_lagoons,Bundala Lagoons,Bundala_National_Park,2024,6,407,Wikimedia Pageviews API monthly per-article
lk_hambantota_bundala_lagoons,Bundala Lagoons,Bundala_National_Park,2024,7,458,Wikimedia Pageviews API monthly per-article
lk_hambantota_bundala_lagoons,Bundala Lagoons,Bundala_National_Park,2024,8,495,Wikimedia Pageviews API monthly per-article
lk_hambantota_bundala_lagoons,Bundala Lagoons,Bundala_National_Park,2024,9,379,Wikimedia Pageviews API monthly per-article
lk_hambantota_bundala_lagoons,Bundala Lagoons,Bundala_National_Park,2024,10,424,Wikimedia Pageviews API monthly per-article
lk_hambantota_bundala_lagoons,Bundala Lagoons,Bundala_National_Park,2024,11,532,Wikimedia Pageviews API monthly per-article
lk_hambantota_bundala_lagoons,Bundala Lagoons,Bundala_National_Park,2024,12,660,Wikimedia Pageviews API monthly per-article
lk_hambantota_bundala_lagoons,Bundala Lagoons,Bundala_National_Park,2025,1,764,Wikimedia Pageviews API monthly per-article
lk_hambantota_bundala_lagoons,Bundala Lagoons,Bundala_National_Park,2025,2,686,Wikimedia Pageviews API monthly per-article
lk_hambantota_bundala_lagoons,Bundala Lagoons,Bundala_National_Park,2025,3,738,Wikimedia Pageviews API monthly per-article
lk_hambantota_bundala_lagoons,Bundala Lagoons,Bundala_National_Park,2025,4,522,Wikimedia Pageviews API monthly per-article
lk_hambantota_bundala_lagoons,Bundala Lagoons,Bundala_National_Park,2025,5,430,Wikimedia Pageviews API monthly per-article
lk_hambantota_bundala_lagoons,Bundala Lagoons,Bundala_National_Park,2025,6,387,Wikimedia Pageviews API monthly per-article
lk_hambantota_bundala_lagoons,Bundala Lagoons,Bundala_National_Park,2025,7,426,Wikimedia Pageviews API monthly per-article
lk_hambantota_bundala_lagoons,Bundala Lagoons,Bundala_National_Park,2025,8,450,Wikimedia Pageviews API monthly per-article
lk_hambantota_bundala_lagoons,Bundala Lagoons,Bundala_National_Park,2025,9,452,Wikimedia Pageviews API monthly per-article
lk_hambantota_bundala_lagoons,Bundala Lagoons,Bundala_National_Park,2025,10,496,Wikimedia Pageviews API monthly per-article
lk_hambantota_bundala_lagoons,Bundala Lagoons,Bundala_National_Park,2025,11,468,Wikimedia Pageviews API monthly per-article
lk_hambantota_bundala_lagoons,Bundala Lagoons,Bundala_National_Park,2025,12,444,Wikimedia Pageviews API monthly per-article
lk_hambantota_bundala_lagoons,Bundala Lagoons,Bundala_National_Park,2026,1,16,Wikimedia Pageviews API monthly per-article
lk_hambantota_hummanaya_blow_hole,Hummanaya Blow Hole,Hummanaya,2024,1,536,Wikimedia Pageviews API monthly per-article
lk_hambantota_hummanaya_blow_hole,Hummanaya Blow Hole,Hummanaya,2024,2,414,Wikimedia Pageviews API monthly per-article
lk_hambantota_hummanaya_blow_hole,Hummanaya Blow Hole,Hummanaya,2024,3,309,Wikimedia Pageviews API monthly per-article
lk_hambantota_hummanaya_blow_hole,Hummanaya Blow Hole,Hummanaya,2024,4,390,Wikimedia Pageviews API monthly per-article
lk_hambantota_hummanaya_blow_hole,Hummanaya Blow Hole,Hummanaya,2024,5,249,Wikimedia Pageviews API monthly per-article
lk_hambantota_hummanaya_blow_hole,Hummanaya Blow Hole,Hummanaya,2024,6,265,Wikimedia Pageviews API monthly per-article
lk_hambantota_hummanaya_blow_hole,Hummanaya Blow Hole,Hummanaya,2024,7,312,Wikimedia Pageviews API monthly per-article
lk_hambantota_hummanaya_blow_hole,Hummanaya Blow Hole,Hummanaya,2024,8,308,Wikimedia Pageviews API monthly per-article
lk_hambantota_hummanaya_blow_hole,Hummanaya Blow Hole,Hummanaya,2024,9,265,Wikimedia Pageviews API monthly per-article
lk_hambantota_hummanaya_blow_hole,Hummanaya Blow Hole,Hummanaya,2024,10,251,Wikimedia Pageviews API monthly per-article
lk_hambantota_hummanaya_blow_hole,Hummanaya Blow Hole,Hummanaya,2024,11,276,Wikimedia Pageviews API monthly per-article
lk_hambantota_hummanaya_blow_hole,Hummanaya Blow Hole,Hummanaya,2024,12,366,Wikimedia Pageviews API monthly per-article
lk_hambantota_hummanaya_blow_hole,Hummanaya Blow Hole,Hummanaya,2025,1,356,Wikimedia Pageviews API monthly per-article
lk_hambantota_hummanaya_blow_hole,Hummanaya Blow Hole,Hummanaya,2025,2,269,Wikimedia Pageviews API monthly per-article
lk_hambantota_hummanaya_blow_hole,Hummanaya Blow Hole,Hummanaya,2025,3,291,Wikimedia Pageviews API monthly per-article
lk_hambantota_hummanaya_blow_hole,Hummanaya Blow Hole,Hummanaya,2025,4,277,Wikimedia Pageviews API monthly per-article
lk_hambantota_hummanaya_blow_hole,Hummanaya Blow Hole,Hummanaya,2025,5,239,Wikimedia Pageviews API monthly per-article
lk_hambantota_hummanaya_blow_hole,Hummanaya Blow Hole,Hummanaya,2025,6,224,Wikimedia Pageviews API monthly per-article
lk_hambantota_hummanaya_blow_hole,Hummanaya Blow Hole,Hummanaya,2025,7,277,Wikimedia Pageviews API monthly per-article
lk_hambantota_hummanaya_blow_hole,Hummanaya Blow Hole,Hummanaya,2025,8,356,Wikimedia Pageviews API monthly per-article
lk_hambantota_hummanaya_blow_hole,Hummanaya Blow Hole,Hummanaya,2025,9,264,Wikimedia Pageviews API monthly per-article
lk_hambantota_hummanaya_blow_hole,Hummanaya Blow Hole,Hummanaya,2025,10,292,Wikimedia Pageviews API monthly per-article
lk_hambantota_hummanaya_blow_hole,Hummanaya Blow Hole,Hummanaya,2025,11,247,Wikimedia Pageviews API monthly per-article
lk_hambantota_hummanaya_blow_hole,Hummanaya Blow Hole,Hummanaya,2025,12,270,Wikimedia Pageviews API monthly per-article
lk_hambantota_hummanaya_blow_hole,Hummanaya Blow Hole,Hummanaya,2026,1,5,Wikimedia Pageviews API monthly per-article
lk_hambantota_kirinda_beach,Kirinda Beach,Kirinda,2024,1,188,Wikimedia Pageviews API monthly per-article
lk_hambantota_kirinda_beach,Kirinda Beach,Kirinda,2024,2,93,Wikimedia Pageviews API monthly per-article
lk_hambantota_kirinda_beach,Kirinda Beach,Kirinda,2024,3,86,Wikimedia Pageviews API monthly per-article
lk_hambantota_kirinda_beach,Kirinda Beach,Kirinda,2024,4,96,Wikimedia Pageviews API monthly per-article
lk_hambantota_kirinda_beach,Kirinda Beach,Kirinda,2024,5,106,Wikimedia Pageviews API monthly per-article
lk_hambantota_kirinda_beach,Kirinda Beach,Kirinda,2024,6,72,Wikimedia Pageviews API monthly per-article
lk_hambantota_kirinda_beach,Kirinda Beach,Kirinda,2024,7,69,Wikimedia Pageviews API monthly per-article
lk_hambantota_kirinda_beach,Kirinda Beach,Kirinda,2024,8,74,Wikimedia Pageviews API monthly per-article
lk_hambantota_kirinda_beach,Kirinda Beach,Kirinda,2024,9,68,Wikimedia Pageviews API monthly per-article
lk_hambantota_kirinda_beach,Kirinda Beach,Kirinda,2024,10,69,Wikimedia Pageviews API monthly per-article
lk_hambantota_kirinda_beach,Kirinda Beach,Kirinda,2024,11,77,Wikimedia Pageviews API monthly per-article
lk_hambantota_kirinda_beach,Kirinda Beach,Kirinda,2024,12,88,Wikimedia Pageviews API monthly per-article
lk_hambantota_kirinda_beach,Kirinda Beach,Kirinda,2025,1,90,Wikimedia Pageviews API monthly per-article
lk_hambantota_kirinda_beach,Kirinda Beach,Kirinda,2025,2,97,Wikimedia Pageviews API monthly per-article
lk_hambantota_kirinda_beach,Kirinda Beach,Kirinda,2025,3,99,Wikimedia Pageviews API monthly per-article
lk_hambantota_kirinda_beach,Kirinda Beach,Kirinda,2025,4,83,Wikimedia Pageviews API monthly per-article
lk_hambantota_kirinda_beach,Kirinda Beach,Kirinda,2025,5,106,Wikimedia Pageviews API monthly per-article
lk_hambantota_kirinda_beach,Kirinda Beach,Kirinda,2025,6,40,Wikimedia Pageviews API monthly per-article
lk_hambantota_kirinda_beach,Kirinda Beach,Kirinda,2025,7,96,Wikimedia Pageviews API monthly per-article
lk_hambantota_kirinda_beach,Kirinda Beach,Kirinda,2025,8,116,Wikimedia Pageviews API monthly per-article
lk_hambantota_kirinda_beach,Kirinda Beach,Kirinda,2025,9,119,Wikimedia Pageviews API monthly per-article
lk_hambantota_kirinda_beach,Kirinda Beach,Kirinda,2025,10,183,Wikimedia Pageviews API monthly per-article
lk_hambantota_kirinda_beach,Kirinda Beach,Kirinda,2025,11,89,Wikimedia Pageviews API monthly per-article
lk_hambantota_kirinda_beach,Kirinda Beach,Kirinda,2025,12,87,Wikimedia Pageviews API monthly per-article
lk_hambantota_kirinda_beach,Kirinda Beach,Kirinda,2026,1,2,Wikimedia Pageviews API monthly per-article
lk_hambantota_ridiyagama_safari_park,Ridiyagama Safari Park,Ridiyagama_Safari_Park,2024,1,392,Wikimedia Pageviews API monthly per-article
lk_hambantota_ridiyagama_safari_park,Ridiyagama Safari Park,Ridiyagama_Safari_Park,2024,2,316,Wikimedia Pageviews API monthly per-article
lk_hambantota_ridiyagama_safari_park,Ridiyagama Safari Park,Ridiyagama_Safari_Park,2024,3,421,Wikimedia Pageviews API monthly per-article
lk_hambantota_ridiyagama_safari_park,Ridiyagama Safari Park,Ridiyagama_Safari_Park,2024,4,326,Wikimedia Pageviews API monthly per-article
lk_hambantota_ridiyagama_safari_park,Ridiyagama Safari Park,Ridiyagama_Safari_Park,2024,5,362,Wikimedia Pageviews API monthly per-article
lk_hambantota_ridiyagama_safari_park,Ridiyagama Safari Park,Ridiyagama_Safari_Park,2024,6,251,Wikimedia Pageviews API monthly per-article
lk_hambantota_ridiyagama_safari_park,Ridiyagama Safari Park,Ridiyagama_Safari_Park,2024,7,258,Wikimedia Pageviews API monthly per-article
lk_hambantota_ridiyagama_safari_park,Ridiyagama Safari Park,Ridiyagama_Safari_Park,2024,8,323,Wikimedia Pageviews API monthly per-article
lk_hambantota_ridiyagama_safari_park,Ridiyagama Safari Park,Ridiyagama_Safari_Park,2024,9,287,Wikimedia Pageviews API monthly per-article
lk_hambantota_ridiyagama_safari_park,Ridiyagama Safari Park,Ridiyagama_Safari_Park,2024,10,254,Wikimedia Pageviews API monthly per-article
lk_hambantota_ridiyagama_safari_park,Ridiyagama Safari Park,Ridiyagama_Safari_Park,2024,11,229,Wikimedia Pageviews API monthly per-article
lk_hambantota_ridiyagama_safari_park,Ridiyagama Safari Park,Ridiyagama_Safari_Park,2024,12,497,Wikimedia Pageviews API monthly per-article
lk_hambantota_ridiyagama_safari_park,Ridiyagama Safari Park,Ridiyagama_Safari_Park,2025,1,438,Wikimedia Pageviews API monthly per-article
lk_hambantota_ridiyagama_safari_park,Ridiyagama Safari Park,Ridiyagama_Safari_Park,2025,2,307,Wikimedia Pageviews API monthly per-article
lk_hambantota_ridiyagama_safari_park,Ridiyagama Safari Park,Ridiyagama_Safari_Park,2025,3,359,Wikimedia Pageviews API monthly per-article
lk_hambantota_ridiyagama_safari_park,Ridiyagama Safari Park,Ridiyagama_Safari_Park,2025,4,430,Wikimedia Pageviews API monthly per-article
lk_hambantota_ridiyagama_safari_park,Ridiyagama Safari Park,Ridiyagama_Safari_Park,2025,5,239,Wikimedia Pageviews API monthly per-article
lk_hambantota_ridiyagama_safari_park,Ridiyagama Safari Park,Ridiyagama_Safari_Park,2025,6,205,Wikimedia Pageviews API monthly per-article
lk_hambantota_ridiyagama_safari_park,Ridiyagama Safari Park,Ridiyagama_Safari_Park,2025,7,304,Wikimedia Pageviews API monthly per-article
lk_hambantota_ridiyagama_safari_park,Ridiyagama Safari Park,Ridiyagama_Safari_Park,2025,8,354,Wikimedia Pageviews API monthly per-article
lk_hambantota_ridiyagama_safari_park,Ridiyagama Safari Park,Ridiyagama_Safari_Park,2025,9,240,Wikimedia Pageviews API monthly per-article
lk_hambantota_ridiyagama_safari_park,Ridiyagama Safari Park,Ridiyagama_Safari_Park,2025,10,230,Wikimedia Pageviews API monthly per-article
lk_hambantota_ridiyagama_safari_park,Ridiyagama Safari Park,Ridiyagama_Safari_Park,2025,11,265,Wikimedia Pageviews API monthly per-article
lk_hambantota_ridiyagama_safari_park,Ridiyagama Safari Park,Ridiyagama_Safari_Park,2025,12,265,Wikimedia Pageviews API monthly per-article
lk_hambantota_ridiyagama_safari_park,Ridiyagama Safari Park,Ridiyagama_Safari_Park,2026,1,4,Wikimedia Pageviews API monthly per-article
lk_hambantota_yatala_vehera,Yatala Vehera,Yatala_Vehera,2024,1,112,Wikimedia Pageviews API monthly per-article
lk_hambantota_yatala_vehera,Yatala Vehera,Yatala_Vehera,2024,2,116,Wikimedia Pageviews API monthly per-article
lk_hambantota_yatala_vehera,Yatala Vehera,Yatala_Vehera,2024,3,153,Wikimedia Pageviews API monthly per-article
lk_hambantota_yatala_vehera,Yatala Vehera,Yatala_Vehera,2024,4,110,Wikimedia Pageviews API monthly per-article
lk_hambantota_yatala_vehera,Yatala Vehera,Yatala_Vehera,2024,5,94,Wikimedia Pageviews API monthly per-article
lk_hambantota_yatala_vehera,Yatala Vehera,Yatala_Vehera,2024,6,105,Wikimedia Pageviews API monthly per-article
lk_hambantota_yatala_vehera,Yatala Vehera,Yatala_Vehera,2024,7,106,Wikimedia Pageviews API monthly per-article
lk_hambantota_yatala_vehera,Yatala Vehera,Yatala_Vehera,2024,8,101,Wikimedia Pageviews API monthly per-article
lk_hambantota_yatala_vehera,Yatala Vehera,Yatala_Vehera,2024,9,89,Wikimedia Pageviews API monthly per-article
lk_hambantota_yatala_vehera,Yatala Vehera,Yatala_Vehera,2024,10,73,Wikimedia Pageviews API monthly per-article
lk_hambantota_yatala_vehera,Yatala Vehera,Yatala_Vehera,2024,11,60,Wikimedia Pageviews API monthly per-article
lk_hambantota_yatala_vehera,Yatala Vehera,Yatala_Vehera,2024,12,125,Wikimedia Pageviews API monthly per-article
lk_hambantota_yatala_vehera,Yatala Vehera,Yatala_Vehera,2025,1,126,Wikimedia Pageviews API monthly per-article
lk_hambantota_yatala_vehera,Yatala Vehera,Yatala_Vehera,2025,2,110,Wikimedia Pageviews API monthly per-article
lk_hambantota_yatala_vehera,Yatala Vehera,Yatala_Vehera,2025,3,121,Wikimedia Pageviews API monthly per-article
lk_hambantota_yatala_vehera,Yatala Vehera,Yatala_Vehera,2025,4,274,Wikimedia Pageviews API monthly per-article
lk_hambantota_yatala_vehera,Yatala Vehera,Yatala_Vehera,2025,5,115,Wikimedia Pageviews API monthly per-article
lk_hambantota_yatala_vehera,Yatala Vehera,Yatala_Vehera,2025,6,84,Wikimedia Pageviews API monthly per-article
lk_hambantota_yatala_vehera,Yatala Vehera,Yatala_Vehera,2025,7,75,Wikimedia Pageviews API monthly per-article
lk_hambantota_yatala_vehera,Yatala Vehera,Yatala_Vehera,2025,8,107,Wikimedia Pageviews API monthly per-article
lk_hambantota_yatala_vehera,Yatala Vehera,Yatala_Vehera,2025,9,85,Wikimedia Pageviews API monthly per-article
lk_hambantota_yatala_vehera,Yatala Vehera,Yatala_Vehera,2025,10,94,Wikimedia Pageviews API monthly per-article
lk_hambantota_yatala_vehera,Yatala Vehera,Yatala_Vehera,2025,11,102,Wikimedia Pageviews API monthly per-article
lk_hambantota_yatala_vehera,Yatala Vehera,Yatala_Vehera,2025,12,105,Wikimedia Pageviews API monthly per-article
lk_hambantota_yatala_vehera,Yatala Vehera,Yatala_Vehera,2026,1,3,Wikimedia Pageviews API monthly per-article
lk_jaffna_nallur_kandaswamy_kovil,Nallur Kandaswamy Kovil,Nallur_Kandaswamy_temple,2024,1,3690,Wikimedia Pageviews API monthly per-article
lk_jaffna_nallur_kandaswamy_kovil,Nallur Kandaswamy Kovil,Nallur_Kandaswamy_temple,2024,2,3481,Wikimedia Pageviews API monthly per-article
lk_jaffna_nallur_kandaswamy_kovil,Nallur Kandaswamy Kovil,Nallur_Kandaswamy_temple,2024,3,2906,Wikimedia Pageviews API monthly per-article
lk_jaffna_nallur_kandaswamy_kovil,Nallur Kandaswamy Kovil,Nallur_Kandaswamy_temple,2024,4,3095,Wikimedia Pageviews API monthly per-article
lk_jaffna_nallur_kandaswamy_kovil,Nallur Kandaswamy Kovil,Nallur_Kandaswamy_temple,2024,5,2608,Wikimedia Pageviews API monthly per-article
lk_jaffna_nallur_kandaswamy_kovil,Nallur Kandaswamy Kovil,Nallur_Kandaswamy_temple,2024,6,2443,Wikimedia Pageviews API monthly per-article
lk_jaffna_nallur_kandaswamy_kovil,Nallur Kandaswamy Kovil,Nallur_Kandaswamy_temple,2024,7,3014,Wikimedia Pageviews API monthly per-article
lk_jaffna_nallur_kandaswamy_kovil,Nallur Kandaswamy Kovil,Nallur_Kandaswamy_temple,2024,8,6010,Wikimedia Pageviews API monthly per-article
lk_jaffna_nallur_kandaswamy_kovil,Nallur Kandaswamy Kovil,Nallur_Kandaswamy_temple,2024,9,4910,Wikimedia Pageviews API monthly per-article
lk_jaffna_nallur_kandaswamy_kovil,Nallur Kandaswamy Kovil,Nallur_Kandaswamy_temple,2024,10,2686,Wikimedia Pageviews API monthly per-article
lk_jaffna_nallur_kandaswamy_kovil,Nallur Kandaswamy Kovil,Nallur_Kandaswamy_temple,2024,11,3879,Wikimedia Pageviews API monthly per-article
lk_jaffna_nallur_kandaswamy_kovil,Nallur Kandaswamy Kovil,Nallur_Kandaswamy_temple,2024,12,2285,Wikimedia Pageviews API monthly per-article
lk_jaffna_nallur_kandaswamy_kovil,Nallur Kandaswamy Kovil,Nallur_Kandaswamy_temple,2025,1,2663,Wikimedia Pageviews API monthly per-article
lk_jaffna_nallur_kandaswamy_kovil,Nallur Kandaswamy Kovil,Nallur_Kandaswamy_temple,2025,2,2542,Wikimedia Pageviews API monthly per-article
lk_jaffna_nallur_kandaswamy_kovil,Nallur Kandaswamy Kovil,Nallur_Kandaswamy_temple,2025,3,2736,Wikimedia Pageviews API monthly per-article
lk_jaffna_nallur_kandaswamy_kovil,Nallur Kandaswamy Kovil,Nallur_Kandaswamy_temple,2025,4,2557,Wikimedia Pageviews API monthly per-article
lk_jaffna_nallur_kandaswamy_kovil,Nallur Kandaswamy Kovil,Nallur_Kandaswamy_temple,2025,5,2383,Wikimedia Pageviews API monthly per-article
lk_jaffna_nallur_kandaswamy_kovil,Nallur Kandaswamy Kovil,Nallur_Kandaswamy_temple,2025,6,2180,Wikimedia Pageviews API monthly per-article
lk_jaffna_nallur_kandaswamy_kovil,Nallur Kandaswamy Kovil,Nallur_Kandaswamy_temple,2025,7,2598,Wikimedia Pageviews API monthly per-article
lk_jaffna_nallur_kandaswamy_kovil,Nallur Kandaswamy Kovil,Nallur_Kandaswamy_temple,2025,8,5127,Wikimedia Pageviews API monthly per-article
lk_jaffna_nallur_kandaswamy_kovil,Nallur Kandaswamy Kovil,Nallur_Kandaswamy_temple,2025,9,2679,Wikimedia Pageviews API monthly per-article
lk_jaffna_nallur_kandaswamy_kovil,Nallur Kandaswamy Kovil,Nallur_Kandaswamy_temple,2025,10,2590,Wikimedia Pageviews API monthly per-article
lk_jaffna_nallur_kandaswamy_kovil,Nallur Kandaswamy Kovil,Nallur_Kandaswamy_temple,2025,11,1852,Wikimedia Pageviews API monthly per-article
lk_jaffna_nallur_kandaswamy_kovil,Nallur Kandaswamy Kovil,Nallur_Kandaswamy_temple,2025,12,2564,Wikimedia Pageviews API monthly per-article
lk_jaffna_nallur_kandaswamy_kovil,Nallur Kandaswamy Kovil,Nallur_Kandaswamy_temple,2026,1,46,Wikimedia Pageviews API monthly per-article
lk_jaffna_delft_island,Delft Island,Delft_Island,2024,1,49,Wikimedia Pageviews API monthly per-article
lk_jaffna_delft_island,Delft Island,Delft_Island,2024,2,22,Wikimedia Pageviews API monthly per-article
lk_jaffna_delft_island,Delft Island,Delft_Island,2024,3,36,Wikimedia Pageviews API monthly per-article
lk_jaffna_delft_island,Delft Island,Delft_Island,2024,4,44,Wikimedia Pageviews API monthly per-article
lk_jaffna_delft_island,Delft Island,Delft_Island,2024,5,101,Wikimedia Pageviews API monthly per-article
lk_jaffna_delft_island,Delft Island,Delft_Island,2024,6,34,Wikimedia Pageviews API monthly per-article
lk_jaffna_delft_island,Delft Island,Delft_Island,2024,7,32,Wikimedia Pageviews API monthly per-article
lk_jaffna_delft_island,Delft Island,Delft_Island,2024,8,29,Wikimedia Pageviews API monthly per-article
lk_jaffna_delft_island,Delft Island,Delft_Island,2024,9,35,Wikimedia Pageviews API monthly per-article
lk_jaffna_delft_island,Delft Island,Delft_Island,2024,10,31,Wikimedia Pageviews API monthly per-article
lk_jaffna_delft_island,Delft Island,Delft_Island,2024,11,41,Wikimedia Pageviews API monthly per-article
lk_jaffna_delft_island,Delft Island,Delft_Island,2024,12,35,Wikimedia Pageviews API monthly per-article
lk_jaffna_delft_island,Delft Island,Delft_Island,2025,1,41,Wikimedia Pageviews API monthly per-article
lk_jaffna_delft_island,Delft Island,Delft_Island,2025,2,32,Wikimedia Pageviews API monthly per-article
lk_jaffna_delft_island,Delft Island,Delft_Island,2025,3,58,Wikimedia Pageviews API monthly per-article
lk_jaffna_delft_island,Delft Island,Delft_Island,2025,4,52,Wikimedia Pageviews API monthly per-article
lk_jaffna_delft_island,Delft Island,Delft_Island,2025,5,204,Wikimedia Pageviews API monthly per-article
lk_jaffna_delft_island,Delft Island,Delft_Island,2025,6,60,Wikimedia Pageviews API monthly per-article
lk_jaffna_delft_island,Delft Island,Delft_Island,2025,7,74,Wikimedia Pageviews API monthly per-article
lk_jaffna_delft_island,Delft Island,Delft_Island,2025,8,79,Wikimedia Pageviews API monthly per-article
lk_jaffna_delft_island,Delft Island,Delft_Island,2025,9,61,Wikimedia Pageviews API monthly per-article
lk_jaffna_delft_island,Delft Island,Delft_Island,2025,10,49,Wikimedia Pageviews API monthly per-article
lk_jaffna_delft_island,Delft Island,Delft_Island,2025,11,42,Wikimedia Pageviews API monthly per-article
lk_jaffna_delft_island,Delft Island,Delft_Island,2025,12,40,Wikimedia Pageviews API monthly per-article
lk_jaffna_delft_island,Delft Island,Delft_Island,2026,1,3,Wikimedia Pageviews API monthly per-article
lk_jaffna_jaffna_fort,Jaffna Fort,Jaffna_Fort,2024,1,1396,Wikimedia Pageviews API monthly per-article
lk_jaffna_jaffna_fort,Jaffna Fort,Jaffna_Fort,2024,2,1239,Wikimedia Pageviews API monthly per-article
lk_jaffna_jaffna_fort,Jaffna Fort,Jaffna_Fort,2024,3,920,Wikimedia Pageviews API monthly per-article
lk_jaffna_jaffna_fort,Jaffna Fort,Jaffna_Fort,2024,4,799,Wikimedia Pageviews API monthly per-article
lk_jaffna_jaffna_fort,Jaffna Fort,Jaffna_Fort,2024,5,786,Wikimedia Pageviews API monthly per-article
lk_jaffna_jaffna_fort,Jaffna Fort,Jaffna_Fort,2024,6,779,Wikimedia Pageviews API monthly per-article
lk_jaffna_jaffna_fort,Jaffna Fort,Jaffna_Fort,2024,7,979,Wikimedia Pageviews API monthly per-article
lk_jaffna_jaffna_fort,Jaffna Fort,Jaffna_Fort,2024,8,892,Wikimedia Pageviews API monthly per-article
lk_jaffna_jaffna_fort,Jaffna Fort,Jaffna_Fort,2024,9,958,Wikimedia Pageviews API monthly per-article
lk_jaffna_jaffna_fort,Jaffna Fort,Jaffna_Fort,2024,10,1184,Wikimedia Pageviews API monthly per-article
lk_jaffna_jaffna_fort,Jaffna Fort,Jaffna_Fort,2024,11,1069,Wikimedia Pageviews API monthly per-article
lk_jaffna_jaffna_fort,Jaffna Fort,Jaffna_Fort,2024,12,918,Wikimedia Pageviews API monthly per-article
lk_jaffna_jaffna_fort,Jaffna Fort,Jaffna_Fort,2025,1,915,Wikimedia Pageviews API monthly per-article
lk_jaffna_jaffna_fort,Jaffna Fort,Jaffna_Fort,2025,2,769,Wikimedia Pageviews API monthly per-article
lk_jaffna_jaffna_fort,Jaffna Fort,Jaffna_Fort,2025,3,739,Wikimedia Pageviews API monthly per-article
lk_jaffna_jaffna_fort,Jaffna Fort,Jaffna_Fort,2025,4,660,Wikimedia Pageviews API monthly per-article
lk_jaffna_jaffna_fort,Jaffna Fort,Jaffna_Fort,2025,5,761,Wikimedia Pageviews API monthly per-article
lk_jaffna_jaffna_fort,Jaffna Fort,Jaffna_Fort,2025,6,625,Wikimedia Pageviews API monthly per-article
lk_jaffna_jaffna_fort,Jaffna Fort,Jaffna_Fort,2025,7,870,Wikimedia Pageviews API monthly per-article
lk_jaffna_jaffna_fort,Jaffna Fort,Jaffna_Fort,2025,8,942,Wikimedia Pageviews API monthly per-article
lk_jaffna_jaffna_fort,Jaffna Fort,Jaffna_Fort,2025,9,740,Wikimedia Pageviews API monthly per-article
lk_jaffna_jaffna_fort,Jaffna Fort,Jaffna_Fort,2025,10,1086,Wikimedia Pageviews API monthly per-article
lk_jaffna_jaffna_fort,Jaffna Fort,Jaffna_Fort,2025,11,705,Wikimedia Pageviews API monthly per-article
lk_jaffna_jaffna_fort,Jaffna Fort,Jaffna_Fort,2025,12,468,Wikimedia Pageviews API monthly per-article
lk_jaffna_jaffna_fort,Jaffna Fort,Jaffna_Fort,2026,1,15,Wikimedia Pageviews API monthly per-article
lk_jaffna_keerimalai_naguleswaram_temple,Keerimalai Naguleswaram Temple,Naguleswaram_temple,2024,1,530,Wikimedia Pageviews API monthly per-article
lk_jaffna_keerimalai_naguleswaram_temple,Keerimalai Naguleswaram Temple,Naguleswaram_temple,2024,2,452,Wikimedia Pageviews API monthly per-article
lk_jaffna_keerimalai_naguleswaram_temple,Keerimalai Naguleswaram Temple,Naguleswaram_temple,2024,3,599,Wikimedia Pageviews API monthly per-article
lk_jaffna_keerimalai_naguleswaram_temple,Keerimalai Naguleswaram Temple,Naguleswaram_temple,2024,4,528,Wikimedia Pageviews API monthly per-article
lk_jaffna_keerimalai_naguleswaram_temple,Keerimalai Naguleswaram Temple,Naguleswaram_temple,2024,5,335,Wikimedia Pageviews API monthly per-article
lk_jaffna_keerimalai_naguleswaram_temple,Keerimalai Naguleswaram Temple,Naguleswaram_temple,2024,6,326,Wikimedia Pageviews API monthly per-article
lk_jaffna_keerimalai_naguleswaram_temple,Keerimalai Naguleswaram Temple,Naguleswaram_temple,2024,7,436,Wikimedia Pageviews API monthly per-article
lk_jaffna_keerimalai_naguleswaram_temple,Keerimalai Naguleswaram Temple,Naguleswaram_temple,2024,8,512,Wikimedia Pageviews API monthly per-article
lk_jaffna_keerimalai_naguleswaram_temple,Keerimalai Naguleswaram Temple,Naguleswaram_temple,2024,9,428,Wikimedia Pageviews API monthly per-article
lk_jaffna_keerimalai_naguleswaram_temple,Keerimalai Naguleswaram Temple,Naguleswaram_temple,2024,10,361,Wikimedia Pageviews API monthly per-article
lk_jaffna_keerimalai_naguleswaram_temple,Keerimalai Naguleswaram Temple,Naguleswaram_temple,2024,11,405,Wikimedia Pageviews API monthly per-article
lk_jaffna_keerimalai_naguleswaram_temple,Keerimalai Naguleswaram Temple,Naguleswaram_temple,2024,12,373,Wikimedia Pageviews API monthly per-article
lk_jaffna_keerimalai_naguleswaram_temple,Keerimalai Naguleswaram Temple,Naguleswaram_temple,2025,1,471,Wikimedia Pageviews API monthly per-article
lk_jaffna_keerimalai_naguleswaram_temple,Keerimalai Naguleswaram Temple,Naguleswaram_temple,2025,2,480,Wikimedia Pageviews API monthly per-article
lk_jaffna_keerimalai_naguleswaram_temple,Keerimalai Naguleswaram Temple,Naguleswaram_temple,2025,3,389,Wikimedia Pageviews API monthly per-article
lk_jaffna_keerimalai_naguleswaram_temple,Keerimalai Naguleswaram Temple,Naguleswaram_temple,2025,4,424,Wikimedia Pageviews API monthly per-article
lk_jaffna_keerimalai_naguleswaram_temple,Keerimalai Naguleswaram Temple,Naguleswaram_temple,2025,5,397,Wikimedia Pageviews API monthly per-article
lk_jaffna_keerimalai_naguleswaram_temple,Keerimalai Naguleswaram Temple,Naguleswaram_temple,2025,6,346,Wikimedia Pageviews API monthly per-article
lk_jaffna_keerimalai_naguleswaram_temple,Keerimalai Naguleswaram Temple,Naguleswaram_temple,2025,7,440,Wikimedia Pageviews API monthly per-article
lk_jaffna_keerimalai_naguleswaram_temple,Keerimalai Naguleswaram Temple,Naguleswaram_temple,2025,8,522,Wikimedia Pageviews API monthly per-article
lk_jaffna_keerimalai_naguleswaram_temple,Keerimalai Naguleswaram Temple,Naguleswaram_temple,2025,9,402,Wikimedia Pageviews API monthly per-article
lk_jaffna_keerimalai_naguleswaram_temple,Keerimalai Naguleswaram Temple,Naguleswaram_temple,2025,10,434,Wikimedia Pageviews API monthly per-article
lk_jaffna_keerimalai_naguleswaram_temple,Keerimalai Naguleswaram Temple,Naguleswaram_temple,2025,11,438,Wikimedia Pageviews API monthly per-article
lk_jaffna_keerimalai_naguleswaram_temple,Keerimalai Naguleswaram Temple,Naguleswaram_temple,2025,12,316,Wikimedia Pageviews API monthly per-article
lk_jaffna_keerimalai_naguleswaram_temple,Keerimalai Naguleswaram Temple,Naguleswaram_temple,2026,1,12,Wikimedia Pageviews API monthly per-article
lk_jaffna_nagadeepa_purana_vihara,Nagadeepa Purana Vihara,Nagadeepa_Purana_Vihara,2024,1,857,Wikimedia Pageviews API monthly per-article
lk_jaffna_nagadeepa_purana_vihara,Nagadeepa Purana Vihara,Nagadeepa_Purana_Vihara,2024,2,729,Wikimedia Pageviews API monthly per-article
lk_jaffna_nagadeepa_purana_vihara,Nagadeepa Purana Vihara,Nagadeepa_Purana_Vihara,2024,3,651,Wikimedia Pageviews API monthly per-article
lk_jaffna_nagadeepa_purana_vihara,Nagadeepa Purana Vihara,Nagadeepa_Purana_Vihara,2024,4,651,Wikimedia Pageviews API monthly per-article
lk_jaffna_nagadeepa_purana_vihara,Nagadeepa Purana Vihara,Nagadeepa_Purana_Vihara,2024,5,567,Wikimedia Pageviews API monthly per-article
lk_jaffna_nagadeepa_purana_vihara,Nagadeepa Purana Vihara,Nagadeepa_Purana_Vihara,2024,6,501,Wikimedia Pageviews API monthly per-article
lk_jaffna_nagadeepa_purana_vihara,Nagadeepa Purana Vihara,Nagadeepa_Purana_Vihara,2024,7,593,Wikimedia Pageviews API monthly per-article
lk_jaffna_nagadeepa_purana_vihara,Nagadeepa Purana Vihara,Nagadeepa_Purana_Vihara,2024,8,558,Wikimedia Pageviews API monthly per-article
lk_jaffna_nagadeepa_purana_vihara,Nagadeepa Purana Vihara,Nagadeepa_Purana_Vihara,2024,9,527,Wikimedia Pageviews API monthly per-article
lk_jaffna_nagadeepa_purana_vihara,Nagadeepa Purana Vihara,Nagadeepa_Purana_Vihara,2024,10,580,Wikimedia Pageviews API monthly per-article
lk_jaffna_nagadeepa_purana_vihara,Nagadeepa Purana Vihara,Nagadeepa_Purana_Vihara,2024,11,708,Wikimedia Pageviews API monthly per-article
lk_jaffna_nagadeepa_purana_vihara,Nagadeepa Purana Vihara,Nagadeepa_Purana_Vihara,2024,12,537,Wikimedia Pageviews API monthly per-article
lk_jaffna_nagadeepa_purana_vihara,Nagadeepa Purana Vihara,Nagadeepa_Purana_Vihara,2025,1,656,Wikimedia Pageviews API monthly per-article
lk_jaffna_nagadeepa_purana_vihara,Nagadeepa Purana Vihara,Nagadeepa_Purana_Vihara,2025,2,526,Wikimedia Pageviews API monthly per-article
lk_jaffna_nagadeepa_purana_vihara,Nagadeepa Purana Vihara,Nagadeepa_Purana_Vihara,2025,3,582,Wikimedia Pageviews API monthly per-article
lk_jaffna_nagadeepa_purana_vihara,Nagadeepa Purana Vihara,Nagadeepa_Purana_Vihara,2025,4,551,Wikimedia Pageviews API monthly per-article
lk_jaffna_nagadeepa_purana_vihara,Nagadeepa Purana Vihara,Nagadeepa_Purana_Vihara,2025,5,463,Wikimedia Pageviews API monthly per-article
lk_jaffna_nagadeepa_purana_vihara,Nagadeepa Purana Vihara,Nagadeepa_Purana_Vihara,2025,6,436,Wikimedia Pageviews API monthly per-article
lk_jaffna_nagadeepa_purana_vihara,Nagadeepa Purana Vihara,Nagadeepa_Purana_Vihara,2025,7,450,Wikimedia Pageviews API monthly per-article
lk_jaffna_nagadeepa_purana_vihara,Nagadeepa Purana Vihara,Nagadeepa_Purana_Vihara,2025,8,559,Wikimedia Pageviews API monthly per-article
lk_jaffna_nagadeepa_purana_vihara,Nagadeepa Purana Vihara,Nagadeepa_Purana_Vihara,2025,9,474,Wikimedia Pageviews API monthly per-article
lk_jaffna_nagadeepa_purana_vihara,Nagadeepa Purana Vihara,Nagadeepa_Purana_Vihara,2025,10,702,Wikimedia Pageviews API monthly per-article
lk_jaffna_nagadeepa_purana_vihara,Nagadeepa Purana Vihara,Nagadeepa_Purana_Vihara,2025,11,586,Wikimedia Pageviews API monthly per-article
lk_jaffna_nagadeepa_purana_vihara,Nagadeepa Purana Vihara,Nagadeepa_Purana_Vihara,2025,12,432,Wikimedia Pageviews API monthly per-article
lk_jaffna_nagadeepa_purana_vihara,Nagadeepa Purana Vihara,Nagadeepa_Purana_Vihara,2026,1,15,Wikimedia Pageviews API monthly per-article
lk_jaffna_casuarina_beach,Casuarina Beach,Casuarina_Beach,2024,1,266,Wikimedia Pageviews API monthly per-article
lk_jaffna_casuarina_beach,Casuarina Beach,Casuarina_Beach,2024,2,301,Wikimedia Pageviews API monthly per-article
lk_jaffna_casuarina_beach,Casuarina Beach,Casuarina_Beach,2024,3,311,Wikimedia Pageviews API monthly per-article
lk_jaffna_casuarina_beach,Casuarina Beach,Casuarina_Beach,2024,4,355,Wikimedia Pageviews API monthly per-article
lk_jaffna_casuarina_beach,Casuarina Beach,Casuarina_Beach,2024,5,294,Wikimedia Pageviews API monthly per-article
lk_jaffna_casuarina_beach,Casuarina Beach,Casuarina_Beach,2024,6,256,Wikimedia Pageviews API monthly per-article
lk_jaffna_casuarina_beach,Casuarina Beach,Casuarina_Beach,2024,7,294,Wikimedia Pageviews API monthly per-article
lk_jaffna_casuarina_beach,Casuarina Beach,Casuarina_Beach,2024,8,343,Wikimedia Pageviews API monthly per-article
lk_jaffna_casuarina_beach,Casuarina Beach,Casuarina_Beach,2024,9,240,Wikimedia Pageviews API monthly per-article
lk_jaffna_casuarina_beach,Casuarina Beach,Casuarina_Beach,2024,10,192,Wikimedia Pageviews API monthly per-article
lk_jaffna_casuarina_beach,Casuarina Beach,Casuarina_Beach,2024,11,220,Wikimedia Pageviews API monthly per-article
lk_jaffna_casuarina_beach,Casuarina Beach,Casuarina_Beach,2024,12,368,Wikimedia Pageviews API monthly per-article
lk_jaffna_casuarina_beach,Casuarina Beach,Casuarina_Beach,2025,1,343,Wikimedia Pageviews API monthly per-article
lk_jaffna_casuarina_beach,Casuarina Beach,Casuarina_Beach,2025,2,312,Wikimedia Pageviews API monthly per-article
lk_jaffna_casuarina_beach,Casuarina Beach,Casuarina_Beach,2025,3,328,Wikimedia Pageviews API monthly per-article
lk_jaffna_casuarina_beach,Casuarina Beach,Casuarina_Beach,2025,4,385,Wikimedia Pageviews API monthly per-article
lk_jaffna_casuarina_beach,Casuarina Beach,Casuarina_Beach,2025,5,345,Wikimedia Pageviews API monthly per-article
lk_jaffna_casuarina_beach,Casuarina Beach,Casuarina_Beach,2025,6,300,Wikimedia Pageviews API monthly per-article
lk_jaffna_casuarina_beach,Casuarina Beach,Casuarina_Beach,2025,7,342,Wikimedia Pageviews API monthly per-article
lk_jaffna_casuarina_beach,Casuarina Beach,Casuarina_Beach,2025,8,488,Wikimedia Pageviews API monthly per-article
lk_jaffna_casuarina_beach,Casuarina Beach,Casuarina_Beach,2025,9,330,Wikimedia Pageviews API monthly per-article
lk_jaffna_casuarina_beach,Casuarina Beach,Casuarina_Beach,2025,10,320,Wikimedia Pageviews API monthly per-article
lk_jaffna_casuarina_beach,Casuarina Beach,Casuarina_Beach,2025,11,288,Wikimedia Pageviews API monthly per-article
lk_jaffna_casuarina_beach,Casuarina Beach,Casuarina_Beach,2025,12,216,Wikimedia Pageviews API monthly per-article
lk_jaffna_casuarina_beach,Casuarina Beach,Casuarina_Beach,2026,1,6,Wikimedia Pageviews API monthly per-article
lk_jaffna_dambakola_patuna,Dambakola Patuna,Dambakola_Patuna,2024,1,1,Wikimedia Pageviews API monthly per-article
lk_jaffna_dambakola_patuna,Dambakola Patuna,Dambakola_Patuna,2024,2,1,Wikimedia Pageviews API monthly per-article
lk_jaffna_dambakola_patuna,Dambakola Patuna,Dambakola_Patuna,2024,3,0,Wikimedia Pageviews API monthly per-article
lk_jaffna_dambakola_patuna,Dambakola Patuna,Dambakola_Patuna,2024,4,0,Wikimedia Pageviews API monthly per-article
lk_jaffna_dambakola_patuna,Dambakola Patuna,Dambakola_Patuna,2024,5,1,Wikimedia Pageviews API monthly per-article
lk_jaffna_dambakola_patuna,Dambakola Patuna,Dambakola_Patuna,2024,6,4,Wikimedia Pageviews API monthly per-article
lk_jaffna_dambakola_patuna,Dambakola Patuna,Dambakola_Patuna,2024,7,5,Wikimedia Pageviews API monthly per-article
lk_jaffna_dambakola_patuna,Dambakola Patuna,Dambakola_Patuna,2024,8,3,Wikimedia Pageviews API monthly per-article
lk_jaffna_dambakola_patuna,Dambakola Patuna,Dambakola_Patuna,2024,9,0,Wikimedia Pageviews API monthly per-article
lk_jaffna_dambakola_patuna,Dambakola Patuna,Dambakola_Patuna,2024,10,0,Wikimedia Pageviews API monthly per-article
lk_jaffna_dambakola_patuna,Dambakola Patuna,Dambakola_Patuna,2024,11,0,Wikimedia Pageviews API monthly per-article
lk_jaffna_dambakola_patuna,Dambakola Patuna,Dambakola_Patuna,2024,12,1,Wikimedia Pageviews API monthly per-article
lk_jaffna_dambakola_patuna,Dambakola Patuna,Dambakola_Patuna,2025,1,2,Wikimedia Pageviews API monthly per-article
lk_jaffna_dambakola_patuna,Dambakola Patuna,Dambakola_Patuna,2025,2,1,Wikimedia Pageviews API monthly per-article
lk_jaffna_dambakola_patuna,Dambakola Patuna,Dambakola_Patuna,2025,3,2,Wikimedia Pageviews API monthly per-article
lk_jaffna_dambakola_patuna,Dambakola Patuna,Dambakola_Patuna,2025,4,1,Wikimedia Pageviews API monthly per-article
lk_jaffna_dambakola_patuna,Dambakola Patuna,Dambakola_Patuna,2025,5,1,Wikimedia Pageviews API monthly per-article
lk_jaffna_dambakola_patuna,Dambakola Patuna,Dambakola_Patuna,2025,6,0,Wikimedia Pageviews API monthly per-article
lk_jaffna_dambakola_patuna,Dambakola Patuna,Dambakola_Patuna,2025,7,1,Wikimedia Pageviews API monthly per-article
lk_jaffna_dambakola_patuna,Dambakola Patuna,Dambakola_Patuna,2025,8,2,Wikimedia Pageviews API monthly per-article
lk_jaffna_dambakola_patuna,Dambakola Patuna,Dambakola_Patuna,2025,9,1,Wikimedia Pageviews API monthly per-article
lk_jaffna_dambakola_patuna,Dambakola Patuna,Dambakola_Patuna,2025,10,2,Wikimedia Pageviews API monthly per-article
lk_jaffna_dambakola_patuna,Dambakola Patuna,Dambakola_Patuna,2025,11,0,Wikimedia Pageviews API monthly per-article
lk_jaffna_dambakola_patuna,Dambakola Patuna,Dambakola_Patuna,2025,12,1,Wikimedia Pageviews API monthly per-article
lk_jaffna_fort_hammenhiel,Fort Hammenhiel,Fort_Hammenhiel,2024,1,430,Wikimedia Pageviews API monthly per-article
lk_jaffna_fort_hammenhiel,Fort Hammenhiel,Fort_Hammenhiel,2024,2,326,Wikimedia Pageviews API monthly per-article
lk_jaffna_fort_hammenhiel,Fort Hammenhiel,Fort_Hammenhiel,2024,3,306,Wikimedia Pageviews API monthly per-article
lk_jaffna_fort_hammenhiel,Fort Hammenhiel,Fort_Hammenhiel,2024,4,252,Wikimedia Pageviews API monthly per-article
lk_jaffna_fort_hammenhiel,Fort Hammenhiel,Fort_Hammenhiel,2024,5,226,Wikimedia Pageviews API monthly per-article
lk_jaffna_fort_hammenhiel,Fort Hammenhiel,Fort_Hammenhiel,2024,6,202,Wikimedia Pageviews API monthly per-article
lk_jaffna_fort_hammenhiel,Fort Hammenhiel,Fort_Hammenhiel,2024,7,278,Wikimedia Pageviews API monthly per-article
lk_jaffna_fort_hammenhiel,Fort Hammenhiel,Fort_Hammenhiel,2024,8,287,Wikimedia Pageviews API monthly per-article
lk_jaffna_fort_hammenhiel,Fort Hammenhiel,Fort_Hammenhiel,2024,9,284,Wikimedia Pageviews API monthly per-article
lk_jaffna_fort_hammenhiel,Fort Hammenhiel,Fort_Hammenhiel,2024,10,268,Wikimedia Pageviews API monthly per-article
lk_jaffna_fort_hammenhiel,Fort Hammenhiel,Fort_Hammenhiel,2024,11,256,Wikimedia Pageviews API monthly per-article
lk_jaffna_fort_hammenhiel,Fort Hammenhiel,Fort_Hammenhiel,2024,12,366,Wikimedia Pageviews API monthly per-article
lk_jaffna_fort_hammenhiel,Fort Hammenhiel,Fort_Hammenhiel,2025,1,346,Wikimedia Pageviews API monthly per-article
lk_jaffna_fort_hammenhiel,Fort Hammenhiel,Fort_Hammenhiel,2025,2,266,Wikimedia Pageviews API monthly per-article
lk_jaffna_fort_hammenhiel,Fort Hammenhiel,Fort_Hammenhiel,2025,3,315,Wikimedia Pageviews API monthly per-article
lk_jaffna_fort_hammenhiel,Fort Hammenhiel,Fort_Hammenhiel,2025,4,286,Wikimedia Pageviews API monthly per-article
lk_jaffna_fort_hammenhiel,Fort Hammenhiel,Fort_Hammenhiel,2025,5,351,Wikimedia Pageviews API monthly per-article
lk_jaffna_fort_hammenhiel,Fort Hammenhiel,Fort_Hammenhiel,2025,6,224,Wikimedia Pageviews API monthly per-article
lk_jaffna_fort_hammenhiel,Fort Hammenhiel,Fort_Hammenhiel,2025,7,274,Wikimedia Pageviews API monthly per-article
lk_jaffna_fort_hammenhiel,Fort Hammenhiel,Fort_Hammenhiel,2025,8,397,Wikimedia Pageviews API monthly per-article
lk_jaffna_fort_hammenhiel,Fort Hammenhiel,Fort_Hammenhiel,2025,9,376,Wikimedia Pageviews API monthly per-article
lk_jaffna_fort_hammenhiel,Fort Hammenhiel,Fort_Hammenhiel,2025,10,309,Wikimedia Pageviews API monthly per-article
lk_jaffna_fort_hammenhiel,Fort Hammenhiel,Fort_Hammenhiel,2025,11,212,Wikimedia Pageviews API monthly per-article
lk_jaffna_fort_hammenhiel,Fort Hammenhiel,Fort_Hammenhiel,2025,12,149,Wikimedia Pageviews API monthly per-article
lk_jaffna_fort_hammenhiel,Fort Hammenhiel,Fort_Hammenhiel,2026,1,8,Wikimedia Pageviews API monthly per-article
lk_jaffna_jaffna_public_library,Jaffna Public Library,Jaffna_Public_Library,2024,1,1474,Wikimedia Pageviews API monthly per-article
lk_jaffna_jaffna_public_library,Jaffna Public Library,Jaffna_Public_Library,2024,2,726,Wikimedia Pageviews API monthly per-article
lk_jaffna_jaffna_public_library,Jaffna Public Library,Jaffna_Public_Library,2024,3,1069,Wikimedia Pageviews API monthly per-article
lk_jaffna_jaffna_public_library,Jaffna Public Library,Jaffna_Public_Library,2024,4,703,Wikimedia Pageviews API monthly per-article
lk_jaffna_jaffna_public_library,Jaffna Public Library,Jaffna_Public_Library,2024,5,728,Wikimedia Pageviews API monthly per-article
lk_jaffna_jaffna_public_library,Jaffna Public Library,Jaffna_Public_Library,2024,6,684,Wikimedia Pageviews API monthly per-article
lk_jaffna_jaffna_public_library,Jaffna Public Library,Jaffna_Public_Library,2024,7,602,Wikimedia Pageviews API monthly per-article
lk_jaffna_jaffna_public_library,Jaffna Public Library,Jaffna_Public_Library,2024,8,642,Wikimedia Pageviews API monthly per-article
lk_jaffna_jaffna_public_library,Jaffna Public Library,Jaffna_Public_Library,2024,9,750,Wikimedia Pageviews API monthly per-article
lk_jaffna_jaffna_public_library,Jaffna Public Library,Jaffna_Public_Library,2024,10,603,Wikimedia Pageviews API monthly per-article
lk_jaffna_jaffna_public_library,Jaffna Public Library,Jaffna_Public_Library,2024,11,633,Wikimedia Pageviews API monthly per-article
lk_jaffna_jaffna_public_library,Jaffna Public Library,Jaffna_Public_Library,2024,12,703,Wikimedia Pageviews API monthly per-article
lk_jaffna_jaffna_public_library,Jaffna Public Library,Jaffna_Public_Library,2025,1,759,Wikimedia Pageviews API monthly per-article
lk_jaffna_jaffna_public_library,Jaffna Public Library,Jaffna_Public_Library,2025,2,778,Wikimedia Pageviews API monthly per-article
lk_jaffna_jaffna_public_library,Jaffna Public Library,Jaffna_Public_Library,2025,3,768,Wikimedia Pageviews API monthly per-article
lk_jaffna_jaffna_public_library,Jaffna Public Library,Jaffna_Public_Library,2025,4,644,Wikimedia Pageviews API monthly per-article
lk_jaffna_jaffna_public_library,Jaffna Public Library,Jaffna_Public_Library,2025,5,785,Wikimedia Pageviews API monthly per-article
lk_jaffna_jaffna_public_library,Jaffna Public Library,Jaffna_Public_Library,2025,6,796,Wikimedia Pageviews API monthly per-article
lk_jaffna_jaffna_public_library,Jaffna Public Library,Jaffna_Public_Library,2025,7,745,Wikimedia Pageviews API monthly per-article
lk_jaffna_jaffna_public_library,Jaffna Public Library,Jaffna_Public_Library,2025,8,707,Wikimedia Pageviews API monthly per-article
lk_jaffna_jaffna_public_library,Jaffna Public Library,Jaffna_Public_Library,2025,9,627,Wikimedia Pageviews API monthly per-article
lk_jaffna_jaffna_public_library,Jaffna Public Library,Jaffna_Public_Library,2025,10,524,Wikimedia Pageviews API monthly per-article
lk_jaffna_jaffna_public_library,Jaffna Public Library,Jaffna_Public_Library,2025,11,532,Wikimedia Pageviews API monthly per-article
lk_jaffna_jaffna_public_library,Jaffna Public Library,Jaffna_Public_Library,2025,12,413,Wikimedia Pageviews API monthly per-article
lk_jaffna_jaffna_public_library,Jaffna Public Library,Jaffna_Public_Library,2026,1,11,Wikimedia Pageviews API monthly per-article
lk_jaffna_kadurugoda_vihara,Kadurugoda Vihara,Kandarodai,2024,1,242,Wikimedia Pageviews API monthly per-article
lk_jaffna_kadurugoda_vihara,Kadurugoda Vihara,Kandarodai,2024,2,232,Wikimedia Pageviews API monthly per-article
lk_jaffna_kadurugoda_vihara,Kadurugoda Vihara,Kandarodai,2024,3,278,Wikimedia Pageviews API monthly per-article
lk_jaffna_kadurugoda_vihara,Kadurugoda Vihara,Kandarodai,2024,4,286,Wikimedia Pageviews API monthly per-article
lk_jaffna_kadurugoda_vihara,Kadurugoda Vihara,Kandarodai,2024,5,169,Wikimedia Pageviews API monthly per-article
lk_jaffna_kadurugoda_vihara,Kadurugoda Vihara,Kandarodai,2024,6,161,Wikimedia Pageviews API monthly per-article
lk_jaffna_kadurugoda_vihara,Kadurugoda Vihara,Kandarodai,2024,7,188,Wikimedia Pageviews API monthly per-article
lk_jaffna_kadurugoda_vihara,Kadurugoda Vihara,Kandarodai,2024,8,214,Wikimedia Pageviews API monthly per-article
lk_jaffna_kadurugoda_vihara,Kadurugoda Vihara,Kandarodai,2024,9,198,Wikimedia Pageviews API monthly per-article
lk_jaffna_kadurugoda_vihara,Kadurugoda Vihara,Kandarodai,2024,10,216,Wikimedia Pageviews API monthly per-article
lk_jaffna_kadurugoda_vihara,Kadurugoda Vihara,Kandarodai,2024,11,156,Wikimedia Pageviews API monthly per-article
lk_jaffna_kadurugoda_vihara,Kadurugoda Vihara,Kandarodai,2024,12,267,Wikimedia Pageviews API monthly per-article
lk_jaffna_kadurugoda_vihara,Kadurugoda Vihara,Kandarodai,2025,1,250,Wikimedia Pageviews API monthly per-article
lk_jaffna_kadurugoda_vihara,Kadurugoda Vihara,Kandarodai,2025,2,238,Wikimedia Pageviews API monthly per-article
lk_jaffna_kadurugoda_vihara,Kadurugoda Vihara,Kandarodai,2025,3,252,Wikimedia Pageviews API monthly per-article
lk_jaffna_kadurugoda_vihara,Kadurugoda Vihara,Kandarodai,2025,4,197,Wikimedia Pageviews API monthly per-article
lk_jaffna_kadurugoda_vihara,Kadurugoda Vihara,Kandarodai,2025,5,215,Wikimedia Pageviews API monthly per-article
lk_jaffna_kadurugoda_vihara,Kadurugoda Vihara,Kandarodai,2025,6,209,Wikimedia Pageviews API monthly per-article
lk_jaffna_kadurugoda_vihara,Kadurugoda Vihara,Kandarodai,2025,7,242,Wikimedia Pageviews API monthly per-article
lk_jaffna_kadurugoda_vihara,Kadurugoda Vihara,Kandarodai,2025,8,226,Wikimedia Pageviews API monthly per-article
lk_jaffna_kadurugoda_vihara,Kadurugoda Vihara,Kandarodai,2025,9,173,Wikimedia Pageviews API monthly per-article
lk_jaffna_kadurugoda_vihara,Kadurugoda Vihara,Kandarodai,2025,10,210,Wikimedia Pageviews API monthly per-article
lk_jaffna_kadurugoda_vihara,Kadurugoda Vihara,Kandarodai,2025,11,222,Wikimedia Pageviews API monthly per-article
lk_jaffna_kadurugoda_vihara,Kadurugoda Vihara,Kandarodai,2025,12,148,Wikimedia Pageviews API monthly per-article
lk_jaffna_kadurugoda_vihara,Kadurugoda Vihara,Kandarodai,2026,1,8,Wikimedia Pageviews API monthly per-article
lk_jaffna_keerimalai_springs,Keerimalai Springs,Keerimalai,2024,1,271,Wikimedia Pageviews API monthly per-article
lk_jaffna_keerimalai_springs,Keerimalai Springs,Keerimalai,2024,2,278,Wikimedia Pageviews API monthly per-article
lk_jaffna_keerimalai_springs,Keerimalai Springs,Keerimalai,2024,3,273,Wikimedia Pageviews API monthly per-article
lk_jaffna_keerimalai_springs,Keerimalai Springs,Keerimalai,2024,4,221,Wikimedia Pageviews API monthly per-article
lk_jaffna_keerimalai_springs,Keerimalai Springs,Keerimalai,2024,5,210,Wikimedia Pageviews API monthly per-article
lk_jaffna_keerimalai_springs,Keerimalai Springs,Keerimalai,2024,6,209,Wikimedia Pageviews API monthly per-article
lk_jaffna_keerimalai_springs,Keerimalai Springs,Keerimalai,2024,7,207,Wikimedia Pageviews API monthly per-article
lk_jaffna_keerimalai_springs,Keerimalai Springs,Keerimalai,2024,8,275,Wikimedia Pageviews API monthly per-article
lk_jaffna_keerimalai_springs,Keerimalai Springs,Keerimalai,2024,9,235,Wikimedia Pageviews API monthly per-article
lk_jaffna_keerimalai_springs,Keerimalai Springs,Keerimalai,2024,10,169,Wikimedia Pageviews API monthly per-article
lk_jaffna_keerimalai_springs,Keerimalai Springs,Keerimalai,2024,11,190,Wikimedia Pageviews API monthly per-article
lk_jaffna_keerimalai_springs,Keerimalai Springs,Keerimalai,2024,12,235,Wikimedia Pageviews API monthly per-article
lk_jaffna_keerimalai_springs,Keerimalai Springs,Keerimalai,2025,1,224,Wikimedia Pageviews API monthly per-article
lk_jaffna_keerimalai_springs,Keerimalai Springs,Keerimalai,2025,2,257,Wikimedia Pageviews API monthly per-article
lk_jaffna_keerimalai_springs,Keerimalai Springs,Keerimalai,2025,3,209,Wikimedia Pageviews API monthly per-article
lk_jaffna_keerimalai_springs,Keerimalai Springs,Keerimalai,2025,4,240,Wikimedia Pageviews API monthly per-article
lk_jaffna_keerimalai_springs,Keerimalai Springs,Keerimalai,2025,5,189,Wikimedia Pageviews API monthly per-article
lk_jaffna_keerimalai_springs,Keerimalai Springs,Keerimalai,2025,6,198,Wikimedia Pageviews API monthly per-article
lk_jaffna_keerimalai_springs,Keerimalai Springs,Keerimalai,2025,7,273,Wikimedia Pageviews API monthly per-article
lk_jaffna_keerimalai_springs,Keerimalai Springs,Keerimalai,2025,8,325,Wikimedia Pageviews API monthly per-article
lk_jaffna_keerimalai_springs,Keerimalai Springs,Keerimalai,2025,9,214,Wikimedia Pageviews API monthly per-article
lk_jaffna_keerimalai_springs,Keerimalai Springs,Keerimalai,2025,10,195,Wikimedia Pageviews API monthly per-article
lk_jaffna_keerimalai_springs,Keerimalai Springs,Keerimalai,2025,11,149,Wikimedia Pageviews API monthly per-article
lk_jaffna_keerimalai_springs,Keerimalai Springs,Keerimalai,2025,12,114,Wikimedia Pageviews API monthly per-article
lk_jaffna_keerimalai_springs,Keerimalai Springs,Keerimalai,2026,1,6,Wikimedia Pageviews API monthly per-article
lk_jaffna_maviddapuram_kandaswamy_temple,Maviddapuram Kandaswamy Temple,Maviddapuram_Kandaswamy_Temple,2024,1,240,Wikimedia Pageviews API monthly per-article
lk_jaffna_maviddapuram_kandaswamy_temple,Maviddapuram Kandaswamy Temple,Maviddapuram_Kandaswamy_Temple,2024,2,179,Wikimedia Pageviews API monthly per-article
lk_jaffna_maviddapuram_kandaswamy_temple,Maviddapuram Kandaswamy Temple,Maviddapuram_Kandaswamy_Temple,2024,3,193,Wikimedia Pageviews API monthly per-article
lk_jaffna_maviddapuram_kandaswamy_temple,Maviddapuram Kandaswamy Temple,Maviddapuram_Kandaswamy_Temple,2024,4,166,Wikimedia Pageviews API monthly per-article
lk_jaffna_maviddapuram_kandaswamy_temple,Maviddapuram Kandaswamy Temple,Maviddapuram_Kandaswamy_Temple,2024,5,194,Wikimedia Pageviews API monthly per-article
lk_jaffna_maviddapuram_kandaswamy_temple,Maviddapuram Kandaswamy Temple,Maviddapuram_Kandaswamy_Temple,2024,6,179,Wikimedia Pageviews API monthly per-article
lk_jaffna_maviddapuram_kandaswamy_temple,Maviddapuram Kandaswamy Temple,Maviddapuram_Kandaswamy_Temple,2024,7,252,Wikimedia Pageviews API monthly per-article
lk_jaffna_maviddapuram_kandaswamy_temple,Maviddapuram Kandaswamy Temple,Maviddapuram_Kandaswamy_Temple,2024,8,291,Wikimedia Pageviews API monthly per-article
lk_jaffna_maviddapuram_kandaswamy_temple,Maviddapuram Kandaswamy Temple,Maviddapuram_Kandaswamy_Temple,2024,9,203,Wikimedia Pageviews API monthly per-article
lk_jaffna_maviddapuram_kandaswamy_temple,Maviddapuram Kandaswamy Temple,Maviddapuram_Kandaswamy_Temple,2024,10,152,Wikimedia Pageviews API monthly per-article
lk_jaffna_maviddapuram_kandaswamy_temple,Maviddapuram Kandaswamy Temple,Maviddapuram_Kandaswamy_Temple,2024,11,198,Wikimedia Pageviews API monthly per-article
lk_jaffna_maviddapuram_kandaswamy_temple,Maviddapuram Kandaswamy Temple,Maviddapuram_Kandaswamy_Temple,2024,12,219,Wikimedia Pageviews API monthly per-article
lk_jaffna_maviddapuram_kandaswamy_temple,Maviddapuram Kandaswamy Temple,Maviddapuram_Kandaswamy_Temple,2025,1,202,Wikimedia Pageviews API monthly per-article
lk_jaffna_maviddapuram_kandaswamy_temple,Maviddapuram Kandaswamy Temple,Maviddapuram_Kandaswamy_Temple,2025,2,186,Wikimedia Pageviews API monthly per-article
lk_jaffna_maviddapuram_kandaswamy_temple,Maviddapuram Kandaswamy Temple,Maviddapuram_Kandaswamy_Temple,2025,3,248,Wikimedia Pageviews API monthly per-article
lk_jaffna_maviddapuram_kandaswamy_temple,Maviddapuram Kandaswamy Temple,Maviddapuram_Kandaswamy_Temple,2025,4,397,Wikimedia Pageviews API monthly per-article
lk_jaffna_maviddapuram_kandaswamy_temple,Maviddapuram Kandaswamy Temple,Maviddapuram_Kandaswamy_Temple,2025,5,176,Wikimedia Pageviews API monthly per-article
lk_jaffna_maviddapuram_kandaswamy_temple,Maviddapuram Kandaswamy Temple,Maviddapuram_Kandaswamy_Temple,2025,6,203,Wikimedia Pageviews API monthly per-article
lk_jaffna_maviddapuram_kandaswamy_temple,Maviddapuram Kandaswamy Temple,Maviddapuram_Kandaswamy_Temple,2025,7,284,Wikimedia Pageviews API monthly per-article
lk_jaffna_maviddapuram_kandaswamy_temple,Maviddapuram Kandaswamy Temple,Maviddapuram_Kandaswamy_Temple,2025,8,201,Wikimedia Pageviews API monthly per-article
lk_jaffna_maviddapuram_kandaswamy_temple,Maviddapuram Kandaswamy Temple,Maviddapuram_Kandaswamy_Temple,2025,9,151,Wikimedia Pageviews API monthly per-article
lk_jaffna_maviddapuram_kandaswamy_temple,Maviddapuram Kandaswamy Temple,Maviddapuram_Kandaswamy_Temple,2025,10,163,Wikimedia Pageviews API monthly per-article
lk_jaffna_maviddapuram_kandaswamy_temple,Maviddapuram Kandaswamy Temple,Maviddapuram_Kandaswamy_Temple,2025,11,133,Wikimedia Pageviews API monthly per-article
lk_jaffna_maviddapuram_kandaswamy_temple,Maviddapuram Kandaswamy Temple,Maviddapuram_Kandaswamy_Temple,2025,12,114,Wikimedia Pageviews API monthly per-article
lk_jaffna_maviddapuram_kandaswamy_temple,Maviddapuram Kandaswamy Temple,Maviddapuram_Kandaswamy_Temple,2026,1,5,Wikimedia Pageviews API monthly per-article
lk_jaffna_point_pedro,Point Pedro,Point_Pedro,2024,1,2114,Wikimedia Pageviews API monthly per-article
lk_jaffna_point_pedro,Point Pedro,Point_Pedro,2024,2,1376,Wikimedia Pageviews API monthly per-article
lk_jaffna_point_pedro,Point Pedro,Point_Pedro,2024,3,1222,Wikimedia Pageviews API monthly per-article
lk_jaffna_point_pedro,Point Pedro,Point_Pedro,2024,4,1267,Wikimedia Pageviews API monthly per-article
lk_jaffna_point_pedro,Point Pedro,Point_Pedro,2024,5,851,Wikimedia Pageviews API monthly per-article
lk_jaffna_point_pedro,Point Pedro,Point_Pedro,2024,6,790,Wikimedia Pageviews API monthly per-article
lk_jaffna_point_pedro,Point Pedro,Point_Pedro,2024,7,1006,Wikimedia Pageviews API monthly per-article
lk_jaffna_point_pedro,Point Pedro,Point_Pedro,2024,8,927,Wikimedia Pageviews API monthly per-article
lk_jaffna_point_pedro,Point Pedro,Point_Pedro,2024,9,898,Wikimedia Pageviews API monthly per-article
lk_jaffna_point_pedro,Point Pedro,Point_Pedro,2024,10,809,Wikimedia Pageviews API monthly per-article
lk_jaffna_point_pedro,Point Pedro,Point_Pedro,2024,11,863,Wikimedia Pageviews API monthly per-article
lk_jaffna_point_pedro,Point Pedro,Point_Pedro,2024,12,907,Wikimedia Pageviews API monthly per-article
lk_jaffna_point_pedro,Point Pedro,Point_Pedro,2025,1,945,Wikimedia Pageviews API monthly per-article
lk_jaffna_point_pedro,Point Pedro,Point_Pedro,2025,2,873,Wikimedia Pageviews API monthly per-article
lk_jaffna_point_pedro,Point Pedro,Point_Pedro,2025,3,954,Wikimedia Pageviews API monthly per-article
lk_jaffna_point_pedro,Point Pedro,Point_Pedro,2025,4,956,Wikimedia Pageviews API monthly per-article
lk_jaffna_point_pedro,Point Pedro,Point_Pedro,2025,5,1296,Wikimedia Pageviews API monthly per-article
lk_jaffna_point_pedro,Point Pedro,Point_Pedro,2025,6,925,Wikimedia Pageviews API monthly per-article
lk_jaffna_point_pedro,Point Pedro,Point_Pedro,2025,7,1265,Wikimedia Pageviews API monthly per-article
lk_jaffna_point_pedro,Point Pedro,Point_Pedro,2025,8,1078,Wikimedia Pageviews API monthly per-article
lk_jaffna_point_pedro,Point Pedro,Point_Pedro,2025,9,898,Wikimedia Pageviews API monthly per-article
lk_jaffna_point_pedro,Point Pedro,Point_Pedro,2025,10,772,Wikimedia Pageviews API monthly per-article
lk_jaffna_point_pedro,Point Pedro,Point_Pedro,2025,11,1132,Wikimedia Pageviews API monthly per-article
lk_jaffna_point_pedro,Point Pedro,Point_Pedro,2025,12,1063,Wikimedia Pageviews API monthly per-article
lk_jaffna_point_pedro,Point Pedro,Point_Pedro,2026,1,25,Wikimedia Pageviews API monthly per-article
lk_jaffna_nilavarai_bottomless_well,Nilavarai Bottomless Well,Nilavarai,2024,1,125,Wikimedia Pageviews API monthly per-article
lk_jaffna_nilavarai_bottomless_well,Nilavarai Bottomless Well,Nilavarai,2024,2,95,Wikimedia Pageviews API monthly per-article
lk_jaffna_nilavarai_bottomless_well,Nilavarai Bottomless Well,Nilavarai,2024,3,92,Wikimedia Pageviews API monthly per-article
lk_jaffna_nilavarai_bottomless_well,Nilavarai Bottomless Well,Nilavarai,2024,4,104,Wikimedia Pageviews API monthly per-article
lk_jaffna_nilavarai_bottomless_well,Nilavarai Bottomless Well,Nilavarai,2024,5,123,Wikimedia Pageviews API monthly per-article
lk_jaffna_nilavarai_bottomless_well,Nilavarai Bottomless Well,Nilavarai,2024,6,126,Wikimedia Pageviews API monthly per-article
lk_jaffna_nilavarai_bottomless_well,Nilavarai Bottomless Well,Nilavarai,2024,7,161,Wikimedia Pageviews API monthly per-article
lk_jaffna_nilavarai_bottomless_well,Nilavarai Bottomless Well,Nilavarai,2024,8,111,Wikimedia Pageviews API monthly per-article
lk_jaffna_nilavarai_bottomless_well,Nilavarai Bottomless Well,Nilavarai,2024,9,119,Wikimedia Pageviews API monthly per-article
lk_jaffna_nilavarai_bottomless_well,Nilavarai Bottomless Well,Nilavarai,2024,10,124,Wikimedia Pageviews API monthly per-article
lk_jaffna_nilavarai_bottomless_well,Nilavarai Bottomless Well,Nilavarai,2024,11,96,Wikimedia Pageviews API monthly per-article
lk_jaffna_nilavarai_bottomless_well,Nilavarai Bottomless Well,Nilavarai,2024,12,113,Wikimedia Pageviews API monthly per-article
lk_jaffna_nilavarai_bottomless_well,Nilavarai Bottomless Well,Nilavarai,2025,1,123,Wikimedia Pageviews API monthly per-article
lk_jaffna_nilavarai_bottomless_well,Nilavarai Bottomless Well,Nilavarai,2025,2,85,Wikimedia Pageviews API monthly per-article
lk_jaffna_nilavarai_bottomless_well,Nilavarai Bottomless Well,Nilavarai,2025,3,114,Wikimedia Pageviews API monthly per-article
lk_jaffna_nilavarai_bottomless_well,Nilavarai Bottomless Well,Nilavarai,2025,4,111,Wikimedia Pageviews API monthly per-article
lk_jaffna_nilavarai_bottomless_well,Nilavarai Bottomless Well,Nilavarai,2025,5,97,Wikimedia Pageviews API monthly per-article
lk_jaffna_nilavarai_bottomless_well,Nilavarai Bottomless Well,Nilavarai,2025,6,199,Wikimedia Pageviews API monthly per-article
lk_jaffna_nilavarai_bottomless_well,Nilavarai Bottomless Well,Nilavarai,2025,7,211,Wikimedia Pageviews API monthly per-article
lk_jaffna_nilavarai_bottomless_well,Nilavarai Bottomless Well,Nilavarai,2025,8,251,Wikimedia Pageviews API monthly per-article
lk_jaffna_nilavarai_bottomless_well,Nilavarai Bottomless Well,Nilavarai,2025,9,223,Wikimedia Pageviews API monthly per-article
lk_jaffna_nilavarai_bottomless_well,Nilavarai Bottomless Well,Nilavarai,2025,10,175,Wikimedia Pageviews API monthly per-article
lk_jaffna_nilavarai_bottomless_well,Nilavarai Bottomless Well,Nilavarai,2025,11,127,Wikimedia Pageviews API monthly per-article
lk_jaffna_nilavarai_bottomless_well,Nilavarai Bottomless Well,Nilavarai,2025,12,105,Wikimedia Pageviews API monthly per-article
lk_jaffna_nilavarai_bottomless_well,Nilavarai Bottomless Well,Nilavarai,2026,1,6,Wikimedia Pageviews API monthly per-article
lk_jaffna_point_pedro_lighthouse,Point Pedro Lighthouse,Point_Pedro_Lighthouse,2024,1,40,Wikimedia Pageviews API monthly per-article
lk_jaffna_point_pedro_lighthouse,Point Pedro Lighthouse,Point_Pedro_Lighthouse,2024,2,34,Wikimedia Pageviews API monthly per-article
lk_jaffna_point_pedro_lighthouse,Point Pedro Lighthouse,Point_Pedro_Lighthouse,2024,3,36,Wikimedia Pageviews API monthly per-article
lk_jaffna_point_pedro_lighthouse,Point Pedro Lighthouse,Point_Pedro_Lighthouse,2024,4,43,Wikimedia Pageviews API monthly per-article
lk_jaffna_point_pedro_lighthouse,Point Pedro Lighthouse,Point_Pedro_Lighthouse,2024,5,34,Wikimedia Pageviews API monthly per-article
lk_jaffna_point_pedro_lighthouse,Point Pedro Lighthouse,Point_Pedro_Lighthouse,2024,6,22,Wikimedia Pageviews API monthly per-article
lk_jaffna_point_pedro_lighthouse,Point Pedro Lighthouse,Point_Pedro_Lighthouse,2024,7,41,Wikimedia Pageviews API monthly per-article
lk_jaffna_point_pedro_lighthouse,Point Pedro Lighthouse,Point_Pedro_Lighthouse,2024,8,40,Wikimedia Pageviews API monthly per-article
lk_jaffna_point_pedro_lighthouse,Point Pedro Lighthouse,Point_Pedro_Lighthouse,2024,9,22,Wikimedia Pageviews API monthly per-article
lk_jaffna_point_pedro_lighthouse,Point Pedro Lighthouse,Point_Pedro_Lighthouse,2024,10,22,Wikimedia Pageviews API monthly per-article
lk_jaffna_point_pedro_lighthouse,Point Pedro Lighthouse,Point_Pedro_Lighthouse,2024,11,17,Wikimedia Pageviews API monthly per-article
lk_jaffna_point_pedro_lighthouse,Point Pedro Lighthouse,Point_Pedro_Lighthouse,2024,12,41,Wikimedia Pageviews API monthly per-article
lk_jaffna_point_pedro_lighthouse,Point Pedro Lighthouse,Point_Pedro_Lighthouse,2025,1,36,Wikimedia Pageviews API monthly per-article
lk_jaffna_point_pedro_lighthouse,Point Pedro Lighthouse,Point_Pedro_Lighthouse,2025,2,18,Wikimedia Pageviews API monthly per-article
lk_jaffna_point_pedro_lighthouse,Point Pedro Lighthouse,Point_Pedro_Lighthouse,2025,3,42,Wikimedia Pageviews API monthly per-article
lk_jaffna_point_pedro_lighthouse,Point Pedro Lighthouse,Point_Pedro_Lighthouse,2025,4,33,Wikimedia Pageviews API monthly per-article
lk_jaffna_point_pedro_lighthouse,Point Pedro Lighthouse,Point_Pedro_Lighthouse,2025,5,26,Wikimedia Pageviews API monthly per-article
lk_jaffna_point_pedro_lighthouse,Point Pedro Lighthouse,Point_Pedro_Lighthouse,2025,6,32,Wikimedia Pageviews API monthly per-article
lk_jaffna_point_pedro_lighthouse,Point Pedro Lighthouse,Point_Pedro_Lighthouse,2025,7,30,Wikimedia Pageviews API monthly per-article
lk_jaffna_point_pedro_lighthouse,Point Pedro Lighthouse,Point_Pedro_Lighthouse,2025,8,38,Wikimedia Pageviews API monthly per-article
lk_jaffna_point_pedro_lighthouse,Point Pedro Lighthouse,Point_Pedro_Lighthouse,2025,9,43,Wikimedia Pageviews API monthly per-article
lk_jaffna_point_pedro_lighthouse,Point Pedro Lighthouse,Point_Pedro_Lighthouse,2025,10,41,Wikimedia Pageviews API monthly per-article
lk_jaffna_point_pedro_lighthouse,Point Pedro Lighthouse,Point_Pedro_Lighthouse,2025,11,37,Wikimedia Pageviews API monthly per-article
lk_jaffna_point_pedro_lighthouse,Point Pedro Lighthouse,Point_Pedro_Lighthouse,2025,12,15,Wikimedia Pageviews API monthly per-article
lk_jaffna_point_pedro_lighthouse,Point Pedro Lighthouse,Point_Pedro_Lighthouse,2026,1,1,Wikimedia Pageviews API monthly per-article
lk_kalutara_bentota_beach,Bentota Beach,Bentota,2024,1,2045,Wikimedia Pageviews API monthly per-article
lk_kalutara_bentota_beach,Bentota Beach,Bentota,2024,2,1557,Wikimedia Pageviews API monthly per-article
lk_kalutara_bentota_beach,Bentota Beach,Bentota,2024,3,1452,Wikimedia Pageviews API monthly per-article
lk_kalutara_bentota_beach,Bentota Beach,Bentota,2024,4,1309,Wikimedia Pageviews API monthly per-article
lk_kalutara_bentota_beach,Bentota Beach,Bentota,2024,5,950,Wikimedia Pageviews API monthly per-article
lk_kalutara_bentota_beach,Bentota Beach,Bentota,2024,6,823,Wikimedia Pageviews API monthly per-article
lk_kalutara_bentota_beach,Bentota Beach,Bentota,2024,7,965,Wikimedia Pageviews API monthly per-article
lk_kalutara_bentota_beach,Bentota Beach,Bentota,2024,8,1032,Wikimedia Pageviews API monthly per-article
lk_kalutara_bentota_beach,Bentota Beach,Bentota,2024,9,963,Wikimedia Pageviews API monthly per-article
lk_kalutara_bentota_beach,Bentota Beach,Bentota,2024,10,1091,Wikimedia Pageviews API monthly per-article
lk_kalutara_bentota_beach,Bentota Beach,Bentota,2024,11,1072,Wikimedia Pageviews API monthly per-article
lk_kalutara_bentota_beach,Bentota Beach,Bentota,2024,12,1203,Wikimedia Pageviews API monthly per-article
lk_kalutara_bentota_beach,Bentota Beach,Bentota,2025,1,1300,Wikimedia Pageviews API monthly per-article
lk_kalutara_bentota_beach,Bentota Beach,Bentota,2025,2,1140,Wikimedia Pageviews API monthly per-article
lk_kalutara_bentota_beach,Bentota Beach,Bentota,2025,3,1200,Wikimedia Pageviews API monthly per-article
lk_kalutara_bentota_beach,Bentota Beach,Bentota,2025,4,689,Wikimedia Pageviews API monthly per-article
lk_kalutara_bentota_beach,Bentota Beach,Bentota,2025,5,379,Wikimedia Pageviews API monthly per-article
lk_kalutara_bentota_beach,Bentota Beach,Bentota,2025,6,745,Wikimedia Pageviews API monthly per-article
lk_kalutara_bentota_beach,Bentota Beach,Bentota,2025,7,861,Wikimedia Pageviews API monthly per-article
lk_kalutara_bentota_beach,Bentota Beach,Bentota,2025,8,934,Wikimedia Pageviews API monthly per-article
lk_kalutara_bentota_beach,Bentota Beach,Bentota,2025,9,905,Wikimedia Pageviews API monthly per-article
lk_kalutara_bentota_beach,Bentota Beach,Bentota,2025,10,946,Wikimedia Pageviews API monthly per-article
lk_kalutara_bentota_beach,Bentota Beach,Bentota,2025,11,1008,Wikimedia Pageviews API monthly per-article
lk_kalutara_bentota_beach,Bentota Beach,Bentota,2025,12,855,Wikimedia Pageviews API monthly per-article
lk_kalutara_bentota_beach,Bentota Beach,Bentota,2026,1,22,Wikimedia Pageviews API monthly per-article
lk_kalutara_beruwala_beach,Beruwala Beach,Beruwala,2024,1,1392,Wikimedia Pageviews API monthly per-article
lk_kalutara_beruwala_beach,Beruwala Beach,Beruwala,2024,2,1276,Wikimedia Pageviews API monthly per-article
lk_kalutara_beruwala_beach,Beruwala Beach,Beruwala,2024,3,1002,Wikimedia Pageviews API monthly per-article
lk_kalutara_beruwala_beach,Beruwala Beach,Beruwala,2024,4,968,Wikimedia Pageviews API monthly per-article
lk_kalutara_beruwala_beach,Beruwala Beach,Beruwala,2024,5,750,Wikimedia Pageviews API monthly per-article
lk_kalutara_beruwala_beach,Beruwala Beach,Beruwala,2024,6,686,Wikimedia Pageviews API monthly per-article
lk_kalutara_beruwala_beach,Beruwala Beach,Beruwala,2024,7,745,Wikimedia Pageviews API monthly per-article
lk_kalutara_beruwala_beach,Beruwala Beach,Beruwala,2024,8,856,Wikimedia Pageviews API monthly per-article
lk_kalutara_beruwala_beach,Beruwala Beach,Beruwala,2024,9,739,Wikimedia Pageviews API monthly per-article
lk_kalutara_beruwala_beach,Beruwala Beach,Beruwala,2024,10,772,Wikimedia Pageviews API monthly per-article
lk_kalutara_beruwala_beach,Beruwala Beach,Beruwala,2024,11,827,Wikimedia Pageviews API monthly per-article
lk_kalutara_beruwala_beach,Beruwala Beach,Beruwala,2024,12,886,Wikimedia Pageviews API monthly per-article
lk_kalutara_beruwala_beach,Beruwala Beach,Beruwala,2025,1,999,Wikimedia Pageviews API monthly per-article
lk_kalutara_beruwala_beach,Beruwala Beach,Beruwala,2025,2,798,Wikimedia Pageviews API monthly per-article
lk_kalutara_beruwala_beach,Beruwala Beach,Beruwala,2025,3,803,Wikimedia Pageviews API monthly per-article
lk_kalutara_beruwala_beach,Beruwala Beach,Beruwala,2025,4,711,Wikimedia Pageviews API monthly per-article
lk_kalutara_beruwala_beach,Beruwala Beach,Beruwala,2025,5,766,Wikimedia Pageviews API monthly per-article
lk_kalutara_beruwala_beach,Beruwala Beach,Beruwala,2025,6,615,Wikimedia Pageviews API monthly per-article
lk_kalutara_beruwala_beach,Beruwala Beach,Beruwala,2025,7,735,Wikimedia Pageviews API monthly per-article
lk_kalutara_beruwala_beach,Beruwala Beach,Beruwala,2025,8,730,Wikimedia Pageviews API monthly per-article
lk_kalutara_beruwala_beach,Beruwala Beach,Beruwala,2025,9,754,Wikimedia Pageviews API monthly per-article
lk_kalutara_beruwala_beach,Beruwala Beach,Beruwala,2025,10,758,Wikimedia Pageviews API monthly per-article
lk_kalutara_beruwala_beach,Beruwala Beach,Beruwala,2025,11,732,Wikimedia Pageviews API monthly per-article
lk_kalutara_beruwala_beach,Beruwala Beach,Beruwala,2025,12,782,Wikimedia Pageviews API monthly per-article
lk_kalutara_beruwala_beach,Beruwala Beach,Beruwala,2026,1,28,Wikimedia Pageviews API monthly per-article
lk_kalutara_kalutara_bodhiya,Kalutara Bodhiya,Kalutara_Chaitya,2024,1,285,Wikimedia Pageviews API monthly per-article
lk_kalutara_kalutara_bodhiya,Kalutara Bodhiya,Kalutara_Chaitya,2024,2,296,Wikimedia Pageviews API monthly per-article
lk_kalutara_kalutara_bodhiya,Kalutara Bodhiya,Kalutara_Chaitya,2024,3,285,Wikimedia Pageviews API monthly per-article
lk_kalutara_kalutara_bodhiya,Kalutara Bodhiya,Kalutara_Chaitya,2024,4,223,Wikimedia Pageviews API monthly per-article
lk_kalutara_kalutara_bodhiya,Kalutara Bodhiya,Kalutara_Chaitya,2024,5,208,Wikimedia Pageviews API monthly per-article
lk_kalutara_kalutara_bodhiya,Kalutara Bodhiya,Kalutara_Chaitya,2024,6,143,Wikimedia Pageviews API monthly per-article
lk_kalutara_kalutara_bodhiya,Kalutara Bodhiya,Kalutara_Chaitya,2024,7,168,Wikimedia Pageviews API monthly per-article
lk_kalutara_kalutara_bodhiya,Kalutara Bodhiya,Kalutara_Chaitya,2024,8,203,Wikimedia Pageviews API monthly per-article
lk_kalutara_kalutara_bodhiya,Kalutara Bodhiya,Kalutara_Chaitya,2024,9,171,Wikimedia Pageviews API monthly per-article
lk_kalutara_kalutara_bodhiya,Kalutara Bodhiya,Kalutara_Chaitya,2024,10,170,Wikimedia Pageviews API monthly per-article
lk_kalutara_kalutara_bodhiya,Kalutara Bodhiya,Kalutara_Chaitya,2024,11,145,Wikimedia Pageviews API monthly per-article
lk_kalutara_kalutara_bodhiya,Kalutara Bodhiya,Kalutara_Chaitya,2024,12,147,Wikimedia Pageviews API monthly per-article
lk_kalutara_kalutara_bodhiya,Kalutara Bodhiya,Kalutara_Chaitya,2025,1,196,Wikimedia Pageviews API monthly per-article
lk_kalutara_kalutara_bodhiya,Kalutara Bodhiya,Kalutara_Chaitya,2025,2,230,Wikimedia Pageviews API monthly per-article
lk_kalutara_kalutara_bodhiya,Kalutara Bodhiya,Kalutara_Chaitya,2025,3,231,Wikimedia Pageviews API monthly per-article
lk_kalutara_kalutara_bodhiya,Kalutara Bodhiya,Kalutara_Chaitya,2025,4,142,Wikimedia Pageviews API monthly per-article
lk_kalutara_kalutara_bodhiya,Kalutara Bodhiya,Kalutara_Chaitya,2025,5,144,Wikimedia Pageviews API monthly per-article
lk_kalutara_kalutara_bodhiya,Kalutara Bodhiya,Kalutara_Chaitya,2025,6,117,Wikimedia Pageviews API monthly per-article
lk_kalutara_kalutara_bodhiya,Kalutara Bodhiya,Kalutara_Chaitya,2025,7,121,Wikimedia Pageviews API monthly per-article
lk_kalutara_kalutara_bodhiya,Kalutara Bodhiya,Kalutara_Chaitya,2025,8,116,Wikimedia Pageviews API monthly per-article
lk_kalutara_kalutara_bodhiya,Kalutara Bodhiya,Kalutara_Chaitya,2025,9,122,Wikimedia Pageviews API monthly per-article
lk_kalutara_kalutara_bodhiya,Kalutara Bodhiya,Kalutara_Chaitya,2025,10,133,Wikimedia Pageviews API monthly per-article
lk_kalutara_kalutara_bodhiya,Kalutara Bodhiya,Kalutara_Chaitya,2025,11,125,Wikimedia Pageviews API monthly per-article
lk_kalutara_kalutara_bodhiya,Kalutara Bodhiya,Kalutara_Chaitya,2025,12,125,Wikimedia Pageviews API monthly per-article
lk_kalutara_kalutara_bodhiya,Kalutara Bodhiya,Kalutara_Chaitya,2026,1,5,Wikimedia Pageviews API monthly per-article
lk_kalutara_kande_viharaya,Kande Viharaya,Kande_Viharaya,2024,1,3,Wikimedia Pageviews API monthly per-article
lk_kalutara_kande_viharaya,Kande Viharaya,Kande_Viharaya,2024,2,2,Wikimedia Pageviews API monthly per-article
lk_kalutara_kande_viharaya,Kande Viharaya,Kande_Viharaya,2024,3,3,Wikimedia Pageviews API monthly per-article
lk_kalutara_kande_viharaya,Kande Viharaya,Kande_Viharaya,2024,4,6,Wikimedia Pageviews API monthly per-article
lk_kalutara_kande_viharaya,Kande Viharaya,Kande_Viharaya,2024,5,4,Wikimedia Pageviews API monthly per-article
lk_kalutara_kande_viharaya,Kande Viharaya,Kande_Viharaya,2024,6,2,Wikimedia Pageviews API monthly per-article
lk_kalutara_kande_viharaya,Kande Viharaya,Kande_Viharaya,2024,7,5,Wikimedia Pageviews API monthly per-article
lk_kalutara_kande_viharaya,Kande Viharaya,Kande_Viharaya,2024,8,5,Wikimedia Pageviews API monthly per-article
lk_kalutara_kande_viharaya,Kande Viharaya,Kande_Viharaya,2024,9,6,Wikimedia Pageviews API monthly per-article
lk_kalutara_kande_viharaya,Kande Viharaya,Kande_Viharaya,2024,10,4,Wikimedia Pageviews API monthly per-article
lk_kalutara_kande_viharaya,Kande Viharaya,Kande_Viharaya,2024,11,2,Wikimedia Pageviews API monthly per-article
lk_kalutara_kande_viharaya,Kande Viharaya,Kande_Viharaya,2024,12,3,Wikimedia Pageviews API monthly per-article
lk_kalutara_kande_viharaya,Kande Viharaya,Kande_Viharaya,2025,1,4,Wikimedia Pageviews API monthly per-article
lk_kalutara_kande_viharaya,Kande Viharaya,Kande_Viharaya,2025,2,11,Wikimedia Pageviews API monthly per-article
lk_kalutara_kande_viharaya,Kande Viharaya,Kande_Viharaya,2025,3,8,Wikimedia Pageviews API monthly per-article
lk_kalutara_kande_viharaya,Kande Viharaya,Kande_Viharaya,2025,4,4,Wikimedia Pageviews API monthly per-article
lk_kalutara_kande_viharaya,Kande Viharaya,Kande_Viharaya,2025,5,9,Wikimedia Pageviews API monthly per-article
lk_kalutara_kande_viharaya,Kande Viharaya,Kande_Viharaya,2025,6,6,Wikimedia Pageviews API monthly per-article
lk_kalutara_kande_viharaya,Kande Viharaya,Kande_Viharaya,2025,7,5,Wikimedia Pageviews API monthly per-article
lk_kalutara_kande_viharaya,Kande Viharaya,Kande_Viharaya,2025,8,7,Wikimedia Pageviews API monthly per-article
lk_kalutara_kande_viharaya,Kande Viharaya,Kande_Viharaya,2025,9,9,Wikimedia Pageviews API monthly per-article
lk_kalutara_kande_viharaya,Kande Viharaya,Kande_Viharaya,2025,10,9,Wikimedia Pageviews API monthly per-article
lk_kalutara_kande_viharaya,Kande Viharaya,Kande_Viharaya,2025,11,7,Wikimedia Pageviews API monthly per-article
lk_kalutara_kande_viharaya,Kande Viharaya,Kande_Viharaya,2025,12,3,Wikimedia Pageviews API monthly per-article
lk_kalutara_lunuganga,Lunuganga,Lunuganga,2024,1,411,Wikimedia Pageviews API monthly per-article
lk_kalutara_lunuganga,Lunuganga,Lunuganga,2024,2,315,Wikimedia Pageviews API monthly per-article
lk_kalutara_lunuganga,Lunuganga,Lunuganga,2024,3,399,Wikimedia Pageviews API monthly per-article
lk_kalutara_lunuganga,Lunuganga,Lunuganga,2024,4,318,Wikimedia Pageviews API monthly per-article
lk_kalutara_lunuganga,Lunuganga,Lunuganga,2024,5,300,Wikimedia Pageviews API monthly per-article
lk_kalutara_lunuganga,Lunuganga,Lunuganga,2024,6,250,Wikimedia Pageviews API monthly per-article
lk_kalutara_lunuganga,Lunuganga,Lunuganga,2024,7,279,Wikimedia Pageviews API monthly per-article
lk_kalutara_lunuganga,Lunuganga,Lunuganga,2024,8,265,Wikimedia Pageviews API monthly per-article
lk_kalutara_lunuganga,Lunuganga,Lunuganga,2024,9,372,Wikimedia Pageviews API monthly per-article
lk_kalutara_lunuganga,Lunuganga,Lunuganga,2024,10,331,Wikimedia Pageviews API monthly per-article
lk_kalutara_lunuganga,Lunuganga,Lunuganga,2024,11,441,Wikimedia Pageviews API monthly per-article
lk_kalutara_lunuganga,Lunuganga,Lunuganga,2024,12,563,Wikimedia Pageviews API monthly per-article
lk_kalutara_lunuganga,Lunuganga,Lunuganga,2025,1,597,Wikimedia Pageviews API monthly per-article
lk_kalutara_lunuganga,Lunuganga,Lunuganga,2025,2,491,Wikimedia Pageviews API monthly per-article
lk_kalutara_lunuganga,Lunuganga,Lunuganga,2025,3,604,Wikimedia Pageviews API monthly per-article
lk_kalutara_lunuganga,Lunuganga,Lunuganga,2025,4,464,Wikimedia Pageviews API monthly per-article
lk_kalutara_lunuganga,Lunuganga,Lunuganga,2025,5,415,Wikimedia Pageviews API monthly per-article
lk_kalutara_lunuganga,Lunuganga,Lunuganga,2025,6,394,Wikimedia Pageviews API monthly per-article
lk_kalutara_lunuganga,Lunuganga,Lunuganga,2025,7,404,Wikimedia Pageviews API monthly per-article
lk_kalutara_lunuganga,Lunuganga,Lunuganga,2025,8,498,Wikimedia Pageviews API monthly per-article
lk_kalutara_lunuganga,Lunuganga,Lunuganga,2025,9,491,Wikimedia Pageviews API monthly per-article
lk_kalutara_lunuganga,Lunuganga,Lunuganga,2025,10,546,Wikimedia Pageviews API monthly per-article
lk_kalutara_lunuganga,Lunuganga,Lunuganga,2025,11,544,Wikimedia Pageviews API monthly per-article
lk_kalutara_lunuganga,Lunuganga,Lunuganga,2025,12,542,Wikimedia Pageviews API monthly per-article
lk_kalutara_lunuganga,Lunuganga,Lunuganga,2026,1,29,Wikimedia Pageviews API monthly per-article
lk_kalutara_fa_hien_caves,Fa Hien Caves,Fa_Hien_Cave,2024,1,1049,Wikimedia Pageviews API monthly per-article
lk_kalutara_fa_hien_caves,Fa Hien Caves,Fa_Hien_Cave,2024,2,833,Wikimedia Pageviews API monthly per-article
lk_kalutara_fa_hien_caves,Fa Hien Caves,Fa_Hien_Cave,2024,3,913,Wikimedia Pageviews API monthly per-article
lk_kalutara_fa_hien_caves,Fa Hien Caves,Fa_Hien_Cave,2024,4,820,Wikimedia Pageviews API monthly per-article
lk_kalutara_fa_hien_caves,Fa Hien Caves,Fa_Hien_Cave,2024,5,733,Wikimedia Pageviews API monthly per-article
lk_kalutara_fa_hien_caves,Fa Hien Caves,Fa_Hien_Cave,2024,6,860,Wikimedia Pageviews API monthly per-article
lk_kalutara_fa_hien_caves,Fa Hien Caves,Fa_Hien_Cave,2024,7,743,Wikimedia Pageviews API monthly per-article
lk_kalutara_fa_hien_caves,Fa Hien Caves,Fa_Hien_Cave,2024,8,722,Wikimedia Pageviews API monthly per-article
lk_kalutara_fa_hien_caves,Fa Hien Caves,Fa_Hien_Cave,2024,9,662,Wikimedia Pageviews API monthly per-article
lk_kalutara_fa_hien_caves,Fa Hien Caves,Fa_Hien_Cave,2024,10,617,Wikimedia Pageviews API monthly per-article
lk_kalutara_fa_hien_caves,Fa Hien Caves,Fa_Hien_Cave,2024,11,717,Wikimedia Pageviews API monthly per-article
lk_kalutara_fa_hien_caves,Fa Hien Caves,Fa_Hien_Cave,2024,12,600,Wikimedia Pageviews API monthly per-article
lk_kalutara_fa_hien_caves,Fa Hien Caves,Fa_Hien_Cave,2025,1,739,Wikimedia Pageviews API monthly per-article
lk_kalutara_fa_hien_caves,Fa Hien Caves,Fa_Hien_Cave,2025,2,655,Wikimedia Pageviews API monthly per-article
lk_kalutara_fa_hien_caves,Fa Hien Caves,Fa_Hien_Cave,2025,3,658,Wikimedia Pageviews API monthly per-article
lk_kalutara_fa_hien_caves,Fa Hien Caves,Fa_Hien_Cave,2025,4,583,Wikimedia Pageviews API monthly per-article
lk_kalutara_fa_hien_caves,Fa Hien Caves,Fa_Hien_Cave,2025,5,648,Wikimedia Pageviews API monthly per-article
lk_kalutara_fa_hien_caves,Fa Hien Caves,Fa_Hien_Cave,2025,6,764,Wikimedia Pageviews API monthly per-article
lk_kalutara_fa_hien_caves,Fa Hien Caves,Fa_Hien_Cave,2025,7,680,Wikimedia Pageviews API monthly per-article
lk_kalutara_fa_hien_caves,Fa Hien Caves,Fa_Hien_Cave,2025,8,858,Wikimedia Pageviews API monthly per-article
lk_kalutara_fa_hien_caves,Fa Hien Caves,Fa_Hien_Cave,2025,9,551,Wikimedia Pageviews API monthly per-article
lk_kalutara_fa_hien_caves,Fa Hien Caves,Fa_Hien_Cave,2025,10,600,Wikimedia Pageviews API monthly per-article
lk_kalutara_fa_hien_caves,Fa Hien Caves,Fa_Hien_Cave,2025,11,594,Wikimedia Pageviews API monthly per-article
lk_kalutara_fa_hien_caves,Fa Hien Caves,Fa_Hien_Cave,2025,12,603,Wikimedia Pageviews API monthly per-article
lk_kalutara_fa_hien_caves,Fa Hien Caves,Fa_Hien_Cave,2026,1,19,Wikimedia Pageviews API monthly per-article
lk_kalutara_kosgoda_beach,Kosgoda Beach,Kosgoda,2024,1,487,Wikimedia Pageviews API monthly per-article
lk_kalutara_kosgoda_beach,Kosgoda Beach,Kosgoda,2024,2,359,Wikimedia Pageviews API monthly per-article
lk_kalutara_kosgoda_beach,Kosgoda Beach,Kosgoda,2024,3,373,Wikimedia Pageviews API monthly per-article
lk_kalutara_kosgoda_beach,Kosgoda Beach,Kosgoda,2024,4,256,Wikimedia Pageviews API monthly per-article
lk_kalutara_kosgoda_beach,Kosgoda Beach,Kosgoda,2024,5,214,Wikimedia Pageviews API monthly per-article
lk_kalutara_kosgoda_beach,Kosgoda Beach,Kosgoda,2024,6,160,Wikimedia Pageviews API monthly per-article
lk_kalutara_kosgoda_beach,Kosgoda Beach,Kosgoda,2024,7,199,Wikimedia Pageviews API monthly per-article
lk_kalutara_kosgoda_beach,Kosgoda Beach,Kosgoda,2024,8,207,Wikimedia Pageviews API monthly per-article
lk_kalutara_kosgoda_beach,Kosgoda Beach,Kosgoda,2024,9,175,Wikimedia Pageviews API monthly per-article
lk_kalutara_kosgoda_beach,Kosgoda Beach,Kosgoda,2024,10,186,Wikimedia Pageviews API monthly per-article
lk_kalutara_kosgoda_beach,Kosgoda Beach,Kosgoda,2024,11,225,Wikimedia Pageviews API monthly per-article
lk_kalutara_kosgoda_beach,Kosgoda Beach,Kosgoda,2024,12,260,Wikimedia Pageviews API monthly per-article
lk_kalutara_kosgoda_beach,Kosgoda Beach,Kosgoda,2025,1,327,Wikimedia Pageviews API monthly per-article
lk_kalutara_kosgoda_beach,Kosgoda Beach,Kosgoda,2025,2,274,Wikimedia Pageviews API monthly per-article
lk_kalutara_kosgoda_beach,Kosgoda Beach,Kosgoda,2025,3,311,Wikimedia Pageviews API monthly per-article
lk_kalutara_kosgoda_beach,Kosgoda Beach,Kosgoda,2025,4,238,Wikimedia Pageviews API monthly per-article
lk_kalutara_kosgoda_beach,Kosgoda Beach,Kosgoda,2025,5,201,Wikimedia Pageviews API monthly per-article
lk_kalutara_kosgoda_beach,Kosgoda Beach,Kosgoda,2025,6,160,Wikimedia Pageviews API monthly per-article
lk_kalutara_kosgoda_beach,Kosgoda Beach,Kosgoda,2025,7,201,Wikimedia Pageviews API monthly per-article
lk_kalutara_kosgoda_beach,Kosgoda Beach,Kosgoda,2025,8,251,Wikimedia Pageviews API monthly per-article
lk_kalutara_kosgoda_beach,Kosgoda Beach,Kosgoda,2025,9,201,Wikimedia Pageviews API monthly per-article
lk_kalutara_kosgoda_beach,Kosgoda Beach,Kosgoda,2025,10,273,Wikimedia Pageviews API monthly per-article
lk_kalutara_kosgoda_beach,Kosgoda Beach,Kosgoda,2025,11,250,Wikimedia Pageviews API monthly per-article
lk_kalutara_kosgoda_beach,Kosgoda Beach,Kosgoda,2025,12,223,Wikimedia Pageviews API monthly per-article
lk_kalutara_kosgoda_beach,Kosgoda Beach,Kosgoda,2026,1,8,Wikimedia Pageviews API monthly per-article
lk_kalutara_richmond_castle,Richmond Castle,"Richmond_Castle,_Kalutara",2024,1,1395,Wikimedia Pageviews API monthly per-article
lk_kalutara_richmond_castle,Richmond Castle,"Richmond_Castle,_Kalutara",2024,2,890,Wikimedia Pageviews API monthly per-article
lk_kalutara_richmond_castle,Richmond Castle,"Richmond_Castle,_Kalutara",2024,3,922,Wikimedia Pageviews API monthly per-article
lk_kalutara_richmond_castle,Richmond Castle,"Richmond_Castle,_Kalutara",2024,4,1113,Wikimedia Pageviews API monthly per-article
lk_kalutara_richmond_castle,Richmond Castle,"Richmond_Castle,_Kalutara",2024,5,1042,Wikimedia Pageviews API monthly per-article
lk_kalutara_richmond_castle,Richmond Castle,"Richmond_Castle,_Kalutara",2024,6,596,Wikimedia Pageviews API monthly per-article
lk_kalutara_richmond_castle,Richmond Castle,"Richmond_Castle,_Kalutara",2024,7,1019,Wikimedia Pageviews API monthly per-article
lk_kalutara_richmond_castle,Richmond Castle,"Richmond_Castle,_Kalutara",2024,8,1050,Wikimedia Pageviews API monthly per-article
lk_kalutara_richmond_castle,Richmond Castle,"Richmond_Castle,_Kalutara",2024,9,891,Wikimedia Pageviews API monthly per-article
lk_kalutara_richmond_castle,Richmond Castle,"Richmond_Castle,_Kalutara",2024,10,686,Wikimedia Pageviews API monthly per-article
lk_kalutara_richmond_castle,Richmond Castle,"Richmond_Castle,_Kalutara",2024,11,667,Wikimedia Pageviews API monthly per-article
lk_kalutara_richmond_castle,Richmond Castle,"Richmond_Castle,_Kalutara",2024,12,1042,Wikimedia Pageviews API monthly per-article
lk_kalutara_richmond_castle,Richmond Castle,"Richmond_Castle,_Kalutara",2025,1,1004,Wikimedia Pageviews API monthly per-article
lk_kalutara_richmond_castle,Richmond Castle,"Richmond_Castle,_Kalutara",2025,2,851,Wikimedia Pageviews API monthly per-article
lk_kalutara_richmond_castle,Richmond Castle,"Richmond_Castle,_Kalutara",2025,3,809,Wikimedia Pageviews API monthly per-article
lk_kalutara_richmond_castle,Richmond Castle,"Richmond_Castle,_Kalutara",2025,4,708,Wikimedia Pageviews API monthly per-article
lk_kalutara_richmond_castle,Richmond Castle,"Richmond_Castle,_Kalutara",2025,5,617,Wikimedia Pageviews API monthly per-article
lk_kalutara_richmond_castle,Richmond Castle,"Richmond_Castle,_Kalutara",2025,6,591,Wikimedia Pageviews API monthly per-article
lk_kalutara_richmond_castle,Richmond Castle,"Richmond_Castle,_Kalutara",2025,7,2030,Wikimedia Pageviews API monthly per-article
lk_kalutara_richmond_castle,Richmond Castle,"Richmond_Castle,_Kalutara",2025,8,1624,Wikimedia Pageviews API monthly per-article
lk_kalutara_richmond_castle,Richmond Castle,"Richmond_Castle,_Kalutara",2025,9,1005,Wikimedia Pageviews API monthly per-article
lk_kalutara_richmond_castle,Richmond Castle,"Richmond_Castle,_Kalutara",2025,10,1074,Wikimedia Pageviews API monthly per-article
lk_kalutara_richmond_castle,Richmond Castle,"Richmond_Castle,_Kalutara",2025,11,956,Wikimedia Pageviews API monthly per-article
lk_kalutara_richmond_castle,Richmond Castle,"Richmond_Castle,_Kalutara",2025,12,809,Wikimedia Pageviews API monthly per-article
lk_kalutara_richmond_castle,Richmond Castle,"Richmond_Castle,_Kalutara",2026,1,27,Wikimedia Pageviews API monthly per-article
lk_kandy_temple_of_the_sacred_tooth_relic,Temple of the Sacred Tooth Relic,Temple_of_the_Tooth,2024,1,12621,Wikimedia Pageviews API monthly per-article
lk_kandy_temple_of_the_sacred_tooth_relic,Temple of the Sacred Tooth Relic,Temple_of_the_Tooth,2024,2,11794,Wikimedia Pageviews API monthly per-article
lk_kandy_temple_of_the_sacred_tooth_relic,Temple of the Sacred Tooth Relic,Temple_of_the_Tooth,2024,3,11105,Wikimedia Pageviews API monthly per-article
lk_kandy_temple_of_the_sacred_tooth_relic,Temple of the Sacred Tooth Relic,Temple_of_the_Tooth,2024,4,8427,Wikimedia Pageviews API monthly per-article
lk_kandy_temple_of_the_sacred_tooth_relic,Temple of the Sacred Tooth Relic,Temple_of_the_Tooth,2024,5,7430,Wikimedia Pageviews API monthly per-article
lk_kandy_temple_of_the_sacred_tooth_relic,Temple of the Sacred Tooth Relic,Temple_of_the_Tooth,2024,6,6337,Wikimedia Pageviews API monthly per-article
lk_kandy_temple_of_the_sacred_tooth_relic,Temple of the Sacred Tooth Relic,Temple_of_the_Tooth,2024,7,8081,Wikimedia Pageviews API monthly per-article
lk_kandy_temple_of_the_sacred_tooth_relic,Temple of the Sacred Tooth Relic,Temple_of_the_Tooth,2024,8,9514,Wikimedia Pageviews API monthly per-article
lk_kandy_temple_of_the_sacred_tooth_relic,Temple of the Sacred Tooth Relic,Temple_of_the_Tooth,2024,9,8690,Wikimedia Pageviews API monthly per-article
lk_kandy_temple_of_the_sacred_tooth_relic,Temple of the Sacred Tooth Relic,Temple_of_the_Tooth,2024,10,9113,Wikimedia Pageviews API monthly per-article
lk_kandy_temple_of_the_sacred_tooth_relic,Temple of the Sacred Tooth Relic,Temple_of_the_Tooth,2024,11,9075,Wikimedia Pageviews API monthly per-article
lk_kandy_temple_of_the_sacred_tooth_relic,Temple of the Sacred Tooth Relic,Temple_of_the_Tooth,2024,12,9682,Wikimedia Pageviews API monthly per-article
lk_kandy_temple_of_the_sacred_tooth_relic,Temple of the Sacred Tooth Relic,Temple_of_the_Tooth,2025,1,13368,Wikimedia Pageviews API monthly per-article
lk_kandy_temple_of_the_sacred_tooth_relic,Temple of the Sacred Tooth Relic,Temple_of_the_Tooth,2025,2,8922,Wikimedia Pageviews API monthly per-article
lk_kandy_temple_of_the_sacred_tooth_relic,Temple of the Sacred Tooth Relic,Temple_of_the_Tooth,2025,3,9189,Wikimedia Pageviews API monthly per-article
lk_kandy_temple_of_the_sacred_tooth_relic,Temple of the Sacred Tooth Relic,Temple_of_the_Tooth,2025,4,14254,Wikimedia Pageviews API monthly per-article
lk_kandy_temple_of_the_sacred_tooth_relic,Temple of the Sacred Tooth Relic,Temple_of_the_Tooth,2025,5,7564,Wikimedia Pageviews API monthly per-article
lk_kandy_temple_of_the_sacred_tooth_relic,Temple of the Sacred Tooth Relic,Temple_of_the_Tooth,2025,6,5825,Wikimedia Pageviews API monthly per-article
lk_kandy_temple_of_the_sacred_tooth_relic,Temple of the Sacred Tooth Relic,Temple_of_the_Tooth,2025,7,7844,Wikimedia Pageviews API monthly per-article
lk_kandy_temple_of_the_sacred_tooth_relic,Temple of the Sacred Tooth Relic,Temple_of_the_Tooth,2025,8,8427,Wikimedia Pageviews API monthly per-article
lk_kandy_temple_of_the_sacred_tooth_relic,Temple of the Sacred Tooth Relic,Temple_of_the_Tooth,2025,9,7498,Wikimedia Pageviews API monthly per-article
lk_kandy_temple_of_the_sacred_tooth_relic,Temple of the Sacred Tooth Relic,Temple_of_the_Tooth,2025,10,7481,Wikimedia Pageviews API monthly per-article
lk_kandy_temple_of_the_sacred_tooth_relic,Temple of the Sacred Tooth Relic,Temple_of_the_Tooth,2025,11,6958,Wikimedia Pageviews API monthly per-article
lk_kandy_temple_of_the_sacred_tooth_relic,Temple of the Sacred Tooth Relic,Temple_of_the_Tooth,2025,12,6358,Wikimedia Pageviews API monthly per-article
lk_kandy_temple_of_the_sacred_tooth_relic,Temple of the Sacred Tooth Relic,Temple_of_the_Tooth,2026,1,244,Wikimedia Pageviews API monthly per-article
lk_kandy_royal_botanic_gardens_peradeniya,"Royal Botanic Gardens, Peradeniya","Royal_Botanic_Gardens,_Peradeniya",2024,8,196,Wikimedia Pageviews API monthly per-article
lk_kandy_royal_botanic_gardens_peradeniya,"Royal Botanic Gardens, Peradeniya","Royal_Botanic_Gardens,_Peradeniya",2024,9,1427,Wikimedia Pageviews API monthly per-article
lk_kandy_royal_botanic_gardens_peradeniya,"Royal Botanic Gardens, Peradeniya","Royal_Botanic_Gardens,_Peradeniya",2024,10,1454,Wikimedia Pageviews API monthly per-article
lk_kandy_royal_botanic_gardens_peradeniya,"Royal Botanic Gardens, Peradeniya","Royal_Botanic_Gardens,_Peradeniya",2024,11,1435,Wikimedia Pageviews API monthly per-article
lk_kandy_royal_botanic_gardens_peradeniya,"Royal Botanic Gardens, Peradeniya","Royal_Botanic_Gardens,_Peradeniya",2024,12,1386,Wikimedia Pageviews API monthly per-article
lk_kandy_royal_botanic_gardens_peradeniya,"Royal Botanic Gardens, Peradeniya","Royal_Botanic_Gardens,_Peradeniya",2025,1,1651,Wikimedia Pageviews API monthly per-article
lk_kandy_royal_botanic_gardens_peradeniya,"Royal Botanic Gardens, Peradeniya","Royal_Botanic_Gardens,_Peradeniya",2025,2,1745,Wikimedia Pageviews API monthly per-article
lk_kandy_royal_botanic_gardens_peradeniya,"Royal Botanic Gardens, Peradeniya","Royal_Botanic_Gardens,_Peradeniya",2025,3,1920,Wikimedia Pageviews API monthly per-article
lk_kandy_royal_botanic_gardens_peradeniya,"Royal Botanic Gardens, Peradeniya","Royal_Botanic_Gardens,_Peradeniya",2025,4,1398,Wikimedia Pageviews API monthly per-article
lk_kandy_royal_botanic_gardens_peradeniya,"Royal Botanic Gardens, Peradeniya","Royal_Botanic_Gardens,_Peradeniya",2025,5,1748,Wikimedia Pageviews API monthly per-article
lk_kandy_royal_botanic_gardens_peradeniya,"Royal Botanic Gardens, Peradeniya","Royal_Botanic_Gardens,_Peradeniya",2025,6,1597,Wikimedia Pageviews API monthly per-article
lk_kandy_royal_botanic_gardens_peradeniya,"Royal Botanic Gardens, Peradeniya","Royal_Botanic_Gardens,_Peradeniya",2025,7,1693,Wikimedia Pageviews API monthly per-article
lk_kandy_royal_botanic_gardens_peradeniya,"Royal Botanic Gardens, Peradeniya","Royal_Botanic_Gardens,_Peradeniya",2025,8,1323,Wikimedia Pageviews API monthly per-article
lk_kandy_royal_botanic_gardens_peradeniya,"Royal Botanic Gardens, Peradeniya","Royal_Botanic_Gardens,_Peradeniya",2025,9,1140,Wikimedia Pageviews API monthly per-article
lk_kandy_royal_botanic_gardens_peradeniya,"Royal Botanic Gardens, Peradeniya","Royal_Botanic_Gardens,_Peradeniya",2025,10,1152,Wikimedia Pageviews API monthly per-article
lk_kandy_royal_botanic_gardens_peradeniya,"Royal Botanic Gardens, Peradeniya","Royal_Botanic_Gardens,_Peradeniya",2025,11,1123,Wikimedia Pageviews API monthly per-article
lk_kandy_royal_botanic_gardens_peradeniya,"Royal Botanic Gardens, Peradeniya","Royal_Botanic_Gardens,_Peradeniya",2025,12,1009,Wikimedia Pageviews API monthly per-article
lk_kandy_royal_botanic_gardens_peradeniya,"Royal Botanic Gardens, Peradeniya","Royal_Botanic_Gardens,_Peradeniya",2026,1,28,Wikimedia Pageviews API monthly per-article
lk_kandy_ceylon_tea_museum,Ceylon Tea Museum,Ceylon_Tea_Museum,2024,1,148,Wikimedia Pageviews API monthly per-article
lk_kandy_ceylon_tea_museum,Ceylon Tea Museum,Ceylon_Tea_Museum,2024,2,197,Wikimedia Pageviews API monthly per-article
lk_kandy_ceylon_tea_museum,Ceylon Tea Museum,Ceylon_Tea_Museum,2024,3,156,Wikimedia Pageviews API monthly per-article
lk_kandy_ceylon_tea_museum,Ceylon Tea Museum,Ceylon_Tea_Museum,2024,4,123,Wikimedia Pageviews API monthly per-article
lk_kandy_ceylon_tea_museum,Ceylon Tea Museum,Ceylon_Tea_Museum,2024,5,129,Wikimedia Pageviews API monthly per-article
lk_kandy_ceylon_tea_museum,Ceylon Tea Museum,Ceylon_Tea_Museum,2024,6,96,Wikimedia Pageviews API monthly per-article
lk_kandy_ceylon_tea_museum,Ceylon Tea Museum,Ceylon_Tea_Museum,2024,7,178,Wikimedia Pageviews API monthly per-article
lk_kandy_ceylon_tea_museum,Ceylon Tea Museum,Ceylon_Tea_Museum,2024,8,132,Wikimedia Pageviews API monthly per-article
lk_kandy_ceylon_tea_museum,Ceylon Tea Museum,Ceylon_Tea_Museum,2024,9,119,Wikimedia Pageviews API monthly per-article
lk_kandy_ceylon_tea_museum,Ceylon Tea Museum,Ceylon_Tea_Museum,2024,10,110,Wikimedia Pageviews API monthly per-article
lk_kandy_ceylon_tea_museum,Ceylon Tea Museum,Ceylon_Tea_Museum,2024,11,104,Wikimedia Pageviews API monthly per-article
lk_kandy_ceylon_tea_museum,Ceylon Tea Museum,Ceylon_Tea_Museum,2024,12,130,Wikimedia Pageviews API monthly per-article
lk_kandy_ceylon_tea_museum,Ceylon Tea Museum,Ceylon_Tea_Museum,2025,1,162,Wikimedia Pageviews API monthly per-article
lk_kandy_ceylon_tea_museum,Ceylon Tea Museum,Ceylon_Tea_Museum,2025,2,148,Wikimedia Pageviews API monthly per-article
lk_kandy_ceylon_tea_museum,Ceylon Tea Museum,Ceylon_Tea_Museum,2025,3,136,Wikimedia Pageviews API monthly per-article
lk_kandy_ceylon_tea_museum,Ceylon Tea Museum,Ceylon_Tea_Museum,2025,4,74,Wikimedia Pageviews API monthly per-article
lk_kandy_ceylon_tea_museum,Ceylon Tea Museum,Ceylon_Tea_Museum,2025,5,88,Wikimedia Pageviews API monthly per-article
lk_kandy_ceylon_tea_museum,Ceylon Tea Museum,Ceylon_Tea_Museum,2025,6,68,Wikimedia Pageviews API monthly per-article
lk_kandy_ceylon_tea_museum,Ceylon Tea Museum,Ceylon_Tea_Museum,2025,7,102,Wikimedia Pageviews API monthly per-article
lk_kandy_ceylon_tea_museum,Ceylon Tea Museum,Ceylon_Tea_Museum,2025,8,127,Wikimedia Pageviews API monthly per-article
lk_kandy_ceylon_tea_museum,Ceylon Tea Museum,Ceylon_Tea_Museum,2025,9,80,Wikimedia Pageviews API monthly per-article
lk_kandy_ceylon_tea_museum,Ceylon Tea Museum,Ceylon_Tea_Museum,2025,10,100,Wikimedia Pageviews API monthly per-article
lk_kandy_ceylon_tea_museum,Ceylon Tea Museum,Ceylon_Tea_Museum,2025,11,147,Wikimedia Pageviews API monthly per-article
lk_kandy_ceylon_tea_museum,Ceylon Tea Museum,Ceylon_Tea_Museum,2025,12,88,Wikimedia Pageviews API monthly per-article
lk_kandy_ceylon_tea_museum,Ceylon Tea Museum,Ceylon_Tea_Museum,2026,1,2,Wikimedia Pageviews API monthly per-article
lk_kandy_embekka_devalaya,Embekka Devalaya,Embekka_Devalaya,2024,1,1107,Wikimedia Pageviews API monthly per-article
lk_kandy_embekka_devalaya,Embekka Devalaya,Embekka_Devalaya,2024,2,1053,Wikimedia Pageviews API monthly per-article
lk_kandy_embekka_devalaya,Embekka Devalaya,Embekka_Devalaya,2024,3,1093,Wikimedia Pageviews API monthly per-article
lk_kandy_embekka_devalaya,Embekka Devalaya,Embekka_Devalaya,2024,4,766,Wikimedia Pageviews API monthly per-article
lk_kandy_embekka_devalaya,Embekka Devalaya,Embekka_Devalaya,2024,5,760,Wikimedia Pageviews API monthly per-article
lk_kandy_embekka_devalaya,Embekka Devalaya,Embekka_Devalaya,2024,6,1844,Wikimedia Pageviews API monthly per-article
lk_kandy_embekka_devalaya,Embekka Devalaya,Embekka_Devalaya,2024,7,748,Wikimedia Pageviews API monthly per-article
lk_kandy_embekka_devalaya,Embekka Devalaya,Embekka_Devalaya,2024,8,866,Wikimedia Pageviews API monthly per-article
lk_kandy_embekka_devalaya,Embekka Devalaya,Embekka_Devalaya,2024,9,690,Wikimedia Pageviews API monthly per-article
lk_kandy_embekka_devalaya,Embekka Devalaya,Embekka_Devalaya,2024,10,846,Wikimedia Pageviews API monthly per-article
lk_kandy_embekka_devalaya,Embekka Devalaya,Embekka_Devalaya,2024,11,889,Wikimedia Pageviews API monthly per-article
lk_kandy_embekka_devalaya,Embekka Devalaya,Embekka_Devalaya,2024,12,677,Wikimedia Pageviews API monthly per-article
lk_kandy_embekka_devalaya,Embekka Devalaya,Embekka_Devalaya,2025,1,774,Wikimedia Pageviews API monthly per-article
lk_kandy_embekka_devalaya,Embekka Devalaya,Embekka_Devalaya,2025,2,674,Wikimedia Pageviews API monthly per-article
lk_kandy_embekka_devalaya,Embekka Devalaya,Embekka_Devalaya,2025,3,717,Wikimedia Pageviews API monthly per-article
lk_kandy_embekka_devalaya,Embekka Devalaya,Embekka_Devalaya,2025,4,514,Wikimedia Pageviews API monthly per-article
lk_kandy_embekka_devalaya,Embekka Devalaya,Embekka_Devalaya,2025,5,483,Wikimedia Pageviews API monthly per-article
lk_kandy_embekka_devalaya,Embekka Devalaya,Embekka_Devalaya,2025,6,556,Wikimedia Pageviews API monthly per-article
lk_kandy_embekka_devalaya,Embekka Devalaya,Embekka_Devalaya,2025,7,512,Wikimedia Pageviews API monthly per-article
lk_kandy_embekka_devalaya,Embekka Devalaya,Embekka_Devalaya,2025,8,553,Wikimedia Pageviews API monthly per-article
lk_kandy_embekka_devalaya,Embekka Devalaya,Embekka_Devalaya,2025,9,535,Wikimedia Pageviews API monthly per-article
lk_kandy_embekka_devalaya,Embekka Devalaya,Embekka_Devalaya,2025,10,699,Wikimedia Pageviews API monthly per-article
lk_kandy_embekka_devalaya,Embekka Devalaya,Embekka_Devalaya,2025,11,606,Wikimedia Pageviews API monthly per-article
lk_kandy_embekka_devalaya,Embekka Devalaya,Embekka_Devalaya,2025,12,497,Wikimedia Pageviews API monthly per-article
lk_kandy_embekka_devalaya,Embekka Devalaya,Embekka_Devalaya,2026,1,32,Wikimedia Pageviews API monthly per-article
lk_kandy_hantana_mountain_range,Hantana Mountain Range,Hanthana_Mountain_Range,2024,1,851,Wikimedia Pageviews API monthly per-article
lk_kandy_hantana_mountain_range,Hantana Mountain Range,Hanthana_Mountain_Range,2024,2,874,Wikimedia Pageviews API monthly per-article
lk_kandy_hantana_mountain_range,Hantana Mountain Range,Hanthana_Mountain_Range,2024,3,723,Wikimedia Pageviews API monthly per-article
lk_kandy_hantana_mountain_range,Hantana Mountain Range,Hanthana_Mountain_Range,2024,4,713,Wikimedia Pageviews API monthly per-article
lk_kandy_hantana_mountain_range,Hantana Mountain Range,Hanthana_Mountain_Range,2024,5,610,Wikimedia Pageviews API monthly per-article
lk_kandy_hantana_mountain_range,Hantana Mountain Range,Hanthana_Mountain_Range,2024,6,467,Wikimedia Pageviews API monthly per-article
lk_kandy_hantana_mountain_range,Hantana Mountain Range,Hanthana_Mountain_Range,2024,7,549,Wikimedia Pageviews API monthly per-article
lk_kandy_hantana_mountain_range,Hantana Mountain Range,Hanthana_Mountain_Range,2024,8,623,Wikimedia Pageviews API monthly per-article
lk_kandy_hantana_mountain_range,Hantana Mountain Range,Hanthana_Mountain_Range,2024,9,560,Wikimedia Pageviews API monthly per-article
lk_kandy_hantana_mountain_range,Hantana Mountain Range,Hanthana_Mountain_Range,2024,10,596,Wikimedia Pageviews API monthly per-article
lk_kandy_hantana_mountain_range,Hantana Mountain Range,Hanthana_Mountain_Range,2024,11,519,Wikimedia Pageviews API monthly per-article
lk_kandy_hantana_mountain_range,Hantana Mountain Range,Hanthana_Mountain_Range,2024,12,678,Wikimedia Pageviews API monthly per-article
lk_kandy_hantana_mountain_range,Hantana Mountain Range,Hanthana_Mountain_Range,2025,1,633,Wikimedia Pageviews API monthly per-article
lk_kandy_hantana_mountain_range,Hantana Mountain Range,Hanthana_Mountain_Range,2025,2,595,Wikimedia Pageviews API monthly per-article
lk_kandy_hantana_mountain_range,Hantana Mountain Range,Hanthana_Mountain_Range,2025,3,532,Wikimedia Pageviews API monthly per-article
lk_kandy_hantana_mountain_range,Hantana Mountain Range,Hanthana_Mountain_Range,2025,4,467,Wikimedia Pageviews API monthly per-article
lk_kandy_hantana_mountain_range,Hantana Mountain Range,Hanthana_Mountain_Range,2025,5,500,Wikimedia Pageviews API monthly per-article
lk_kandy_hantana_mountain_range,Hantana Mountain Range,Hanthana_Mountain_Range,2025,6,450,Wikimedia Pageviews API monthly per-article
lk_kandy_hantana_mountain_range,Hantana Mountain Range,Hanthana_Mountain_Range,2025,7,389,Wikimedia Pageviews API monthly per-article
lk_kandy_hantana_mountain_range,Hantana Mountain Range,Hanthana_Mountain_Range,2025,8,430,Wikimedia Pageviews API monthly per-article
lk_kandy_hantana_mountain_range,Hantana Mountain Range,Hanthana_Mountain_Range,2025,9,316,Wikimedia Pageviews API monthly per-article
lk_kandy_hantana_mountain_range,Hantana Mountain Range,Hanthana_Mountain_Range,2025,10,266,Wikimedia Pageviews API monthly per-article
lk_kandy_hantana_mountain_range,Hantana Mountain Range,Hanthana_Mountain_Range,2025,11,248,Wikimedia Pageviews API monthly per-article
lk_kandy_hantana_mountain_range,Hantana Mountain Range,Hanthana_Mountain_Range,2025,12,152,Wikimedia Pageviews API monthly per-article
lk_kandy_hantana_mountain_range,Hantana Mountain Range,Hanthana_Mountain_Range,2026,1,3,Wikimedia Pageviews API monthly per-article
lk_kandy_kandy_lake,Kandy Lake,Kandy_Lake,2024,1,1398,Wikimedia Pageviews API monthly per-article
lk_kandy_kandy_lake,Kandy Lake,Kandy_Lake,2024,2,1131,Wikimedia Pageviews API monthly per-article
lk_kandy_kandy_lake,Kandy Lake,Kandy_Lake,2024,3,1154,Wikimedia Pageviews API monthly per-article
lk_kandy_kandy_lake,Kandy Lake,Kandy_Lake,2024,4,1056,Wikimedia Pageviews API monthly per-article
lk_kandy_kandy_lake,Kandy Lake,Kandy_Lake,2024,5,844,Wikimedia Pageviews API monthly per-article
lk_kandy_kandy_lake,Kandy Lake,Kandy_Lake,2024,6,718,Wikimedia Pageviews API monthly per-article
lk_kandy_kandy_lake,Kandy Lake,Kandy_Lake,2024,7,892,Wikimedia Pageviews API monthly per-article
lk_kandy_kandy_lake,Kandy Lake,Kandy_Lake,2024,8,814,Wikimedia Pageviews API monthly per-article
lk_kandy_kandy_lake,Kandy Lake,Kandy_Lake,2024,9,751,Wikimedia Pageviews API monthly per-article
lk_kandy_kandy_lake,Kandy Lake,Kandy_Lake,2024,10,852,Wikimedia Pageviews API monthly per-article
lk_kandy_kandy_lake,Kandy Lake,Kandy_Lake,2024,11,772,Wikimedia Pageviews API monthly per-article
lk_kandy_kandy_lake,Kandy Lake,Kandy_Lake,2024,12,861,Wikimedia Pageviews API monthly per-article
lk_kandy_kandy_lake,Kandy Lake,Kandy_Lake,2025,1,1066,Wikimedia Pageviews API monthly per-article
lk_kandy_kandy_lake,Kandy Lake,Kandy_Lake,2025,2,907,Wikimedia Pageviews API monthly per-article
lk_kandy_kandy_lake,Kandy Lake,Kandy_Lake,2025,3,917,Wikimedia Pageviews API monthly per-article
lk_kandy_kandy_lake,Kandy Lake,Kandy_Lake,2025,4,840,Wikimedia Pageviews API monthly per-article
lk_kandy_kandy_lake,Kandy Lake,Kandy_Lake,2025,5,555,Wikimedia Pageviews API monthly per-article
lk_kandy_kandy_lake,Kandy Lake,Kandy_Lake,2025,6,688,Wikimedia Pageviews API monthly per-article
lk_kandy_kandy_lake,Kandy Lake,Kandy_Lake,2025,7,768,Wikimedia Pageviews API monthly per-article
lk_kandy_kandy_lake,Kandy Lake,Kandy_Lake,2025,8,852,Wikimedia Pageviews API monthly per-article
lk_kandy_kandy_lake,Kandy Lake,Kandy_Lake,2025,9,559,Wikimedia Pageviews API monthly per-article
lk_kandy_kandy_lake,Kandy Lake,Kandy_Lake,2025,10,599,Wikimedia Pageviews API monthly per-article
lk_kandy_kandy_lake,Kandy Lake,Kandy_Lake,2025,11,684,Wikimedia Pageviews API monthly per-article
lk_kandy_kandy_lake,Kandy Lake,Kandy_Lake,2025,12,601,Wikimedia Pageviews API monthly per-article
lk_kandy_kandy_lake,Kandy Lake,Kandy_Lake,2026,1,21,Wikimedia Pageviews API monthly per-article
lk_kandy_lankatilaka_vihara,Lankatilaka Vihara,Lankatilaka_Vihara,2024,1,988,Wikimedia Pageviews API monthly per-article
lk_kandy_lankatilaka_vihara,Lankatilaka Vihara,Lankatilaka_Vihara,2024,2,903,Wikimedia Pageviews API monthly per-article
lk_kandy_lankatilaka_vihara,Lankatilaka Vihara,Lankatilaka_Vihara,2024,3,853,Wikimedia Pageviews API monthly per-article
lk_kandy_lankatilaka_vihara,Lankatilaka Vihara,Lankatilaka_Vihara,2024,4,707,Wikimedia Pageviews API monthly per-article
lk_kandy_lankatilaka_vihara,Lankatilaka Vihara,Lankatilaka_Vihara,2024,5,658,Wikimedia Pageviews API monthly per-article
lk_kandy_lankatilaka_vihara,Lankatilaka Vihara,Lankatilaka_Vihara,2024,6,519,Wikimedia Pageviews API monthly per-article
lk_kandy_lankatilaka_vihara,Lankatilaka Vihara,Lankatilaka_Vihara,2024,7,605,Wikimedia Pageviews API monthly per-article
lk_kandy_lankatilaka_vihara,Lankatilaka Vihara,Lankatilaka_Vihara,2024,8,638,Wikimedia Pageviews API monthly per-article
lk_kandy_lankatilaka_vihara,Lankatilaka Vihara,Lankatilaka_Vihara,2024,9,589,Wikimedia Pageviews API monthly per-article
lk_kandy_lankatilaka_vihara,Lankatilaka Vihara,Lankatilaka_Vihara,2024,10,735,Wikimedia Pageviews API monthly per-article
lk_kandy_lankatilaka_vihara,Lankatilaka Vihara,Lankatilaka_Vihara,2024,11,730,Wikimedia Pageviews API monthly per-article
lk_kandy_lankatilaka_vihara,Lankatilaka Vihara,Lankatilaka_Vihara,2024,12,675,Wikimedia Pageviews API monthly per-article
lk_kandy_lankatilaka_vihara,Lankatilaka Vihara,Lankatilaka_Vihara,2025,1,836,Wikimedia Pageviews API monthly per-article
lk_kandy_lankatilaka_vihara,Lankatilaka Vihara,Lankatilaka_Vihara,2025,2,765,Wikimedia Pageviews API monthly per-article
lk_kandy_lankatilaka_vihara,Lankatilaka Vihara,Lankatilaka_Vihara,2025,3,739,Wikimedia Pageviews API monthly per-article
lk_kandy_lankatilaka_vihara,Lankatilaka Vihara,Lankatilaka_Vihara,2025,4,512,Wikimedia Pageviews API monthly per-article
lk_kandy_lankatilaka_vihara,Lankatilaka Vihara,Lankatilaka_Vihara,2025,5,495,Wikimedia Pageviews API monthly per-article
lk_kandy_lankatilaka_vihara,Lankatilaka Vihara,Lankatilaka_Vihara,2025,6,485,Wikimedia Pageviews API monthly per-article
lk_kandy_lankatilaka_vihara,Lankatilaka Vihara,Lankatilaka_Vihara,2025,7,584,Wikimedia Pageviews API monthly per-article
lk_kandy_lankatilaka_vihara,Lankatilaka Vihara,Lankatilaka_Vihara,2025,8,704,Wikimedia Pageviews API monthly per-article
lk_kandy_lankatilaka_vihara,Lankatilaka Vihara,Lankatilaka_Vihara,2025,9,577,Wikimedia Pageviews API monthly per-article
lk_kandy_lankatilaka_vihara,Lankatilaka Vihara,Lankatilaka_Vihara,2025,10,588,Wikimedia Pageviews API monthly per-article
lk_kandy_lankatilaka_vihara,Lankatilaka Vihara,Lankatilaka_Vihara,2025,11,576,Wikimedia Pageviews API monthly per-article
lk_kandy_lankatilaka_vihara,Lankatilaka Vihara,Lankatilaka_Vihara,2025,12,490,Wikimedia Pageviews API monthly per-article
lk_kandy_lankatilaka_vihara,Lankatilaka Vihara,Lankatilaka_Vihara,2026,1,11,Wikimedia Pageviews API monthly per-article
lk_kandy_royal_palace_of_kandy,Royal Palace of Kandy,Royal_Palace_of_Kandy,2024,1,245,Wikimedia Pageviews API monthly per-article
lk_kandy_royal_palace_of_kandy,Royal Palace of Kandy,Royal_Palace_of_Kandy,2024,2,207,Wikimedia Pageviews API monthly per-article
lk_kandy_royal_palace_of_kandy,Royal Palace of Kandy,Royal_Palace_of_Kandy,2024,3,232,Wikimedia Pageviews API monthly per-article
lk_kandy_royal_palace_of_kandy,Royal Palace of Kandy,Royal_Palace_of_Kandy,2024,4,170,Wikimedia Pageviews API monthly per-article
lk_kandy_royal_palace_of_kandy,Royal Palace of Kandy,Royal_Palace_of_Kandy,2024,5,180,Wikimedia Pageviews API monthly per-article
lk_kandy_royal_palace_of_kandy,Royal Palace of Kandy,Royal_Palace_of_Kandy,2024,6,140,Wikimedia Pageviews API monthly per-article
lk_kandy_royal_palace_of_kandy,Royal Palace of Kandy,Royal_Palace_of_Kandy,2024,7,161,Wikimedia Pageviews API monthly per-article
lk_kandy_royal_palace_of_kandy,Royal Palace of Kandy,Royal_Palace_of_Kandy,2024,8,224,Wikimedia Pageviews API monthly per-article
lk_kandy_royal_palace_of_kandy,Royal Palace of Kandy,Royal_Palace_of_Kandy,2024,9,169,Wikimedia Pageviews API monthly per-article
lk_kandy_royal_palace_of_kandy,Royal Palace of Kandy,Royal_Palace_of_Kandy,2024,10,188,Wikimedia Pageviews API monthly per-article
lk_kandy_royal_palace_of_kandy,Royal Palace of Kandy,Royal_Palace_of_Kandy,2024,11,169,Wikimedia Pageviews API monthly per-article
lk_kandy_royal_palace_of_kandy,Royal Palace of Kandy,Royal_Palace_of_Kandy,2024,12,244,Wikimedia Pageviews API monthly per-article
lk_kandy_royal_palace_of_kandy,Royal Palace of Kandy,Royal_Palace_of_Kandy,2025,1,259,Wikimedia Pageviews API monthly per-article
lk_kandy_royal_palace_of_kandy,Royal Palace of Kandy,Royal_Palace_of_Kandy,2025,2,212,Wikimedia Pageviews API monthly per-article
lk_kandy_royal_palace_of_kandy,Royal Palace of Kandy,Royal_Palace_of_Kandy,2025,3,230,Wikimedia Pageviews API monthly per-article
lk_kandy_royal_palace_of_kandy,Royal Palace of Kandy,Royal_Palace_of_Kandy,2025,4,262,Wikimedia Pageviews API monthly per-article
lk_kandy_royal_palace_of_kandy,Royal Palace of Kandy,Royal_Palace_of_Kandy,2025,5,179,Wikimedia Pageviews API monthly per-article
lk_kandy_royal_palace_of_kandy,Royal Palace of Kandy,Royal_Palace_of_Kandy,2025,6,188,Wikimedia Pageviews API monthly per-article
lk_kandy_royal_palace_of_kandy,Royal Palace of Kandy,Royal_Palace_of_Kandy,2025,7,222,Wikimedia Pageviews API monthly per-article
lk_kandy_royal_palace_of_kandy,Royal Palace of Kandy,Royal_Palace_of_Kandy,2025,8,258,Wikimedia Pageviews API monthly per-article
lk_kandy_royal_palace_of_kandy,Royal Palace of Kandy,Royal_Palace_of_Kandy,2025,9,184,Wikimedia Pageviews API monthly per-article
lk_kandy_royal_palace_of_kandy,Royal Palace of Kandy,Royal_Palace_of_Kandy,2025,10,171,Wikimedia Pageviews API monthly per-article
lk_kandy_royal_palace_of_kandy,Royal Palace of Kandy,Royal_Palace_of_Kandy,2025,11,198,Wikimedia Pageviews API monthly per-article
lk_kandy_royal_palace_of_kandy,Royal Palace of Kandy,Royal_Palace_of_Kandy,2025,12,152,Wikimedia Pageviews API monthly per-article
lk_kandy_royal_palace_of_kandy,Royal Palace of Kandy,Royal_Palace_of_Kandy,2026,1,4,Wikimedia Pageviews API monthly per-article
lk_kandy_udawattakele_forest_reserve,Udawattakele Forest Reserve,Udawattakele_Forest_Reserve,2024,1,1034,Wikimedia Pageviews API monthly per-article
lk_kandy_udawattakele_forest_reserve,Udawattakele Forest Reserve,Udawattakele_Forest_Reserve,2024,2,1037,Wikimedia Pageviews API monthly per-article
lk_kandy_udawattakele_forest_reserve,Udawattakele Forest Reserve,Udawattakele_Forest_Reserve,2024,3,923,Wikimedia Pageviews API monthly per-article
lk_kandy_udawattakele_forest_reserve,Udawattakele Forest Reserve,Udawattakele_Forest_Reserve,2024,4,1275,Wikimedia Pageviews API monthly per-article
lk_kandy_udawattakele_forest_reserve,Udawattakele Forest Reserve,Udawattakele_Forest_Reserve,2024,5,562,Wikimedia Pageviews API monthly per-article
lk_kandy_udawattakele_forest_reserve,Udawattakele Forest Reserve,Udawattakele_Forest_Reserve,2024,6,746,Wikimedia Pageviews API monthly per-article
lk_kandy_udawattakele_forest_reserve,Udawattakele Forest Reserve,Udawattakele_Forest_Reserve,2024,7,749,Wikimedia Pageviews API monthly per-article
lk_kandy_udawattakele_forest_reserve,Udawattakele Forest Reserve,Udawattakele_Forest_Reserve,2024,8,692,Wikimedia Pageviews API monthly per-article
lk_kandy_udawattakele_forest_reserve,Udawattakele Forest Reserve,Udawattakele_Forest_Reserve,2024,9,605,Wikimedia Pageviews API monthly per-article
lk_kandy_udawattakele_forest_reserve,Udawattakele Forest Reserve,Udawattakele_Forest_Reserve,2024,10,689,Wikimedia Pageviews API monthly per-article
lk_kandy_udawattakele_forest_reserve,Udawattakele Forest Reserve,Udawattakele_Forest_Reserve,2024,11,603,Wikimedia Pageviews API monthly per-article
lk_kandy_udawattakele_forest_reserve,Udawattakele Forest Reserve,Udawattakele_Forest_Reserve,2024,12,603,Wikimedia Pageviews API monthly per-article
lk_kandy_udawattakele_forest_reserve,Udawattakele Forest Reserve,Udawattakele_Forest_Reserve,2025,1,523,Wikimedia Pageviews API monthly per-article
lk_kandy_udawattakele_forest_reserve,Udawattakele Forest Reserve,Udawattakele_Forest_Reserve,2025,2,455,Wikimedia Pageviews API monthly per-article
lk_kandy_udawattakele_forest_reserve,Udawattakele Forest Reserve,Udawattakele_Forest_Reserve,2025,3,600,Wikimedia Pageviews API monthly per-article
lk_kandy_udawattakele_forest_reserve,Udawattakele Forest Reserve,Udawattakele_Forest_Reserve,2025,4,364,Wikimedia Pageviews API monthly per-article
lk_kandy_udawattakele_forest_reserve,Udawattakele Forest Reserve,Udawattakele_Forest_Reserve,2025,5,323,Wikimedia Pageviews API monthly per-article
lk_kandy_udawattakele_forest_reserve,Udawattakele Forest Reserve,Udawattakele_Forest_Reserve,2025,6,293,Wikimedia Pageviews API monthly per-article
lk_kandy_udawattakele_forest_reserve,Udawattakele Forest Reserve,Udawattakele_Forest_Reserve,2025,7,417,Wikimedia Pageviews API monthly per-article
lk_kandy_udawattakele_forest_reserve,Udawattakele Forest Reserve,Udawattakele_Forest_Reserve,2025,8,491,Wikimedia Pageviews API monthly per-article
lk_kandy_udawattakele_forest_reserve,Udawattakele Forest Reserve,Udawattakele_Forest_Reserve,2025,9,397,Wikimedia Pageviews API monthly per-article
lk_kandy_udawattakele_forest_reserve,Udawattakele Forest Reserve,Udawattakele_Forest_Reserve,2025,10,392,Wikimedia Pageviews API monthly per-article
lk_kandy_udawattakele_forest_reserve,Udawattakele Forest Reserve,Udawattakele_Forest_Reserve,2025,11,371,Wikimedia Pageviews API monthly per-article
lk_kandy_udawattakele_forest_reserve,Udawattakele Forest Reserve,Udawattakele_Forest_Reserve,2025,12,354,Wikimedia Pageviews API monthly per-article
lk_kandy_udawattakele_forest_reserve,Udawattakele Forest Reserve,Udawattakele_Forest_Reserve,2026,1,6,Wikimedia Pageviews API monthly per-article
lk_kandy_international_buddhist_museum,International Buddhist Museum,International_Buddhist_Museum,2024,1,113,Wikimedia Pageviews API monthly per-article
lk_kandy_international_buddhist_museum,International Buddhist Museum,International_Buddhist_Museum,2024,2,78,Wikimedia Pageviews API monthly per-article
lk_kandy_international_buddhist_museum,International Buddhist Museum,International_Buddhist_Museum,2024,3,103,Wikimedia Pageviews API monthly per-article
lk_kandy_international_buddhist_museum,International Buddhist Museum,International_Buddhist_Museum,2024,4,71,Wikimedia Pageviews API monthly per-article
lk_kandy_international_buddhist_museum,International Buddhist Museum,International_Buddhist_Museum,2024,5,82,Wikimedia Pageviews API monthly per-article
lk_kandy_international_buddhist_museum,International Buddhist Museum,International_Buddhist_Museum,2024,6,50,Wikimedia Pageviews API monthly per-article
lk_kandy_international_buddhist_museum,International Buddhist Museum,International_Buddhist_Museum,2024,7,82,Wikimedia Pageviews API monthly per-article
lk_kandy_international_buddhist_museum,International Buddhist Museum,International_Buddhist_Museum,2024,8,89,Wikimedia Pageviews API monthly per-article
lk_kandy_international_buddhist_museum,International Buddhist Museum,International_Buddhist_Museum,2024,9,54,Wikimedia Pageviews API monthly per-article
lk_kandy_international_buddhist_museum,International Buddhist Museum,International_Buddhist_Museum,2024,10,73,Wikimedia Pageviews API monthly per-article
lk_kandy_international_buddhist_museum,International Buddhist Museum,International_Buddhist_Museum,2024,11,60,Wikimedia Pageviews API monthly per-article
lk_kandy_international_buddhist_museum,International Buddhist Museum,International_Buddhist_Museum,2024,12,64,Wikimedia Pageviews API monthly per-article
lk_kandy_international_buddhist_museum,International Buddhist Museum,International_Buddhist_Museum,2025,1,79,Wikimedia Pageviews API monthly per-article
lk_kandy_international_buddhist_museum,International Buddhist Museum,International_Buddhist_Museum,2025,2,77,Wikimedia Pageviews API monthly per-article
lk_kandy_international_buddhist_museum,International Buddhist Museum,International_Buddhist_Museum,2025,3,90,Wikimedia Pageviews API monthly per-article
lk_kandy_international_buddhist_museum,International Buddhist Museum,International_Buddhist_Museum,2025,4,101,Wikimedia Pageviews API monthly per-article
lk_kandy_international_buddhist_museum,International Buddhist Museum,International_Buddhist_Museum,2025,5,54,Wikimedia Pageviews API monthly per-article
lk_kandy_international_buddhist_museum,International Buddhist Museum,International_Buddhist_Museum,2025,6,61,Wikimedia Pageviews API monthly per-article
lk_kandy_international_buddhist_museum,International Buddhist Museum,International_Buddhist_Museum,2025,7,64,Wikimedia Pageviews API monthly per-article
lk_kandy_international_buddhist_museum,International Buddhist Museum,International_Buddhist_Museum,2025,8,71,Wikimedia Pageviews API monthly per-article
lk_kandy_international_buddhist_museum,International Buddhist Museum,International_Buddhist_Museum,2025,9,92,Wikimedia Pageviews API monthly per-article
lk_kandy_international_buddhist_museum,International Buddhist Museum,International_Buddhist_Museum,2025,10,64,Wikimedia Pageviews API monthly per-article
lk_kandy_international_buddhist_museum,International Buddhist Museum,International_Buddhist_Museum,2025,11,55,Wikimedia Pageviews API monthly per-article
lk_kandy_international_buddhist_museum,International Buddhist Museum,International_Buddhist_Museum,2025,12,68,Wikimedia Pageviews API monthly per-article
lk_kandy_international_buddhist_museum,International Buddhist Museum,International_Buddhist_Museum,2026,1,3,Wikimedia Pageviews API monthly per-article
lk_kandy_kandy_garrison_cemetery,Kandy Garrison Cemetery,Kandy_Garrison_Cemetery,2024,1,0,Wikimedia Pageviews API monthly per-article
lk_kandy_kandy_garrison_cemetery,Kandy Garrison Cemetery,Kandy_Garrison_Cemetery,2024,2,0,Wikimedia Pageviews API monthly per-article
lk_kandy_kandy_garrison_cemetery,Kandy Garrison Cemetery,Kandy_Garrison_Cemetery,2024,4,0,Wikimedia Pageviews API monthly per-article
lk_kandy_kandy_garrison_cemetery,Kandy Garrison Cemetery,Kandy_Garrison_Cemetery,2024,5,1,Wikimedia Pageviews API monthly per-article
lk_kandy_kandy_garrison_cemetery,Kandy Garrison Cemetery,Kandy_Garrison_Cemetery,2024,6,0,Wikimedia Pageviews API monthly per-article
lk_kandy_kandy_garrison_cemetery,Kandy Garrison Cemetery,Kandy_Garrison_Cemetery,2024,8,0,Wikimedia Pageviews API monthly per-article
lk_kandy_kandy_garrison_cemetery,Kandy Garrison Cemetery,Kandy_Garrison_Cemetery,2024,9,1,Wikimedia Pageviews API monthly per-article
lk_kandy_kandy_garrison_cemetery,Kandy Garrison Cemetery,Kandy_Garrison_Cemetery,2024,11,0,Wikimedia Pageviews API monthly per-article
lk_kandy_kandy_garrison_cemetery,Kandy Garrison Cemetery,Kandy_Garrison_Cemetery,2024,12,1,Wikimedia Pageviews API monthly per-article
lk_kandy_kandy_garrison_cemetery,Kandy Garrison Cemetery,Kandy_Garrison_Cemetery,2025,1,0,Wikimedia Pageviews API monthly per-article
lk_kandy_kandy_garrison_cemetery,Kandy Garrison Cemetery,Kandy_Garrison_Cemetery,2025,2,3,Wikimedia Pageviews API monthly per-article
lk_kandy_kandy_garrison_cemetery,Kandy Garrison Cemetery,Kandy_Garrison_Cemetery,2025,3,2,Wikimedia Pageviews API monthly per-article
lk_kandy_kandy_garrison_cemetery,Kandy Garrison Cemetery,Kandy_Garrison_Cemetery,2025,4,0,Wikimedia Pageviews API monthly per-article
lk_kandy_kandy_garrison_cemetery,Kandy Garrison Cemetery,Kandy_Garrison_Cemetery,2025,5,0,Wikimedia Pageviews API monthly per-article
lk_kandy_kandy_garrison_cemetery,Kandy Garrison Cemetery,Kandy_Garrison_Cemetery,2025,6,2,Wikimedia Pageviews API monthly per-article
lk_kandy_kandy_garrison_cemetery,Kandy Garrison Cemetery,Kandy_Garrison_Cemetery,2025,7,1,Wikimedia Pageviews API monthly per-article
lk_kandy_kandy_garrison_cemetery,Kandy Garrison Cemetery,Kandy_Garrison_Cemetery,2025,8,1,Wikimedia Pageviews API monthly per-article
lk_kandy_kandy_garrison_cemetery,Kandy Garrison Cemetery,Kandy_Garrison_Cemetery,2025,9,2,Wikimedia Pageviews API monthly per-article
lk_kandy_kandy_garrison_cemetery,Kandy Garrison Cemetery,Kandy_Garrison_Cemetery,2025,10,1,Wikimedia Pageviews API monthly per-article
lk_kandy_kandy_garrison_cemetery,Kandy Garrison Cemetery,Kandy_Garrison_Cemetery,2025,11,2,Wikimedia Pageviews API monthly per-article
lk_kandy_kandy_garrison_cemetery,Kandy Garrison Cemetery,Kandy_Garrison_Cemetery,2025,12,0,Wikimedia Pageviews API monthly per-article
lk_kandy_wales_park,Wales Park,"Wales_Park,_Kandy",2024,1,0,Wikimedia Pageviews API monthly per-article
lk_kandy_wales_park,Wales Park,"Wales_Park,_Kandy",2024,2,0,Wikimedia Pageviews API monthly per-article
lk_kandy_wales_park,Wales Park,"Wales_Park,_Kandy",2024,3,0,Wikimedia Pageviews API monthly per-article
lk_kandy_wales_park,Wales Park,"Wales_Park,_Kandy",2024,4,0,Wikimedia Pageviews API monthly per-article
lk_kandy_wales_park,Wales Park,"Wales_Park,_Kandy",2024,5,1,Wikimedia Pageviews API monthly per-article
lk_kandy_wales_park,Wales Park,"Wales_Park,_Kandy",2024,6,2,Wikimedia Pageviews API monthly per-article
lk_kandy_wales_park,Wales Park,"Wales_Park,_Kandy",2024,7,1,Wikimedia Pageviews API monthly per-article
lk_kandy_wales_park,Wales Park,"Wales_Park,_Kandy",2024,9,0,Wikimedia Pageviews API monthly per-article
lk_kandy_wales_park,Wales Park,"Wales_Park,_Kandy",2024,10,1,Wikimedia Pageviews API monthly per-article
lk_kandy_wales_park,Wales Park,"Wales_Park,_Kandy",2024,11,1,Wikimedia Pageviews API monthly per-article
lk_kandy_wales_park,Wales Park,"Wales_Park,_Kandy",2024,12,0,Wikimedia Pageviews API monthly per-article
lk_kandy_wales_park,Wales Park,"Wales_Park,_Kandy",2025,1,3,Wikimedia Pageviews API monthly per-article
lk_kandy_wales_park,Wales Park,"Wales_Park,_Kandy",2025,2,2,Wikimedia Pageviews API monthly per-article
lk_kandy_wales_park,Wales Park,"Wales_Park,_Kandy",2025,3,0,Wikimedia Pageviews API monthly per-article
lk_kandy_wales_park,Wales Park,"Wales_Park,_Kandy",2025,4,0,Wikimedia Pageviews API monthly per-article
lk_kandy_wales_park,Wales Park,"Wales_Park,_Kandy",2025,5,2,Wikimedia Pageviews API monthly per-article
lk_kandy_wales_park,Wales Park,"Wales_Park,_Kandy",2025,6,0,Wikimedia Pageviews API monthly per-article
lk_kandy_wales_park,Wales Park,"Wales_Park,_Kandy",2025,8,1,Wikimedia Pageviews API monthly per-article
lk_kandy_wales_park,Wales Park,"Wales_Park,_Kandy",2025,9,1,Wikimedia Pageviews API monthly per-article
lk_kandy_wales_park,Wales Park,"Wales_Park,_Kandy",2025,10,2,Wikimedia Pageviews API monthly per-article
lk_kandy_wales_park,Wales Park,"Wales_Park,_Kandy",2025,11,1,Wikimedia Pageviews API monthly per-article
lk_kandy_wales_park,Wales Park,"Wales_Park,_Kandy",2025,12,0,Wikimedia Pageviews API monthly per-article
lk_kandy_ceylon_tea_museum_viewpoint,Ceylon Tea Museum Viewpoint,Ceylon_Tea_Museum,2024,1,148,Wikimedia Pageviews API monthly per-article
lk_kandy_ceylon_tea_museum_viewpoint,Ceylon Tea Museum Viewpoint,Ceylon_Tea_Museum,2024,2,197,Wikimedia Pageviews API monthly per-article
lk_kandy_ceylon_tea_museum_viewpoint,Ceylon Tea Museum Viewpoint,Ceylon_Tea_Museum,2024,3,156,Wikimedia Pageviews API monthly per-article
lk_kandy_ceylon_tea_museum_viewpoint,Ceylon Tea Museum Viewpoint,Ceylon_Tea_Museum,2024,4,123,Wikimedia Pageviews API monthly per-article
lk_kandy_ceylon_tea_museum_viewpoint,Ceylon Tea Museum Viewpoint,Ceylon_Tea_Museum,2024,5,129,Wikimedia Pageviews API monthly per-article
lk_kandy_ceylon_tea_museum_viewpoint,Ceylon Tea Museum Viewpoint,Ceylon_Tea_Museum,2024,6,96,Wikimedia Pageviews API monthly per-article
lk_kandy_ceylon_tea_museum_viewpoint,Ceylon Tea Museum Viewpoint,Ceylon_Tea_Museum,2024,7,178,Wikimedia Pageviews API monthly per-article
lk_kandy_ceylon_tea_museum_viewpoint,Ceylon Tea Museum Viewpoint,Ceylon_Tea_Museum,2024,8,132,Wikimedia Pageviews API monthly per-article
lk_kandy_ceylon_tea_museum_viewpoint,Ceylon Tea Museum Viewpoint,Ceylon_Tea_Museum,2024,9,119,Wikimedia Pageviews API monthly per-article
lk_kandy_ceylon_tea_museum_viewpoint,Ceylon Tea Museum Viewpoint,Ceylon_Tea_Museum,2024,10,110,Wikimedia Pageviews API monthly per-article
lk_kandy_ceylon_tea_museum_viewpoint,Ceylon Tea Museum Viewpoint,Ceylon_Tea_Museum,2024,11,104,Wikimedia Pageviews API monthly per-article
lk_kandy_ceylon_tea_museum_viewpoint,Ceylon Tea Museum Viewpoint,Ceylon_Tea_Museum,2024,12,130,Wikimedia Pageviews API monthly per-article
lk_kandy_ceylon_tea_museum_viewpoint,Ceylon Tea Museum Viewpoint,Ceylon_Tea_Museum,2025,1,162,Wikimedia Pageviews API monthly per-article
lk_kandy_ceylon_tea_museum_viewpoint,Ceylon Tea Museum Viewpoint,Ceylon_Tea_Museum,2025,2,148,Wikimedia Pageviews API monthly per-article
lk_kandy_ceylon_tea_museum_viewpoint,Ceylon Tea Museum Viewpoint,Ceylon_Tea_Museum,2025,3,136,Wikimedia Pageviews API monthly per-article
lk_kandy_ceylon_tea_museum_viewpoint,Ceylon Tea Museum Viewpoint,Ceylon_Tea_Museum,2025,4,74,Wikimedia Pageviews API monthly per-article
lk_kandy_ceylon_tea_museum_viewpoint,Ceylon Tea Museum Viewpoint,Ceylon_Tea_Museum,2025,5,88,Wikimedia Pageviews API monthly per-article
lk_kandy_ceylon_tea_museum_viewpoint,Ceylon Tea Museum Viewpoint,Ceylon_Tea_Museum,2025,6,68,Wikimedia Pageviews API monthly per-article
lk_kandy_ceylon_tea_museum_viewpoint,Ceylon Tea Museum Viewpoint,Ceylon_Tea_Museum,2025,7,102,Wikimedia Pageviews API monthly per-article
lk_kandy_ceylon_tea_museum_viewpoint,Ceylon Tea Museum Viewpoint,Ceylon_Tea_Museum,2025,8,127,Wikimedia Pageviews API monthly per-article
lk_kandy_ceylon_tea_museum_viewpoint,Ceylon Tea Museum Viewpoint,Ceylon_Tea_Museum,2025,9,80,Wikimedia Pageviews API monthly per-article
lk_kandy_ceylon_tea_museum_viewpoint,Ceylon Tea Museum Viewpoint,Ceylon_Tea_Museum,2025,10,100,Wikimedia Pageviews API monthly per-article
lk_kandy_ceylon_tea_museum_viewpoint,Ceylon Tea Museum Viewpoint,Ceylon_Tea_Museum,2025,11,147,Wikimedia Pageviews API monthly per-article
lk_kandy_ceylon_tea_museum_viewpoint,Ceylon Tea Museum Viewpoint,Ceylon_Tea_Museum,2025,12,88,Wikimedia Pageviews API monthly per-article
lk_kandy_ceylon_tea_museum_viewpoint,Ceylon Tea Museum Viewpoint,Ceylon_Tea_Museum,2026,1,2,Wikimedia Pageviews API monthly per-article
lk_kandy_commonwealth_war_cemetery_kandy,"Commonwealth War Cemetery, Kandy",Kandy_War_Cemetery,2024,1,207,Wikimedia Pageviews API monthly per-article
lk_kandy_commonwealth_war_cemetery_kandy,"Commonwealth War Cemetery, Kandy",Kandy_War_Cemetery,2024,2,182,Wikimedia Pageviews API monthly per-article
lk_kandy_commonwealth_war_cemetery_kandy,"Commonwealth War Cemetery, Kandy",Kandy_War_Cemetery,2024,3,185,Wikimedia Pageviews API monthly per-article
lk_kandy_commonwealth_war_cemetery_kandy,"Commonwealth War Cemetery, Kandy",Kandy_War_Cemetery,2024,4,165,Wikimedia Pageviews API monthly per-article
lk_kandy_commonwealth_war_cemetery_kandy,"Commonwealth War Cemetery, Kandy",Kandy_War_Cemetery,2024,5,131,Wikimedia Pageviews API monthly per-article
lk_kandy_commonwealth_war_cemetery_kandy,"Commonwealth War Cemetery, Kandy",Kandy_War_Cemetery,2024,6,126,Wikimedia Pageviews API monthly per-article
lk_kandy_commonwealth_war_cemetery_kandy,"Commonwealth War Cemetery, Kandy",Kandy_War_Cemetery,2024,7,145,Wikimedia Pageviews API monthly per-article
lk_kandy_commonwealth_war_cemetery_kandy,"Commonwealth War Cemetery, Kandy",Kandy_War_Cemetery,2024,8,141,Wikimedia Pageviews API monthly per-article
lk_kandy_commonwealth_war_cemetery_kandy,"Commonwealth War Cemetery, Kandy",Kandy_War_Cemetery,2024,9,102,Wikimedia Pageviews API monthly per-article
lk_kandy_commonwealth_war_cemetery_kandy,"Commonwealth War Cemetery, Kandy",Kandy_War_Cemetery,2024,10,127,Wikimedia Pageviews API monthly per-article
lk_kandy_commonwealth_war_cemetery_kandy,"Commonwealth War Cemetery, Kandy",Kandy_War_Cemetery,2024,11,138,Wikimedia Pageviews API monthly per-article
lk_kandy_commonwealth_war_cemetery_kandy,"Commonwealth War Cemetery, Kandy",Kandy_War_Cemetery,2024,12,149,Wikimedia Pageviews API monthly per-article
lk_kandy_commonwealth_war_cemetery_kandy,"Commonwealth War Cemetery, Kandy",Kandy_War_Cemetery,2025,1,185,Wikimedia Pageviews API monthly per-article
lk_kandy_commonwealth_war_cemetery_kandy,"Commonwealth War Cemetery, Kandy",Kandy_War_Cemetery,2025,2,212,Wikimedia Pageviews API monthly per-article
lk_kandy_commonwealth_war_cemetery_kandy,"Commonwealth War Cemetery, Kandy",Kandy_War_Cemetery,2025,3,181,Wikimedia Pageviews API monthly per-article
lk_kandy_commonwealth_war_cemetery_kandy,"Commonwealth War Cemetery, Kandy",Kandy_War_Cemetery,2025,4,139,Wikimedia Pageviews API monthly per-article
lk_kandy_commonwealth_war_cemetery_kandy,"Commonwealth War Cemetery, Kandy",Kandy_War_Cemetery,2025,5,109,Wikimedia Pageviews API monthly per-article
lk_kandy_commonwealth_war_cemetery_kandy,"Commonwealth War Cemetery, Kandy",Kandy_War_Cemetery,2025,6,103,Wikimedia Pageviews API monthly per-article
lk_kandy_commonwealth_war_cemetery_kandy,"Commonwealth War Cemetery, Kandy",Kandy_War_Cemetery,2025,7,147,Wikimedia Pageviews API monthly per-article
lk_kandy_commonwealth_war_cemetery_kandy,"Commonwealth War Cemetery, Kandy",Kandy_War_Cemetery,2025,8,171,Wikimedia Pageviews API monthly per-article
lk_kandy_commonwealth_war_cemetery_kandy,"Commonwealth War Cemetery, Kandy",Kandy_War_Cemetery,2025,9,142,Wikimedia Pageviews API monthly per-article
lk_kandy_commonwealth_war_cemetery_kandy,"Commonwealth War Cemetery, Kandy",Kandy_War_Cemetery,2025,10,140,Wikimedia Pageviews API monthly per-article
lk_kandy_commonwealth_war_cemetery_kandy,"Commonwealth War Cemetery, Kandy",Kandy_War_Cemetery,2025,11,168,Wikimedia Pageviews API monthly per-article
lk_kandy_commonwealth_war_cemetery_kandy,"Commonwealth War Cemetery, Kandy",Kandy_War_Cemetery,2025,12,120,Wikimedia Pageviews API monthly per-article
lk_kandy_commonwealth_war_cemetery_kandy,"Commonwealth War Cemetery, Kandy",Kandy_War_Cemetery,2026,1,5,Wikimedia Pageviews API monthly per-article
lk_kegalle_kitulgala,Kitulgala,Kitulgala,2024,1,1214,Wikimedia Pageviews API monthly per-article
lk_kegalle_kitulgala,Kitulgala,Kitulgala,2024,2,1105,Wikimedia Pageviews API monthly per-article
lk_kegalle_kitulgala,Kitulgala,Kitulgala,2024,3,1050,Wikimedia Pageviews API monthly per-article
lk_kegalle_kitulgala,Kitulgala,Kitulgala,2024,4,1200,Wikimedia Pageviews API monthly per-article
lk_kegalle_kitulgala,Kitulgala,Kitulgala,2024,5,903,Wikimedia Pageviews API monthly per-article
lk_kegalle_kitulgala,Kitulgala,Kitulgala,2024,6,527,Wikimedia Pageviews API monthly per-article
lk_kegalle_kitulgala,Kitulgala,Kitulgala,2024,7,767,Wikimedia Pageviews API monthly per-article
lk_kegalle_kitulgala,Kitulgala,Kitulgala,2024,8,818,Wikimedia Pageviews API monthly per-article
lk_kegalle_kitulgala,Kitulgala,Kitulgala,2024,9,686,Wikimedia Pageviews API monthly per-article
lk_kegalle_kitulgala,Kitulgala,Kitulgala,2024,10,678,Wikimedia Pageviews API monthly per-article
lk_kegalle_kitulgala,Kitulgala,Kitulgala,2024,11,712,Wikimedia Pageviews API monthly per-article
lk_kegalle_kitulgala,Kitulgala,Kitulgala,2024,12,783,Wikimedia Pageviews API monthly per-article
lk_kegalle_kitulgala,Kitulgala,Kitulgala,2025,1,893,Wikimedia Pageviews API monthly per-article
lk_kegalle_kitulgala,Kitulgala,Kitulgala,2025,2,850,Wikimedia Pageviews API monthly per-article
lk_kegalle_kitulgala,Kitulgala,Kitulgala,2025,3,971,Wikimedia Pageviews API monthly per-article
lk_kegalle_kitulgala,Kitulgala,Kitulgala,2025,4,951,Wikimedia Pageviews API monthly per-article
lk_kegalle_kitulgala,Kitulgala,Kitulgala,2025,5,811,Wikimedia Pageviews API monthly per-article
lk_kegalle_kitulgala,Kitulgala,Kitulgala,2025,6,682,Wikimedia Pageviews API monthly per-article
lk_kegalle_kitulgala,Kitulgala,Kitulgala,2025,7,832,Wikimedia Pageviews API monthly per-article
lk_kegalle_kitulgala,Kitulgala,Kitulgala,2025,8,852,Wikimedia Pageviews API monthly per-article
lk_kegalle_kitulgala,Kitulgala,Kitulgala,2025,9,695,Wikimedia Pageviews API monthly per-article
lk_kegalle_kitulgala,Kitulgala,Kitulgala,2025,10,587,Wikimedia Pageviews API monthly per-article
lk_kegalle_kitulgala,Kitulgala,Kitulgala,2025,11,738,Wikimedia Pageviews API monthly per-article
lk_kegalle_kitulgala,Kitulgala,Kitulgala,2025,12,541,Wikimedia Pageviews API monthly per-article
lk_kegalle_kitulgala,Kitulgala,Kitulgala,2026,1,13,Wikimedia Pageviews API monthly per-article
lk_kegalle_pinnawala_elephant_orphanage,Pinnawala Elephant Orphanage,Pinnawala_Elephant_Orphanage,2024,1,5196,Wikimedia Pageviews API monthly per-article
lk_kegalle_pinnawala_elephant_orphanage,Pinnawala Elephant Orphanage,Pinnawala_Elephant_Orphanage,2024,2,4796,Wikimedia Pageviews API monthly per-article
lk_kegalle_pinnawala_elephant_orphanage,Pinnawala Elephant Orphanage,Pinnawala_Elephant_Orphanage,2024,3,4709,Wikimedia Pageviews API monthly per-article
lk_kegalle_pinnawala_elephant_orphanage,Pinnawala Elephant Orphanage,Pinnawala_Elephant_Orphanage,2024,4,4371,Wikimedia Pageviews API monthly per-article
lk_kegalle_pinnawala_elephant_orphanage,Pinnawala Elephant Orphanage,Pinnawala_Elephant_Orphanage,2024,5,2828,Wikimedia Pageviews API monthly per-article
lk_kegalle_pinnawala_elephant_orphanage,Pinnawala Elephant Orphanage,Pinnawala_Elephant_Orphanage,2024,6,2395,Wikimedia Pageviews API monthly per-article
lk_kegalle_pinnawala_elephant_orphanage,Pinnawala Elephant Orphanage,Pinnawala_Elephant_Orphanage,2024,7,3070,Wikimedia Pageviews API monthly per-article
lk_kegalle_pinnawala_elephant_orphanage,Pinnawala Elephant Orphanage,Pinnawala_Elephant_Orphanage,2024,8,3054,Wikimedia Pageviews API monthly per-article
lk_kegalle_pinnawala_elephant_orphanage,Pinnawala Elephant Orphanage,Pinnawala_Elephant_Orphanage,2024,9,2717,Wikimedia Pageviews API monthly per-article
lk_kegalle_pinnawala_elephant_orphanage,Pinnawala Elephant Orphanage,Pinnawala_Elephant_Orphanage,2024,10,2641,Wikimedia Pageviews API monthly per-article
lk_kegalle_pinnawala_elephant_orphanage,Pinnawala Elephant Orphanage,Pinnawala_Elephant_Orphanage,2024,11,2329,Wikimedia Pageviews API monthly per-article
lk_kegalle_pinnawala_elephant_orphanage,Pinnawala Elephant Orphanage,Pinnawala_Elephant_Orphanage,2024,12,2889,Wikimedia Pageviews API monthly per-article
lk_kegalle_pinnawala_elephant_orphanage,Pinnawala Elephant Orphanage,Pinnawala_Elephant_Orphanage,2025,1,2918,Wikimedia Pageviews API monthly per-article
lk_kegalle_pinnawala_elephant_orphanage,Pinnawala Elephant Orphanage,Pinnawala_Elephant_Orphanage,2025,2,2158,Wikimedia Pageviews API monthly per-article
lk_kegalle_pinnawala_elephant_orphanage,Pinnawala Elephant Orphanage,Pinnawala_Elephant_Orphanage,2025,3,1953,Wikimedia Pageviews API monthly per-article
lk_kegalle_pinnawala_elephant_orphanage,Pinnawala Elephant Orphanage,Pinnawala_Elephant_Orphanage,2025,4,1584,Wikimedia Pageviews API monthly per-article
lk_kegalle_pinnawala_elephant_orphanage,Pinnawala Elephant Orphanage,Pinnawala_Elephant_Orphanage,2025,5,1469,Wikimedia Pageviews API monthly per-article
lk_kegalle_pinnawala_elephant_orphanage,Pinnawala Elephant Orphanage,Pinnawala_Elephant_Orphanage,2025,6,1299,Wikimedia Pageviews API monthly per-article
lk_kegalle_pinnawala_elephant_orphanage,Pinnawala Elephant Orphanage,Pinnawala_Elephant_Orphanage,2025,7,1648,Wikimedia Pageviews API monthly per-article
lk_kegalle_pinnawala_elephant_orphanage,Pinnawala Elephant Orphanage,Pinnawala_Elephant_Orphanage,2025,8,1689,Wikimedia Pageviews API monthly per-article
lk_kegalle_pinnawala_elephant_orphanage,Pinnawala Elephant Orphanage,Pinnawala_Elephant_Orphanage,2025,9,1597,Wikimedia Pageviews API monthly per-article
lk_kegalle_pinnawala_elephant_orphanage,Pinnawala Elephant Orphanage,Pinnawala_Elephant_Orphanage,2025,10,1415,Wikimedia Pageviews API monthly per-article
lk_kegalle_pinnawala_elephant_orphanage,Pinnawala Elephant Orphanage,Pinnawala_Elephant_Orphanage,2025,11,1436,Wikimedia Pageviews API monthly per-article
lk_kegalle_pinnawala_elephant_orphanage,Pinnawala Elephant Orphanage,Pinnawala_Elephant_Orphanage,2025,12,1233,Wikimedia Pageviews API monthly per-article
lk_kegalle_pinnawala_elephant_orphanage,Pinnawala Elephant Orphanage,Pinnawala_Elephant_Orphanage,2026,1,43,Wikimedia Pageviews API monthly per-article
lk_kegalle_alagalla_mountain_range,Alagalla Mountain Range,Alagalla_Mountain_Range,2024,1,452,Wikimedia Pageviews API monthly per-article
lk_kegalle_alagalla_mountain_range,Alagalla Mountain Range,Alagalla_Mountain_Range,2024,2,346,Wikimedia Pageviews API monthly per-article
lk_kegalle_alagalla_mountain_range,Alagalla Mountain Range,Alagalla_Mountain_Range,2024,3,504,Wikimedia Pageviews API monthly per-article
lk_kegalle_alagalla_mountain_range,Alagalla Mountain Range,Alagalla_Mountain_Range,2024,4,322,Wikimedia Pageviews API monthly per-article
lk_kegalle_alagalla_mountain_range,Alagalla Mountain Range,Alagalla_Mountain_Range,2024,5,294,Wikimedia Pageviews API monthly per-article
lk_kegalle_alagalla_mountain_range,Alagalla Mountain Range,Alagalla_Mountain_Range,2024,6,171,Wikimedia Pageviews API monthly per-article
lk_kegalle_alagalla_mountain_range,Alagalla Mountain Range,Alagalla_Mountain_Range,2024,7,181,Wikimedia Pageviews API monthly per-article
lk_kegalle_alagalla_mountain_range,Alagalla Mountain Range,Alagalla_Mountain_Range,2024,8,194,Wikimedia Pageviews API monthly per-article
lk_kegalle_alagalla_mountain_range,Alagalla Mountain Range,Alagalla_Mountain_Range,2024,9,164,Wikimedia Pageviews API monthly per-article
lk_kegalle_alagalla_mountain_range,Alagalla Mountain Range,Alagalla_Mountain_Range,2024,10,189,Wikimedia Pageviews API monthly per-article
lk_kegalle_alagalla_mountain_range,Alagalla Mountain Range,Alagalla_Mountain_Range,2024,11,333,Wikimedia Pageviews API monthly per-article
lk_kegalle_alagalla_mountain_range,Alagalla Mountain Range,Alagalla_Mountain_Range,2024,12,233,Wikimedia Pageviews API monthly per-article
lk_kegalle_alagalla_mountain_range,Alagalla Mountain Range,Alagalla_Mountain_Range,2025,1,328,Wikimedia Pageviews API monthly per-article
lk_kegalle_alagalla_mountain_range,Alagalla Mountain Range,Alagalla_Mountain_Range,2025,2,372,Wikimedia Pageviews API monthly per-article
lk_kegalle_alagalla_mountain_range,Alagalla Mountain Range,Alagalla_Mountain_Range,2025,3,385,Wikimedia Pageviews API monthly per-article
lk_kegalle_alagalla_mountain_range,Alagalla Mountain Range,Alagalla_Mountain_Range,2025,4,580,Wikimedia Pageviews API monthly per-article
lk_kegalle_alagalla_mountain_range,Alagalla Mountain Range,Alagalla_Mountain_Range,2025,5,293,Wikimedia Pageviews API monthly per-article
lk_kegalle_alagalla_mountain_range,Alagalla Mountain Range,Alagalla_Mountain_Range,2025,6,220,Wikimedia Pageviews API monthly per-article
lk_kegalle_alagalla_mountain_range,Alagalla Mountain Range,Alagalla_Mountain_Range,2025,7,237,Wikimedia Pageviews API monthly per-article
lk_kegalle_alagalla_mountain_range,Alagalla Mountain Range,Alagalla_Mountain_Range,2025,8,397,Wikimedia Pageviews API monthly per-article
lk_kegalle_alagalla_mountain_range,Alagalla Mountain Range,Alagalla_Mountain_Range,2025,9,402,Wikimedia Pageviews API monthly per-article
lk_kegalle_alagalla_mountain_range,Alagalla Mountain Range,Alagalla_Mountain_Range,2025,10,286,Wikimedia Pageviews API monthly per-article
lk_kegalle_alagalla_mountain_range,Alagalla Mountain Range,Alagalla_Mountain_Range,2025,11,254,Wikimedia Pageviews API monthly per-article
lk_kegalle_alagalla_mountain_range,Alagalla Mountain Range,Alagalla_Mountain_Range,2025,12,211,Wikimedia Pageviews API monthly per-article
lk_kegalle_alagalla_mountain_range,Alagalla Mountain Range,Alagalla_Mountain_Range,2026,1,6,Wikimedia Pageviews API monthly per-article
lk_kegalle_asupini_ella,Asupini Ella,Asupini_Ella,2024,1,148,Wikimedia Pageviews API monthly per-article
lk_kegalle_asupini_ella,Asupini Ella,Asupini_Ella,2024,2,130,Wikimedia Pageviews API monthly per-article
lk_kegalle_asupini_ella,Asupini Ella,Asupini_Ella,2024,3,59,Wikimedia Pageviews API monthly per-article
lk_kegalle_asupini_ella,Asupini Ella,Asupini_Ella,2024,4,57,Wikimedia Pageviews API monthly per-article
lk_kegalle_asupini_ella,Asupini Ella,Asupini_Ella,2024,5,37,Wikimedia Pageviews API monthly per-article
lk_kegalle_asupini_ella,Asupini Ella,Asupini_Ella,2024,6,39,Wikimedia Pageviews API monthly per-article
lk_kegalle_asupini_ella,Asupini Ella,Asupini_Ella,2024,7,39,Wikimedia Pageviews API monthly per-article
lk_kegalle_asupini_ella,Asupini Ella,Asupini_Ella,2024,8,53,Wikimedia Pageviews API monthly per-article
lk_kegalle_asupini_ella,Asupini Ella,Asupini_Ella,2024,9,41,Wikimedia Pageviews API monthly per-article
lk_kegalle_asupini_ella,Asupini Ella,Asupini_Ella,2024,10,57,Wikimedia Pageviews API monthly per-article
lk_kegalle_asupini_ella,Asupini Ella,Asupini_Ella,2024,11,52,Wikimedia Pageviews API monthly per-article
lk_kegalle_asupini_ella,Asupini Ella,Asupini_Ella,2024,12,54,Wikimedia Pageviews API monthly per-article
lk_kegalle_asupini_ella,Asupini Ella,Asupini_Ella,2025,1,59,Wikimedia Pageviews API monthly per-article
lk_kegalle_asupini_ella,Asupini Ella,Asupini_Ella,2025,2,97,Wikimedia Pageviews API monthly per-article
lk_kegalle_asupini_ella,Asupini Ella,Asupini_Ella,2025,3,65,Wikimedia Pageviews API monthly per-article
lk_kegalle_asupini_ella,Asupini Ella,Asupini_Ella,2025,4,66,Wikimedia Pageviews API monthly per-article
lk_kegalle_asupini_ella,Asupini Ella,Asupini_Ella,2025,5,74,Wikimedia Pageviews API monthly per-article
lk_kegalle_asupini_ella,Asupini Ella,Asupini_Ella,2025,6,61,Wikimedia Pageviews API monthly per-article
lk_kegalle_asupini_ella,Asupini Ella,Asupini_Ella,2025,7,64,Wikimedia Pageviews API monthly per-article
lk_kegalle_asupini_ella,Asupini Ella,Asupini_Ella,2025,8,91,Wikimedia Pageviews API monthly per-article
lk_kegalle_asupini_ella,Asupini Ella,Asupini_Ella,2025,9,185,Wikimedia Pageviews API monthly per-article
lk_kegalle_asupini_ella,Asupini Ella,Asupini_Ella,2025,10,88,Wikimedia Pageviews API monthly per-article
lk_kegalle_asupini_ella,Asupini Ella,Asupini_Ella,2025,11,115,Wikimedia Pageviews API monthly per-article
lk_kegalle_asupini_ella,Asupini Ella,Asupini_Ella,2025,12,66,Wikimedia Pageviews API monthly per-article
lk_kegalle_asupini_ella,Asupini Ella,Asupini_Ella,2026,1,0,Wikimedia Pageviews API monthly per-article
lk_kegalle_belilena_cave,Belilena Cave,Belilena,2024,1,93,Wikimedia Pageviews API monthly per-article
lk_kegalle_belilena_cave,Belilena Cave,Belilena,2024,2,70,Wikimedia Pageviews API monthly per-article
lk_kegalle_belilena_cave,Belilena Cave,Belilena,2024,3,66,Wikimedia Pageviews API monthly per-article
lk_kegalle_belilena_cave,Belilena Cave,Belilena,2024,4,58,Wikimedia Pageviews API monthly per-article
lk_kegalle_belilena_cave,Belilena Cave,Belilena,2024,5,69,Wikimedia Pageviews API monthly per-article
lk_kegalle_belilena_cave,Belilena Cave,Belilena,2024,6,58,Wikimedia Pageviews API monthly per-article
lk_kegalle_belilena_cave,Belilena Cave,Belilena,2024,7,69,Wikimedia Pageviews API monthly per-article
lk_kegalle_belilena_cave,Belilena Cave,Belilena,2024,8,72,Wikimedia Pageviews API monthly per-article
lk_kegalle_belilena_cave,Belilena Cave,Belilena,2024,9,66,Wikimedia Pageviews API monthly per-article
lk_kegalle_belilena_cave,Belilena Cave,Belilena,2024,10,53,Wikimedia Pageviews API monthly per-article
lk_kegalle_belilena_cave,Belilena Cave,Belilena,2024,11,81,Wikimedia Pageviews API monthly per-article
lk_kegalle_belilena_cave,Belilena Cave,Belilena,2024,12,71,Wikimedia Pageviews API monthly per-article
lk_kegalle_belilena_cave,Belilena Cave,Belilena,2025,1,64,Wikimedia Pageviews API monthly per-article
lk_kegalle_belilena_cave,Belilena Cave,Belilena,2025,2,59,Wikimedia Pageviews API monthly per-article
lk_kegalle_belilena_cave,Belilena Cave,Belilena,2025,3,71,Wikimedia Pageviews API monthly per-article
lk_kegalle_belilena_cave,Belilena Cave,Belilena,2025,4,67,Wikimedia Pageviews API monthly per-article
lk_kegalle_belilena_cave,Belilena Cave,Belilena,2025,5,64,Wikimedia Pageviews API monthly per-article
lk_kegalle_belilena_cave,Belilena Cave,Belilena,2025,6,73,Wikimedia Pageviews API monthly per-article
lk_kegalle_belilena_cave,Belilena Cave,Belilena,2025,7,64,Wikimedia Pageviews API monthly per-article
lk_kegalle_belilena_cave,Belilena Cave,Belilena,2025,8,77,Wikimedia Pageviews API monthly per-article
lk_kegalle_belilena_cave,Belilena Cave,Belilena,2025,9,127,Wikimedia Pageviews API monthly per-article
lk_kegalle_belilena_cave,Belilena Cave,Belilena,2025,10,142,Wikimedia Pageviews API monthly per-article
lk_kegalle_belilena_cave,Belilena Cave,Belilena,2025,11,74,Wikimedia Pageviews API monthly per-article
lk_kegalle_belilena_cave,Belilena Cave,Belilena,2025,12,71,Wikimedia Pageviews API monthly per-article
lk_kegalle_belilena_cave,Belilena Cave,Belilena,2026,1,10,Wikimedia Pageviews API monthly per-article
lk_kegalle_pinnawala_elephant_bathing_point,Pinnawala Elephant Bathing Point,Pinnawala_Elephant_Orphanage,2024,1,5196,Wikimedia Pageviews API monthly per-article
lk_kegalle_pinnawala_elephant_bathing_point,Pinnawala Elephant Bathing Point,Pinnawala_Elephant_Orphanage,2024,2,4796,Wikimedia Pageviews API monthly per-article
lk_kegalle_pinnawala_elephant_bathing_point,Pinnawala Elephant Bathing Point,Pinnawala_Elephant_Orphanage,2024,3,4709,Wikimedia Pageviews API monthly per-article
lk_kegalle_pinnawala_elephant_bathing_point,Pinnawala Elephant Bathing Point,Pinnawala_Elephant_Orphanage,2024,4,4371,Wikimedia Pageviews API monthly per-article
lk_kegalle_pinnawala_elephant_bathing_point,Pinnawala Elephant Bathing Point,Pinnawala_Elephant_Orphanage,2024,5,2828,Wikimedia Pageviews API monthly per-article
lk_kegalle_pinnawala_elephant_bathing_point,Pinnawala Elephant Bathing Point,Pinnawala_Elephant_Orphanage,2024,6,2395,Wikimedia Pageviews API monthly per-article
lk_kegalle_pinnawala_elephant_bathing_point,Pinnawala Elephant Bathing Point,Pinnawala_Elephant_Orphanage,2024,7,3070,Wikimedia Pageviews API monthly per-article
lk_kegalle_pinnawala_elephant_bathing_point,Pinnawala Elephant Bathing Point,Pinnawala_Elephant_Orphanage,2024,8,3054,Wikimedia Pageviews API monthly per-article
lk_kegalle_pinnawala_elephant_bathing_point,Pinnawala Elephant Bathing Point,Pinnawala_Elephant_Orphanage,2024,9,2717,Wikimedia Pageviews API monthly per-article
lk_kegalle_pinnawala_elephant_bathing_point,Pinnawala Elephant Bathing Point,Pinnawala_Elephant_Orphanage,2024,10,2641,Wikimedia Pageviews API monthly per-article
lk_kegalle_pinnawala_elephant_bathing_point,Pinnawala Elephant Bathing Point,Pinnawala_Elephant_Orphanage,2024,11,2329,Wikimedia Pageviews API monthly per-article
lk_kegalle_pinnawala_elephant_bathing_point,Pinnawala Elephant Bathing Point,Pinnawala_Elephant_Orphanage,2024,12,2889,Wikimedia Pageviews API monthly per-article
lk_kegalle_pinnawala_elephant_bathing_point,Pinnawala Elephant Bathing Point,Pinnawala_Elephant_Orphanage,2025,1,2918,Wikimedia Pageviews API monthly per-article
lk_kegalle_pinnawala_elephant_bathing_point,Pinnawala Elephant Bathing Point,Pinnawala_Elephant_Orphanage,2025,2,2158,Wikimedia Pageviews API monthly per-article
lk_kegalle_pinnawala_elephant_bathing_point,Pinnawala Elephant Bathing Point,Pinnawala_Elephant_Orphanage,2025,3,1953,Wikimedia Pageviews API monthly per-article
lk_kegalle_pinnawala_elephant_bathing_point,Pinnawala Elephant Bathing Point,Pinnawala_Elephant_Orphanage,2025,4,1584,Wikimedia Pageviews API monthly per-article
lk_kegalle_pinnawala_elephant_bathing_point,Pinnawala Elephant Bathing Point,Pinnawala_Elephant_Orphanage,2025,5,1469,Wikimedia Pageviews API monthly per-article
lk_kegalle_pinnawala_elephant_bathing_point,Pinnawala Elephant Bathing Point,Pinnawala_Elephant_Orphanage,2025,6,1299,Wikimedia Pageviews API monthly per-article
lk_kegalle_pinnawala_elephant_bathing_point,Pinnawala Elephant Bathing Point,Pinnawala_Elephant_Orphanage,2025,7,1648,Wikimedia Pageviews API monthly per-article
lk_kegalle_pinnawala_elephant_bathing_point,Pinnawala Elephant Bathing Point,Pinnawala_Elephant_Orphanage,2025,8,1689,Wikimedia Pageviews API monthly per-article
lk_kegalle_pinnawala_elephant_bathing_point,Pinnawala Elephant Bathing Point,Pinnawala_Elephant_Orphanage,2025,9,1597,Wikimedia Pageviews API monthly per-article
lk_kegalle_pinnawala_elephant_bathing_point,Pinnawala Elephant Bathing Point,Pinnawala_Elephant_Orphanage,2025,10,1415,Wikimedia Pageviews API monthly per-article
lk_kegalle_pinnawala_elephant_bathing_point,Pinnawala Elephant Bathing Point,Pinnawala_Elephant_Orphanage,2025,11,1436,Wikimedia Pageviews API monthly per-article
lk_kegalle_pinnawala_elephant_bathing_point,Pinnawala Elephant Bathing Point,Pinnawala_Elephant_Orphanage,2025,12,1233,Wikimedia Pageviews API monthly per-article
lk_kegalle_pinnawala_elephant_bathing_point,Pinnawala Elephant Bathing Point,Pinnawala_Elephant_Orphanage,2026,1,43,Wikimedia Pageviews API monthly per-article
lk_kegalle_pinnawala_open_zoo,Pinnawala Open Zoo,Pinnawala_Open_Zoo,2024,1,189,Wikimedia Pageviews API monthly per-article
lk_kegalle_pinnawala_open_zoo,Pinnawala Open Zoo,Pinnawala_Open_Zoo,2024,2,204,Wikimedia Pageviews API monthly per-article
lk_kegalle_pinnawala_open_zoo,Pinnawala Open Zoo,Pinnawala_Open_Zoo,2024,3,258,Wikimedia Pageviews API monthly per-article
lk_kegalle_pinnawala_open_zoo,Pinnawala Open Zoo,Pinnawala_Open_Zoo,2024,4,201,Wikimedia Pageviews API monthly per-article
lk_kegalle_pinnawala_open_zoo,Pinnawala Open Zoo,Pinnawala_Open_Zoo,2024,5,176,Wikimedia Pageviews API monthly per-article
lk_kegalle_pinnawala_open_zoo,Pinnawala Open Zoo,Pinnawala_Open_Zoo,2024,6,156,Wikimedia Pageviews API monthly per-article
lk_kegalle_pinnawala_open_zoo,Pinnawala Open Zoo,Pinnawala_Open_Zoo,2024,7,200,Wikimedia Pageviews API monthly per-article
lk_kegalle_pinnawala_open_zoo,Pinnawala Open Zoo,Pinnawala_Open_Zoo,2024,8,331,Wikimedia Pageviews API monthly per-article
lk_kegalle_pinnawala_open_zoo,Pinnawala Open Zoo,Pinnawala_Open_Zoo,2024,9,254,Wikimedia Pageviews API monthly per-article
lk_kegalle_pinnawala_open_zoo,Pinnawala Open Zoo,Pinnawala_Open_Zoo,2024,10,203,Wikimedia Pageviews API monthly per-article
lk_kegalle_pinnawala_open_zoo,Pinnawala Open Zoo,Pinnawala_Open_Zoo,2024,11,208,Wikimedia Pageviews API monthly per-article
lk_kegalle_pinnawala_open_zoo,Pinnawala Open Zoo,Pinnawala_Open_Zoo,2024,12,294,Wikimedia Pageviews API monthly per-article
lk_kegalle_pinnawala_open_zoo,Pinnawala Open Zoo,Pinnawala_Open_Zoo,2025,1,228,Wikimedia Pageviews API monthly per-article
lk_kegalle_pinnawala_open_zoo,Pinnawala Open Zoo,Pinnawala_Open_Zoo,2025,2,173,Wikimedia Pageviews API monthly per-article
lk_kegalle_pinnawala_open_zoo,Pinnawala Open Zoo,Pinnawala_Open_Zoo,2025,3,169,Wikimedia Pageviews API monthly per-article
lk_kegalle_pinnawala_open_zoo,Pinnawala Open Zoo,Pinnawala_Open_Zoo,2025,4,177,Wikimedia Pageviews API monthly per-article
lk_kegalle_pinnawala_open_zoo,Pinnawala Open Zoo,Pinnawala_Open_Zoo,2025,5,166,Wikimedia Pageviews API monthly per-article
lk_kegalle_pinnawala_open_zoo,Pinnawala Open Zoo,Pinnawala_Open_Zoo,2025,6,187,Wikimedia Pageviews API monthly per-article
lk_kegalle_pinnawala_open_zoo,Pinnawala Open Zoo,Pinnawala_Open_Zoo,2025,7,249,Wikimedia Pageviews API monthly per-article
lk_kegalle_pinnawala_open_zoo,Pinnawala Open Zoo,Pinnawala_Open_Zoo,2025,8,348,Wikimedia Pageviews API monthly per-article
lk_kegalle_pinnawala_open_zoo,Pinnawala Open Zoo,Pinnawala_Open_Zoo,2025,9,224,Wikimedia Pageviews API monthly per-article
lk_kegalle_pinnawala_open_zoo,Pinnawala Open Zoo,Pinnawala_Open_Zoo,2025,10,169,Wikimedia Pageviews API monthly per-article
lk_kegalle_pinnawala_open_zoo,Pinnawala Open Zoo,Pinnawala_Open_Zoo,2025,11,219,Wikimedia Pageviews API monthly per-article
lk_kegalle_pinnawala_open_zoo,Pinnawala Open Zoo,Pinnawala_Open_Zoo,2025,12,144,Wikimedia Pageviews API monthly per-article
lk_kegalle_pinnawala_open_zoo,Pinnawala Open Zoo,Pinnawala_Open_Zoo,2026,1,1,Wikimedia Pageviews API monthly per-article
lk_kilinochchi_iranamadu_tank,Iranamadu Tank,Iranamadu_Tank,2024,1,463,Wikimedia Pageviews API monthly per-article
lk_kilinochchi_iranamadu_tank,Iranamadu Tank,Iranamadu_Tank,2024,2,286,Wikimedia Pageviews API monthly per-article
lk_kilinochchi_iranamadu_tank,Iranamadu Tank,Iranamadu_Tank,2024,3,268,Wikimedia Pageviews API monthly per-article
lk_kilinochchi_iranamadu_tank,Iranamadu Tank,Iranamadu_Tank,2024,4,230,Wikimedia Pageviews API monthly per-article
lk_kilinochchi_iranamadu_tank,Iranamadu Tank,Iranamadu_Tank,2024,5,240,Wikimedia Pageviews API monthly per-article
lk_kilinochchi_iranamadu_tank,Iranamadu Tank,Iranamadu_Tank,2024,6,201,Wikimedia Pageviews API monthly per-article
lk_kilinochchi_iranamadu_tank,Iranamadu Tank,Iranamadu_Tank,2024,7,359,Wikimedia Pageviews API monthly per-article
lk_kilinochchi_iranamadu_tank,Iranamadu Tank,Iranamadu_Tank,2024,8,273,Wikimedia Pageviews API monthly per-article
lk_kilinochchi_iranamadu_tank,Iranamadu Tank,Iranamadu_Tank,2024,9,259,Wikimedia Pageviews API monthly per-article
lk_kilinochchi_iranamadu_tank,Iranamadu Tank,Iranamadu_Tank,2024,10,265,Wikimedia Pageviews API monthly per-article
lk_kilinochchi_iranamadu_tank,Iranamadu Tank,Iranamadu_Tank,2024,11,568,Wikimedia Pageviews API monthly per-article
lk_kilinochchi_iranamadu_tank,Iranamadu Tank,Iranamadu_Tank,2024,12,408,Wikimedia Pageviews API monthly per-article
lk_kilinochchi_iranamadu_tank,Iranamadu Tank,Iranamadu_Tank,2025,1,485,Wikimedia Pageviews API monthly per-article
lk_kilinochchi_iranamadu_tank,Iranamadu Tank,Iranamadu_Tank,2025,2,173,Wikimedia Pageviews API monthly per-article
lk_kilinochchi_iranamadu_tank,Iranamadu Tank,Iranamadu_Tank,2025,3,250,Wikimedia Pageviews API monthly per-article
lk_kilinochchi_iranamadu_tank,Iranamadu Tank,Iranamadu_Tank,2025,4,157,Wikimedia Pageviews API monthly per-article
lk_kilinochchi_iranamadu_tank,Iranamadu Tank,Iranamadu_Tank,2025,5,245,Wikimedia Pageviews API monthly per-article
lk_kilinochchi_iranamadu_tank,Iranamadu Tank,Iranamadu_Tank,2025,6,187,Wikimedia Pageviews API monthly per-article
lk_kilinochchi_iranamadu_tank,Iranamadu Tank,Iranamadu_Tank,2025,7,225,Wikimedia Pageviews API monthly per-article
lk_kilinochchi_iranamadu_tank,Iranamadu Tank,Iranamadu_Tank,2025,8,248,Wikimedia Pageviews API monthly per-article
lk_kilinochchi_iranamadu_tank,Iranamadu Tank,Iranamadu_Tank,2025,9,229,Wikimedia Pageviews API monthly per-article
lk_kilinochchi_iranamadu_tank,Iranamadu Tank,Iranamadu_Tank,2025,10,214,Wikimedia Pageviews API monthly per-article
lk_kilinochchi_iranamadu_tank,Iranamadu Tank,Iranamadu_Tank,2025,11,473,Wikimedia Pageviews API monthly per-article
lk_kilinochchi_iranamadu_tank,Iranamadu Tank,Iranamadu_Tank,2025,12,415,Wikimedia Pageviews API monthly per-article
lk_kilinochchi_iranamadu_tank,Iranamadu Tank,Iranamadu_Tank,2026,1,7,Wikimedia Pageviews API monthly per-article
lk_kurunegala_yapahuwa_rock_fortress,Yapahuwa Rock Fortress,Yapahuwa,2024,1,1241,Wikimedia Pageviews API monthly per-article
lk_kurunegala_yapahuwa_rock_fortress,Yapahuwa Rock Fortress,Yapahuwa,2024,2,1361,Wikimedia Pageviews API monthly per-article
lk_kurunegala_yapahuwa_rock_fortress,Yapahuwa Rock Fortress,Yapahuwa,2024,3,1102,Wikimedia Pageviews API monthly per-article
lk_kurunegala_yapahuwa_rock_fortress,Yapahuwa Rock Fortress,Yapahuwa,2024,4,869,Wikimedia Pageviews API monthly per-article
lk_kurunegala_yapahuwa_rock_fortress,Yapahuwa Rock Fortress,Yapahuwa,2024,5,953,Wikimedia Pageviews API monthly per-article
lk_kurunegala_yapahuwa_rock_fortress,Yapahuwa Rock Fortress,Yapahuwa,2024,6,817,Wikimedia Pageviews API monthly per-article
lk_kurunegala_yapahuwa_rock_fortress,Yapahuwa Rock Fortress,Yapahuwa,2024,7,1044,Wikimedia Pageviews API monthly per-article
lk_kurunegala_yapahuwa_rock_fortress,Yapahuwa Rock Fortress,Yapahuwa,2024,8,965,Wikimedia Pageviews API monthly per-article
lk_kurunegala_yapahuwa_rock_fortress,Yapahuwa Rock Fortress,Yapahuwa,2024,9,1096,Wikimedia Pageviews API monthly per-article
lk_kurunegala_yapahuwa_rock_fortress,Yapahuwa Rock Fortress,Yapahuwa,2024,10,1199,Wikimedia Pageviews API monthly per-article
lk_kurunegala_yapahuwa_rock_fortress,Yapahuwa Rock Fortress,Yapahuwa,2024,11,1010,Wikimedia Pageviews API monthly per-article
lk_kurunegala_yapahuwa_rock_fortress,Yapahuwa Rock Fortress,Yapahuwa,2024,12,933,Wikimedia Pageviews API monthly per-article
lk_kurunegala_yapahuwa_rock_fortress,Yapahuwa Rock Fortress,Yapahuwa,2025,1,1170,Wikimedia Pageviews API monthly per-article
lk_kurunegala_yapahuwa_rock_fortress,Yapahuwa Rock Fortress,Yapahuwa,2025,2,1033,Wikimedia Pageviews API monthly per-article
lk_kurunegala_yapahuwa_rock_fortress,Yapahuwa Rock Fortress,Yapahuwa,2025,3,1008,Wikimedia Pageviews API monthly per-article
lk_kurunegala_yapahuwa_rock_fortress,Yapahuwa Rock Fortress,Yapahuwa,2025,4,768,Wikimedia Pageviews API monthly per-article
lk_kurunegala_yapahuwa_rock_fortress,Yapahuwa Rock Fortress,Yapahuwa,2025,5,817,Wikimedia Pageviews API monthly per-article
lk_kurunegala_yapahuwa_rock_fortress,Yapahuwa Rock Fortress,Yapahuwa,2025,6,998,Wikimedia Pageviews API monthly per-article
lk_kurunegala_yapahuwa_rock_fortress,Yapahuwa Rock Fortress,Yapahuwa,2025,7,882,Wikimedia Pageviews API monthly per-article
lk_kurunegala_yapahuwa_rock_fortress,Yapahuwa Rock Fortress,Yapahuwa,2025,8,1025,Wikimedia Pageviews API monthly per-article
lk_kurunegala_yapahuwa_rock_fortress,Yapahuwa Rock Fortress,Yapahuwa,2025,9,1016,Wikimedia Pageviews API monthly per-article
lk_kurunegala_yapahuwa_rock_fortress,Yapahuwa Rock Fortress,Yapahuwa,2025,10,901,Wikimedia Pageviews API monthly per-article
lk_kurunegala_yapahuwa_rock_fortress,Yapahuwa Rock Fortress,Yapahuwa,2025,11,991,Wikimedia Pageviews API monthly per-article
lk_kurunegala_yapahuwa_rock_fortress,Yapahuwa Rock Fortress,Yapahuwa,2025,12,712,Wikimedia Pageviews API monthly per-article
lk_kurunegala_yapahuwa_rock_fortress,Yapahuwa Rock Fortress,Yapahuwa,2026,1,18,Wikimedia Pageviews API monthly per-article
lk_kurunegala_dambadeniya_archaeological_site,Dambadeniya Archaeological Site,Dambadeniya,2024,1,445,Wikimedia Pageviews API monthly per-article
lk_kurunegala_dambadeniya_archaeological_site,Dambadeniya Archaeological Site,Dambadeniya,2024,2,507,Wikimedia Pageviews API monthly per-article
lk_kurunegala_dambadeniya_archaeological_site,Dambadeniya Archaeological Site,Dambadeniya,2024,3,347,Wikimedia Pageviews API monthly per-article
lk_kurunegala_dambadeniya_archaeological_site,Dambadeniya Archaeological Site,Dambadeniya,2024,4,306,Wikimedia Pageviews API monthly per-article
lk_kurunegala_dambadeniya_archaeological_site,Dambadeniya Archaeological Site,Dambadeniya,2024,5,307,Wikimedia Pageviews API monthly per-article
lk_kurunegala_dambadeniya_archaeological_site,Dambadeniya Archaeological Site,Dambadeniya,2024,6,256,Wikimedia Pageviews API monthly per-article
lk_kurunegala_dambadeniya_archaeological_site,Dambadeniya Archaeological Site,Dambadeniya,2024,7,323,Wikimedia Pageviews API monthly per-article
lk_kurunegala_dambadeniya_archaeological_site,Dambadeniya Archaeological Site,Dambadeniya,2024,8,309,Wikimedia Pageviews API monthly per-article
lk_kurunegala_dambadeniya_archaeological_site,Dambadeniya Archaeological Site,Dambadeniya,2024,9,261,Wikimedia Pageviews API monthly per-article
lk_kurunegala_dambadeniya_archaeological_site,Dambadeniya Archaeological Site,Dambadeniya,2024,10,270,Wikimedia Pageviews API monthly per-article
lk_kurunegala_dambadeniya_archaeological_site,Dambadeniya Archaeological Site,Dambadeniya,2024,11,321,Wikimedia Pageviews API monthly per-article
lk_kurunegala_dambadeniya_archaeological_site,Dambadeniya Archaeological Site,Dambadeniya,2024,12,283,Wikimedia Pageviews API monthly per-article
lk_kurunegala_dambadeniya_archaeological_site,Dambadeniya Archaeological Site,Dambadeniya,2025,1,311,Wikimedia Pageviews API monthly per-article
lk_kurunegala_dambadeniya_archaeological_site,Dambadeniya Archaeological Site,Dambadeniya,2025,2,382,Wikimedia Pageviews API monthly per-article
lk_kurunegala_dambadeniya_archaeological_site,Dambadeniya Archaeological Site,Dambadeniya,2025,3,241,Wikimedia Pageviews API monthly per-article
lk_kurunegala_dambadeniya_archaeological_site,Dambadeniya Archaeological Site,Dambadeniya,2025,4,221,Wikimedia Pageviews API monthly per-article
lk_kurunegala_dambadeniya_archaeological_site,Dambadeniya Archaeological Site,Dambadeniya,2025,5,232,Wikimedia Pageviews API monthly per-article
lk_kurunegala_dambadeniya_archaeological_site,Dambadeniya Archaeological Site,Dambadeniya,2025,6,281,Wikimedia Pageviews API monthly per-article
lk_kurunegala_dambadeniya_archaeological_site,Dambadeniya Archaeological Site,Dambadeniya,2025,7,234,Wikimedia Pageviews API monthly per-article
lk_kurunegala_dambadeniya_archaeological_site,Dambadeniya Archaeological Site,Dambadeniya,2025,8,244,Wikimedia Pageviews API monthly per-article
lk_kurunegala_dambadeniya_archaeological_site,Dambadeniya Archaeological Site,Dambadeniya,2025,9,211,Wikimedia Pageviews API monthly per-article
lk_kurunegala_dambadeniya_archaeological_site,Dambadeniya Archaeological Site,Dambadeniya,2025,10,243,Wikimedia Pageviews API monthly per-article
lk_kurunegala_dambadeniya_archaeological_site,Dambadeniya Archaeological Site,Dambadeniya,2025,11,201,Wikimedia Pageviews API monthly per-article
lk_kurunegala_dambadeniya_archaeological_site,Dambadeniya Archaeological Site,Dambadeniya,2025,12,200,Wikimedia Pageviews API monthly per-article
lk_kurunegala_dambadeniya_archaeological_site,Dambadeniya Archaeological Site,Dambadeniya,2026,1,2,Wikimedia Pageviews API monthly per-article
lk_kurunegala_dambadeniya_kingdom,Dambadeniya Kingdom,Dambadeniya,2024,1,445,Wikimedia Pageviews API monthly per-article
lk_kurunegala_dambadeniya_kingdom,Dambadeniya Kingdom,Dambadeniya,2024,2,507,Wikimedia Pageviews API monthly per-article
lk_kurunegala_dambadeniya_kingdom,Dambadeniya Kingdom,Dambadeniya,2024,3,347,Wikimedia Pageviews API monthly per-article
lk_kurunegala_dambadeniya_kingdom,Dambadeniya Kingdom,Dambadeniya,2024,4,306,Wikimedia Pageviews API monthly per-article
lk_kurunegala_dambadeniya_kingdom,Dambadeniya Kingdom,Dambadeniya,2024,5,307,Wikimedia Pageviews API monthly per-article
lk_kurunegala_dambadeniya_kingdom,Dambadeniya Kingdom,Dambadeniya,2024,6,256,Wikimedia Pageviews API monthly per-article
lk_kurunegala_dambadeniya_kingdom,Dambadeniya Kingdom,Dambadeniya,2024,7,323,Wikimedia Pageviews API monthly per-article
lk_kurunegala_dambadeniya_kingdom,Dambadeniya Kingdom,Dambadeniya,2024,8,309,Wikimedia Pageviews API monthly per-article
lk_kurunegala_dambadeniya_kingdom,Dambadeniya Kingdom,Dambadeniya,2024,9,261,Wikimedia Pageviews API monthly per-article
lk_kurunegala_dambadeniya_kingdom,Dambadeniya Kingdom,Dambadeniya,2024,10,270,Wikimedia Pageviews API monthly per-article
lk_kurunegala_dambadeniya_kingdom,Dambadeniya Kingdom,Dambadeniya,2024,11,321,Wikimedia Pageviews API monthly per-article
lk_kurunegala_dambadeniya_kingdom,Dambadeniya Kingdom,Dambadeniya,2024,12,283,Wikimedia Pageviews API monthly per-article
lk_kurunegala_dambadeniya_kingdom,Dambadeniya Kingdom,Dambadeniya,2025,1,311,Wikimedia Pageviews API monthly per-article
lk_kurunegala_dambadeniya_kingdom,Dambadeniya Kingdom,Dambadeniya,2025,2,382,Wikimedia Pageviews API monthly per-article
lk_kurunegala_dambadeniya_kingdom,Dambadeniya Kingdom,Dambadeniya,2025,3,241,Wikimedia Pageviews API monthly per-article
lk_kurunegala_dambadeniya_kingdom,Dambadeniya Kingdom,Dambadeniya,2025,4,221,Wikimedia Pageviews API monthly per-article
lk_kurunegala_dambadeniya_kingdom,Dambadeniya Kingdom,Dambadeniya,2025,5,232,Wikimedia Pageviews API monthly per-article
lk_kurunegala_dambadeniya_kingdom,Dambadeniya Kingdom,Dambadeniya,2025,6,281,Wikimedia Pageviews API monthly per-article
lk_kurunegala_dambadeniya_kingdom,Dambadeniya Kingdom,Dambadeniya,2025,7,234,Wikimedia Pageviews API monthly per-article
lk_kurunegala_dambadeniya_kingdom,Dambadeniya Kingdom,Dambadeniya,2025,8,244,Wikimedia Pageviews API monthly per-article
lk_kurunegala_dambadeniya_kingdom,Dambadeniya Kingdom,Dambadeniya,2025,9,211,Wikimedia Pageviews API monthly per-article
lk_kurunegala_dambadeniya_kingdom,Dambadeniya Kingdom,Dambadeniya,2025,10,243,Wikimedia Pageviews API monthly per-article
lk_kurunegala_dambadeniya_kingdom,Dambadeniya Kingdom,Dambadeniya,2025,11,201,Wikimedia Pageviews API monthly per-article
lk_kurunegala_dambadeniya_kingdom,Dambadeniya Kingdom,Dambadeniya,2025,12,200,Wikimedia Pageviews API monthly per-article
lk_kurunegala_dambadeniya_kingdom,Dambadeniya Kingdom,Dambadeniya,2026,1,2,Wikimedia Pageviews API monthly per-article
lk_kurunegala_haththikuchchi,Haththikuchchi,Haththikuchchi,2024,1,0,Wikimedia Pageviews API monthly per-article
lk_kurunegala_haththikuchchi,Haththikuchchi,Haththikuchchi,2024,2,0,Wikimedia Pageviews API monthly per-article
lk_kurunegala_haththikuchchi,Haththikuchchi,Haththikuchchi,2024,3,0,Wikimedia Pageviews API monthly per-article
lk_kurunegala_haththikuchchi,Haththikuchchi,Haththikuchchi,2024,4,0,Wikimedia Pageviews API monthly per-article
lk_kurunegala_haththikuchchi,Haththikuchchi,Haththikuchchi,2024,5,1,Wikimedia Pageviews API monthly per-article
lk_kurunegala_haththikuchchi,Haththikuchchi,Haththikuchchi,2024,6,0,Wikimedia Pageviews API monthly per-article
lk_kurunegala_haththikuchchi,Haththikuchchi,Haththikuchchi,2024,7,0,Wikimedia Pageviews API monthly per-article
lk_kurunegala_haththikuchchi,Haththikuchchi,Haththikuchchi,2024,8,0,Wikimedia Pageviews API monthly per-article
lk_kurunegala_haththikuchchi,Haththikuchchi,Haththikuchchi,2024,9,0,Wikimedia Pageviews API monthly per-article
lk_kurunegala_haththikuchchi,Haththikuchchi,Haththikuchchi,2024,10,0,Wikimedia Pageviews API monthly per-article
lk_kurunegala_haththikuchchi,Haththikuchchi,Haththikuchchi,2024,11,0,Wikimedia Pageviews API monthly per-article
lk_kurunegala_haththikuchchi,Haththikuchchi,Haththikuchchi,2024,12,1,Wikimedia Pageviews API monthly per-article
lk_kurunegala_haththikuchchi,Haththikuchchi,Haththikuchchi,2025,1,1,Wikimedia Pageviews API monthly per-article
lk_kurunegala_haththikuchchi,Haththikuchchi,Haththikuchchi,2025,2,1,Wikimedia Pageviews API monthly per-article
lk_kurunegala_haththikuchchi,Haththikuchchi,Haththikuchchi,2025,3,1,Wikimedia Pageviews API monthly per-article
lk_kurunegala_haththikuchchi,Haththikuchchi,Haththikuchchi,2025,4,1,Wikimedia Pageviews API monthly per-article
lk_kurunegala_haththikuchchi,Haththikuchchi,Haththikuchchi,2025,6,0,Wikimedia Pageviews API monthly per-article
lk_kurunegala_haththikuchchi,Haththikuchchi,Haththikuchchi,2025,7,1,Wikimedia Pageviews API monthly per-article
lk_kurunegala_haththikuchchi,Haththikuchchi,Haththikuchchi,2025,8,1,Wikimedia Pageviews API monthly per-article
lk_kurunegala_haththikuchchi,Haththikuchchi,Haththikuchchi,2025,9,1,Wikimedia Pageviews API monthly per-article
lk_kurunegala_haththikuchchi,Haththikuchchi,Haththikuchchi,2025,10,2,Wikimedia Pageviews API monthly per-article
lk_kurunegala_haththikuchchi,Haththikuchchi,Haththikuchchi,2025,12,1,Wikimedia Pageviews API monthly per-article
lk_kurunegala_panduwasnuwara,Panduwasnuwara,Panduwasnuwara,2024,1,383,Wikimedia Pageviews API monthly per-article
lk_kurunegala_panduwasnuwara,Panduwasnuwara,Panduwasnuwara,2024,2,301,Wikimedia Pageviews API monthly per-article
lk_kurunegala_panduwasnuwara,Panduwasnuwara,Panduwasnuwara,2024,3,280,Wikimedia Pageviews API monthly per-article
lk_kurunegala_panduwasnuwara,Panduwasnuwara,Panduwasnuwara,2024,4,300,Wikimedia Pageviews API monthly per-article
lk_kurunegala_panduwasnuwara,Panduwasnuwara,Panduwasnuwara,2024,5,309,Wikimedia Pageviews API monthly per-article
lk_kurunegala_panduwasnuwara,Panduwasnuwara,Panduwasnuwara,2024,6,248,Wikimedia Pageviews API monthly per-article
lk_kurunegala_panduwasnuwara,Panduwasnuwara,Panduwasnuwara,2024,7,340,Wikimedia Pageviews API monthly per-article
lk_kurunegala_panduwasnuwara,Panduwasnuwara,Panduwasnuwara,2024,8,308,Wikimedia Pageviews API monthly per-article
lk_kurunegala_panduwasnuwara,Panduwasnuwara,Panduwasnuwara,2024,9,283,Wikimedia Pageviews API monthly per-article
lk_kurunegala_panduwasnuwara,Panduwasnuwara,Panduwasnuwara,2024,10,289,Wikimedia Pageviews API monthly per-article
lk_kurunegala_panduwasnuwara,Panduwasnuwara,Panduwasnuwara,2024,11,272,Wikimedia Pageviews API monthly per-article
lk_kurunegala_panduwasnuwara,Panduwasnuwara,Panduwasnuwara,2024,12,260,Wikimedia Pageviews API monthly per-article
lk_kurunegala_panduwasnuwara,Panduwasnuwara,Panduwasnuwara,2025,1,295,Wikimedia Pageviews API monthly per-article
lk_kurunegala_panduwasnuwara,Panduwasnuwara,Panduwasnuwara,2025,2,218,Wikimedia Pageviews API monthly per-article
lk_kurunegala_panduwasnuwara,Panduwasnuwara,Panduwasnuwara,2025,3,244,Wikimedia Pageviews API monthly per-article
lk_kurunegala_panduwasnuwara,Panduwasnuwara,Panduwasnuwara,2025,4,181,Wikimedia Pageviews API monthly per-article
lk_kurunegala_panduwasnuwara,Panduwasnuwara,Panduwasnuwara,2025,5,247,Wikimedia Pageviews API monthly per-article
lk_kurunegala_panduwasnuwara,Panduwasnuwara,Panduwasnuwara,2025,6,324,Wikimedia Pageviews API monthly per-article
lk_kurunegala_panduwasnuwara,Panduwasnuwara,Panduwasnuwara,2025,7,203,Wikimedia Pageviews API monthly per-article
lk_kurunegala_panduwasnuwara,Panduwasnuwara,Panduwasnuwara,2025,8,235,Wikimedia Pageviews API monthly per-article
lk_kurunegala_panduwasnuwara,Panduwasnuwara,Panduwasnuwara,2025,9,210,Wikimedia Pageviews API monthly per-article
lk_kurunegala_panduwasnuwara,Panduwasnuwara,Panduwasnuwara,2025,10,227,Wikimedia Pageviews API monthly per-article
lk_kurunegala_panduwasnuwara,Panduwasnuwara,Panduwasnuwara,2025,11,215,Wikimedia Pageviews API monthly per-article
lk_kurunegala_panduwasnuwara,Panduwasnuwara,Panduwasnuwara,2025,12,212,Wikimedia Pageviews API monthly per-article
lk_kurunegala_panduwasnuwara,Panduwasnuwara,Panduwasnuwara,2026,1,5,Wikimedia Pageviews API monthly per-article
lk_kurunegala_ridi_viharaya,Ridi Viharaya,Ridi_Viharaya,2024,1,699,Wikimedia Pageviews API monthly per-article
lk_kurunegala_ridi_viharaya,Ridi Viharaya,Ridi_Viharaya,2024,2,702,Wikimedia Pageviews API monthly per-article
lk_kurunegala_ridi_viharaya,Ridi Viharaya,Ridi_Viharaya,2024,3,587,Wikimedia Pageviews API monthly per-article
lk_kurunegala_ridi_viharaya,Ridi Viharaya,Ridi_Viharaya,2024,4,531,Wikimedia Pageviews API monthly per-article
lk_kurunegala_ridi_viharaya,Ridi Viharaya,Ridi_Viharaya,2024,5,539,Wikimedia Pageviews API monthly per-article
lk_kurunegala_ridi_viharaya,Ridi Viharaya,Ridi_Viharaya,2024,6,486,Wikimedia Pageviews API monthly per-article
lk_kurunegala_ridi_viharaya,Ridi Viharaya,Ridi_Viharaya,2024,7,474,Wikimedia Pageviews API monthly per-article
lk_kurunegala_ridi_viharaya,Ridi Viharaya,Ridi_Viharaya,2024,8,575,Wikimedia Pageviews API monthly per-article
lk_kurunegala_ridi_viharaya,Ridi Viharaya,Ridi_Viharaya,2024,9,425,Wikimedia Pageviews API monthly per-article
lk_kurunegala_ridi_viharaya,Ridi Viharaya,Ridi_Viharaya,2024,10,466,Wikimedia Pageviews API monthly per-article
lk_kurunegala_ridi_viharaya,Ridi Viharaya,Ridi_Viharaya,2024,11,527,Wikimedia Pageviews API monthly per-article
lk_kurunegala_ridi_viharaya,Ridi Viharaya,Ridi_Viharaya,2024,12,559,Wikimedia Pageviews API monthly per-article
lk_kurunegala_ridi_viharaya,Ridi Viharaya,Ridi_Viharaya,2025,1,618,Wikimedia Pageviews API monthly per-article
lk_kurunegala_ridi_viharaya,Ridi Viharaya,Ridi_Viharaya,2025,2,490,Wikimedia Pageviews API monthly per-article
lk_kurunegala_ridi_viharaya,Ridi Viharaya,Ridi_Viharaya,2025,3,511,Wikimedia Pageviews API monthly per-article
lk_kurunegala_ridi_viharaya,Ridi Viharaya,Ridi_Viharaya,2025,4,399,Wikimedia Pageviews API monthly per-article
lk_kurunegala_ridi_viharaya,Ridi Viharaya,Ridi_Viharaya,2025,5,412,Wikimedia Pageviews API monthly per-article
lk_kurunegala_ridi_viharaya,Ridi Viharaya,Ridi_Viharaya,2025,6,391,Wikimedia Pageviews API monthly per-article
lk_kurunegala_ridi_viharaya,Ridi Viharaya,Ridi_Viharaya,2025,7,408,Wikimedia Pageviews API monthly per-article
lk_kurunegala_ridi_viharaya,Ridi Viharaya,Ridi_Viharaya,2025,8,548,Wikimedia Pageviews API monthly per-article
lk_kurunegala_ridi_viharaya,Ridi Viharaya,Ridi_Viharaya,2025,9,438,Wikimedia Pageviews API monthly per-article
lk_kurunegala_ridi_viharaya,Ridi Viharaya,Ridi_Viharaya,2025,10,419,Wikimedia Pageviews API monthly per-article
lk_kurunegala_ridi_viharaya,Ridi Viharaya,Ridi_Viharaya,2025,11,442,Wikimedia Pageviews API monthly per-article
lk_kurunegala_ridi_viharaya,Ridi Viharaya,Ridi_Viharaya,2025,12,353,Wikimedia Pageviews API monthly per-article
lk_kurunegala_ridi_viharaya,Ridi Viharaya,Ridi_Viharaya,2026,1,17,Wikimedia Pageviews API monthly per-article
lk_kurunegala_kurunegala_lake,Kurunegala Lake,Kurunegala,2024,1,4079,Wikimedia Pageviews API monthly per-article
lk_kurunegala_kurunegala_lake,Kurunegala Lake,Kurunegala,2024,2,3592,Wikimedia Pageviews API monthly per-article
lk_kurunegala_kurunegala_lake,Kurunegala Lake,Kurunegala,2024,3,3509,Wikimedia Pageviews API monthly per-article
lk_kurunegala_kurunegala_lake,Kurunegala Lake,Kurunegala,2024,4,2794,Wikimedia Pageviews API monthly per-article
lk_kurunegala_kurunegala_lake,Kurunegala Lake,Kurunegala,2024,5,2208,Wikimedia Pageviews API monthly per-article
lk_kurunegala_kurunegala_lake,Kurunegala Lake,Kurunegala,2024,6,1816,Wikimedia Pageviews API monthly per-article
lk_kurunegala_kurunegala_lake,Kurunegala Lake,Kurunegala,2024,7,2465,Wikimedia Pageviews API monthly per-article
lk_kurunegala_kurunegala_lake,Kurunegala Lake,Kurunegala,2024,8,2728,Wikimedia Pageviews API monthly per-article
lk_kurunegala_kurunegala_lake,Kurunegala Lake,Kurunegala,2024,9,2239,Wikimedia Pageviews API monthly per-article
lk_kurunegala_kurunegala_lake,Kurunegala Lake,Kurunegala,2024,10,2472,Wikimedia Pageviews API monthly per-article
lk_kurunegala_kurunegala_lake,Kurunegala Lake,Kurunegala,2024,11,2486,Wikimedia Pageviews API monthly per-article
lk_kurunegala_kurunegala_lake,Kurunegala Lake,Kurunegala,2024,12,1946,Wikimedia Pageviews API monthly per-article
lk_kurunegala_kurunegala_lake,Kurunegala Lake,Kurunegala,2025,1,2594,Wikimedia Pageviews API monthly per-article
lk_kurunegala_kurunegala_lake,Kurunegala Lake,Kurunegala,2025,2,1863,Wikimedia Pageviews API monthly per-article
lk_kurunegala_kurunegala_lake,Kurunegala Lake,Kurunegala,2025,3,2096,Wikimedia Pageviews API monthly per-article
lk_kurunegala_kurunegala_lake,Kurunegala Lake,Kurunegala,2025,4,1975,Wikimedia Pageviews API monthly per-article
lk_kurunegala_kurunegala_lake,Kurunegala Lake,Kurunegala,2025,5,2032,Wikimedia Pageviews API monthly per-article
lk_kurunegala_kurunegala_lake,Kurunegala Lake,Kurunegala,2025,6,1976,Wikimedia Pageviews API monthly per-article
lk_kurunegala_kurunegala_lake,Kurunegala Lake,Kurunegala,2025,7,1946,Wikimedia Pageviews API monthly per-article
lk_kurunegala_kurunegala_lake,Kurunegala Lake,Kurunegala,2025,8,2087,Wikimedia Pageviews API monthly per-article
lk_kurunegala_kurunegala_lake,Kurunegala Lake,Kurunegala,2025,9,2504,Wikimedia Pageviews API monthly per-article
lk_kurunegala_kurunegala_lake,Kurunegala Lake,Kurunegala,2025,10,2200,Wikimedia Pageviews API monthly per-article
lk_kurunegala_kurunegala_lake,Kurunegala Lake,Kurunegala,2025,11,2171,Wikimedia Pageviews API monthly per-article
lk_kurunegala_kurunegala_lake,Kurunegala Lake,Kurunegala,2025,12,1946,Wikimedia Pageviews API monthly per-article
lk_kurunegala_kurunegala_lake,Kurunegala Lake,Kurunegala,2026,1,47,Wikimedia Pageviews API monthly per-article
lk_kurunegala_yapahuwa_museum,Yapahuwa Museum,Yapahuwa,2024,1,1241,Wikimedia Pageviews API monthly per-article
lk_kurunegala_yapahuwa_museum,Yapahuwa Museum,Yapahuwa,2024,2,1361,Wikimedia Pageviews API monthly per-article
lk_kurunegala_yapahuwa_museum,Yapahuwa Museum,Yapahuwa,2024,3,1102,Wikimedia Pageviews API monthly per-article
lk_kurunegala_yapahuwa_museum,Yapahuwa Museum,Yapahuwa,2024,4,869,Wikimedia Pageviews API monthly per-article
lk_kurunegala_yapahuwa_museum,Yapahuwa Museum,Yapahuwa,2024,5,953,Wikimedia Pageviews API monthly per-article
lk_kurunegala_yapahuwa_museum,Yapahuwa Museum,Yapahuwa,2024,6,817,Wikimedia Pageviews API monthly per-article
lk_kurunegala_yapahuwa_museum,Yapahuwa Museum,Yapahuwa,2024,7,1044,Wikimedia Pageviews API monthly per-article
lk_kurunegala_yapahuwa_museum,Yapahuwa Museum,Yapahuwa,2024,8,965,Wikimedia Pageviews API monthly per-article
lk_kurunegala_yapahuwa_museum,Yapahuwa Museum,Yapahuwa,2024,9,1096,Wikimedia Pageviews API monthly per-article
lk_kurunegala_yapahuwa_museum,Yapahuwa Museum,Yapahuwa,2024,10,1199,Wikimedia Pageviews API monthly per-article
lk_kurunegala_yapahuwa_museum,Yapahuwa Museum,Yapahuwa,2024,11,1010,Wikimedia Pageviews API monthly per-article
lk_kurunegala_yapahuwa_museum,Yapahuwa Museum,Yapahuwa,2024,12,933,Wikimedia Pageviews API monthly per-article
lk_kurunegala_yapahuwa_museum,Yapahuwa Museum,Yapahuwa,2025,1,1170,Wikimedia Pageviews API monthly per-article
lk_kurunegala_yapahuwa_museum,Yapahuwa Museum,Yapahuwa,2025,2,1033,Wikimedia Pageviews API monthly per-article
lk_kurunegala_yapahuwa_museum,Yapahuwa Museum,Yapahuwa,2025,3,1008,Wikimedia Pageviews API monthly per-article
lk_kurunegala_yapahuwa_museum,Yapahuwa Museum,Yapahuwa,2025,4,768,Wikimedia Pageviews API monthly per-article
lk_kurunegala_yapahuwa_museum,Yapahuwa Museum,Yapahuwa,2025,5,817,Wikimedia Pageviews API monthly per-article
lk_kurunegala_yapahuwa_museum,Yapahuwa Museum,Yapahuwa,2025,6,998,Wikimedia Pageviews API monthly per-article
lk_kurunegala_yapahuwa_museum,Yapahuwa Museum,Yapahuwa,2025,7,882,Wikimedia Pageviews API monthly per-article
lk_kurunegala_yapahuwa_museum,Yapahuwa Museum,Yapahuwa,2025,8,1025,Wikimedia Pageviews API monthly per-article
lk_kurunegala_yapahuwa_museum,Yapahuwa Museum,Yapahuwa,2025,9,1016,Wikimedia Pageviews API monthly per-article
lk_kurunegala_yapahuwa_museum,Yapahuwa Museum,Yapahuwa,2025,10,901,Wikimedia Pageviews API monthly per-article
lk_kurunegala_yapahuwa_museum,Yapahuwa Museum,Yapahuwa,2025,11,991,Wikimedia Pageviews API monthly per-article
lk_kurunegala_yapahuwa_museum,Yapahuwa Museum,Yapahuwa,2025,12,712,Wikimedia Pageviews API monthly per-article
lk_kurunegala_yapahuwa_museum,Yapahuwa Museum,Yapahuwa,2026,1,18,Wikimedia Pageviews API monthly per-article
lk_mannar_shrine_of_our_lady_of_madhu,Shrine of Our Lady of Madhu,Shrine_of_Our_Lady_of_Madhu,2024,1,1591,Wikimedia Pageviews API monthly per-article
lk_mannar_shrine_of_our_lady_of_madhu,Shrine of Our Lady of Madhu,Shrine_of_Our_Lady_of_Madhu,2024,2,1586,Wikimedia Pageviews API monthly per-article
lk_mannar_shrine_of_our_lady_of_madhu,Shrine of Our Lady of Madhu,Shrine_of_Our_Lady_of_Madhu,2024,3,1624,Wikimedia Pageviews API monthly per-article
lk_mannar_shrine_of_our_lady_of_madhu,Shrine of Our Lady of Madhu,Shrine_of_Our_Lady_of_Madhu,2024,4,2113,Wikimedia Pageviews API monthly per-article
lk_mannar_shrine_of_our_lady_of_madhu,Shrine of Our Lady of Madhu,Shrine_of_Our_Lady_of_Madhu,2024,5,1312,Wikimedia Pageviews API monthly per-article
lk_mannar_shrine_of_our_lady_of_madhu,Shrine of Our Lady of Madhu,Shrine_of_Our_Lady_of_Madhu,2024,6,1212,Wikimedia Pageviews API monthly per-article
lk_mannar_shrine_of_our_lady_of_madhu,Shrine of Our Lady of Madhu,Shrine_of_Our_Lady_of_Madhu,2024,7,1828,Wikimedia Pageviews API monthly per-article
lk_mannar_shrine_of_our_lady_of_madhu,Shrine of Our Lady of Madhu,Shrine_of_Our_Lady_of_Madhu,2024,8,1992,Wikimedia Pageviews API monthly per-article
lk_mannar_shrine_of_our_lady_of_madhu,Shrine of Our Lady of Madhu,Shrine_of_Our_Lady_of_Madhu,2024,9,1348,Wikimedia Pageviews API monthly per-article
lk_mannar_shrine_of_our_lady_of_madhu,Shrine of Our Lady of Madhu,Shrine_of_Our_Lady_of_Madhu,2024,10,988,Wikimedia Pageviews API monthly per-article
lk_mannar_shrine_of_our_lady_of_madhu,Shrine of Our Lady of Madhu,Shrine_of_Our_Lady_of_Madhu,2024,11,887,Wikimedia Pageviews API monthly per-article
lk_mannar_shrine_of_our_lady_of_madhu,Shrine of Our Lady of Madhu,Shrine_of_Our_Lady_of_Madhu,2024,12,811,Wikimedia Pageviews API monthly per-article
lk_mannar_shrine_of_our_lady_of_madhu,Shrine of Our Lady of Madhu,Shrine_of_Our_Lady_of_Madhu,2025,1,866,Wikimedia Pageviews API monthly per-article
lk_mannar_shrine_of_our_lady_of_madhu,Shrine of Our Lady of Madhu,Shrine_of_Our_Lady_of_Madhu,2025,2,908,Wikimedia Pageviews API monthly per-article
lk_mannar_shrine_of_our_lady_of_madhu,Shrine of Our Lady of Madhu,Shrine_of_Our_Lady_of_Madhu,2025,3,988,Wikimedia Pageviews API monthly per-article
lk_mannar_shrine_of_our_lady_of_madhu,Shrine of Our Lady of Madhu,Shrine_of_Our_Lady_of_Madhu,2025,4,761,Wikimedia Pageviews API monthly per-article
lk_mannar_shrine_of_our_lady_of_madhu,Shrine of Our Lady of Madhu,Shrine_of_Our_Lady_of_Madhu,2025,5,918,Wikimedia Pageviews API monthly per-article
lk_mannar_shrine_of_our_lady_of_madhu,Shrine of Our Lady of Madhu,Shrine_of_Our_Lady_of_Madhu,2025,6,768,Wikimedia Pageviews API monthly per-article
lk_mannar_shrine_of_our_lady_of_madhu,Shrine of Our Lady of Madhu,Shrine_of_Our_Lady_of_Madhu,2025,7,941,Wikimedia Pageviews API monthly per-article
lk_mannar_shrine_of_our_lady_of_madhu,Shrine of Our Lady of Madhu,Shrine_of_Our_Lady_of_Madhu,2025,8,1410,Wikimedia Pageviews API monthly per-article
lk_mannar_shrine_of_our_lady_of_madhu,Shrine of Our Lady of Madhu,Shrine_of_Our_Lady_of_Madhu,2025,9,955,Wikimedia Pageviews API monthly per-article
lk_mannar_shrine_of_our_lady_of_madhu,Shrine of Our Lady of Madhu,Shrine_of_Our_Lady_of_Madhu,2025,10,655,Wikimedia Pageviews API monthly per-article
lk_mannar_shrine_of_our_lady_of_madhu,Shrine of Our Lady of Madhu,Shrine_of_Our_Lady_of_Madhu,2025,11,485,Wikimedia Pageviews API monthly per-article
lk_mannar_shrine_of_our_lady_of_madhu,Shrine of Our Lady of Madhu,Shrine_of_Our_Lady_of_Madhu,2025,12,529,Wikimedia Pageviews API monthly per-article
lk_mannar_shrine_of_our_lady_of_madhu,Shrine of Our Lady of Madhu,Shrine_of_Our_Lady_of_Madhu,2026,1,22,Wikimedia Pageviews API monthly per-article
lk_mannar_thiruketheeswaram_temple,Thiruketheeswaram Temple,Thiruketheeswaram,2024,1,67,Wikimedia Pageviews API monthly per-article
lk_mannar_thiruketheeswaram_temple,Thiruketheeswaram Temple,Thiruketheeswaram,2024,2,28,Wikimedia Pageviews API monthly per-article
lk_mannar_thiruketheeswaram_temple,Thiruketheeswaram Temple,Thiruketheeswaram,2024,3,43,Wikimedia Pageviews API monthly per-article
lk_mannar_thiruketheeswaram_temple,Thiruketheeswaram Temple,Thiruketheeswaram,2024,4,47,Wikimedia Pageviews API monthly per-article
lk_mannar_thiruketheeswaram_temple,Thiruketheeswaram Temple,Thiruketheeswaram,2024,5,31,Wikimedia Pageviews API monthly per-article
lk_mannar_thiruketheeswaram_temple,Thiruketheeswaram Temple,Thiruketheeswaram,2024,6,26,Wikimedia Pageviews API monthly per-article
lk_mannar_thiruketheeswaram_temple,Thiruketheeswaram Temple,Thiruketheeswaram,2024,7,21,Wikimedia Pageviews API monthly per-article
lk_mannar_thiruketheeswaram_temple,Thiruketheeswaram Temple,Thiruketheeswaram,2024,8,53,Wikimedia Pageviews API monthly per-article
lk_mannar_thiruketheeswaram_temple,Thiruketheeswaram Temple,Thiruketheeswaram,2024,9,50,Wikimedia Pageviews API monthly per-article
lk_mannar_thiruketheeswaram_temple,Thiruketheeswaram Temple,Thiruketheeswaram,2024,10,35,Wikimedia Pageviews API monthly per-article
lk_mannar_thiruketheeswaram_temple,Thiruketheeswaram Temple,Thiruketheeswaram,2024,11,33,Wikimedia Pageviews API monthly per-article
lk_mannar_thiruketheeswaram_temple,Thiruketheeswaram Temple,Thiruketheeswaram,2024,12,42,Wikimedia Pageviews API monthly per-article
lk_mannar_thiruketheeswaram_temple,Thiruketheeswaram Temple,Thiruketheeswaram,2025,1,46,Wikimedia Pageviews API monthly per-article
lk_mannar_thiruketheeswaram_temple,Thiruketheeswaram Temple,Thiruketheeswaram,2025,2,27,Wikimedia Pageviews API monthly per-article
lk_mannar_thiruketheeswaram_temple,Thiruketheeswaram Temple,Thiruketheeswaram,2025,3,46,Wikimedia Pageviews API monthly per-article
lk_mannar_thiruketheeswaram_temple,Thiruketheeswaram Temple,Thiruketheeswaram,2025,4,50,Wikimedia Pageviews API monthly per-article
lk_mannar_thiruketheeswaram_temple,Thiruketheeswaram Temple,Thiruketheeswaram,2025,5,38,Wikimedia Pageviews API monthly per-article
lk_mannar_thiruketheeswaram_temple,Thiruketheeswaram Temple,Thiruketheeswaram,2025,6,48,Wikimedia Pageviews API monthly per-article
lk_mannar_thiruketheeswaram_temple,Thiruketheeswaram Temple,Thiruketheeswaram,2025,7,40,Wikimedia Pageviews API monthly per-article
lk_mannar_thiruketheeswaram_temple,Thiruketheeswaram Temple,Thiruketheeswaram,2025,8,45,Wikimedia Pageviews API monthly per-article
lk_mannar_thiruketheeswaram_temple,Thiruketheeswaram Temple,Thiruketheeswaram,2025,9,53,Wikimedia Pageviews API monthly per-article
lk_mannar_thiruketheeswaram_temple,Thiruketheeswaram Temple,Thiruketheeswaram,2025,10,42,Wikimedia Pageviews API monthly per-article
lk_mannar_thiruketheeswaram_temple,Thiruketheeswaram Temple,Thiruketheeswaram,2025,11,37,Wikimedia Pageviews API monthly per-article
lk_mannar_thiruketheeswaram_temple,Thiruketheeswaram Temple,Thiruketheeswaram,2025,12,44,Wikimedia Pageviews API monthly per-article
lk_mannar_thiruketheeswaram_temple,Thiruketheeswaram Temple,Thiruketheeswaram,2026,1,0,Wikimedia Pageviews API monthly per-article
lk_mannar_adam_s_bridge_viewpoint,Adam's Bridge Viewpoint,Adam's_Bridge,2024,1,85893,Wikimedia Pageviews API monthly per-article
lk_mannar_adam_s_bridge_viewpoint,Adam's Bridge Viewpoint,Adam's_Bridge,2024,2,36561,Wikimedia Pageviews API monthly per-article
lk_mannar_adam_s_bridge_viewpoint,Adam's Bridge Viewpoint,Adam's_Bridge,2024,3,34234,Wikimedia Pageviews API monthly per-article
lk_mannar_adam_s_bridge_viewpoint,Adam's Bridge Viewpoint,Adam's_Bridge,2024,4,33873,Wikimedia Pageviews API monthly per-article
lk_mannar_adam_s_bridge_viewpoint,Adam's Bridge Viewpoint,Adam's_Bridge,2024,5,33227,Wikimedia Pageviews API monthly per-article
lk_mannar_adam_s_bridge_viewpoint,Adam's Bridge Viewpoint,Adam's_Bridge,2024,6,29338,Wikimedia Pageviews API monthly per-article
lk_mannar_adam_s_bridge_viewpoint,Adam's Bridge Viewpoint,Adam's_Bridge,2024,7,48459,Wikimedia Pageviews API monthly per-article
lk_mannar_adam_s_bridge_viewpoint,Adam's Bridge Viewpoint,Adam's_Bridge,2024,8,35111,Wikimedia Pageviews API monthly per-article
lk_mannar_adam_s_bridge_viewpoint,Adam's Bridge Viewpoint,Adam's_Bridge,2024,9,32932,Wikimedia Pageviews API monthly per-article
lk_mannar_adam_s_bridge_viewpoint,Adam's Bridge Viewpoint,Adam's_Bridge,2024,10,32965,Wikimedia Pageviews API monthly per-article
lk_mannar_adam_s_bridge_viewpoint,Adam's Bridge Viewpoint,Adam's_Bridge,2024,11,50765,Wikimedia Pageviews API monthly per-article
lk_mannar_adam_s_bridge_viewpoint,Adam's Bridge Viewpoint,Adam's_Bridge,2024,12,29188,Wikimedia Pageviews API monthly per-article
lk_mannar_adam_s_bridge_viewpoint,Adam's Bridge Viewpoint,Adam's_Bridge,2025,1,30522,Wikimedia Pageviews API monthly per-article
lk_mannar_adam_s_bridge_viewpoint,Adam's Bridge Viewpoint,Adam's_Bridge,2025,2,24464,Wikimedia Pageviews API monthly per-article
lk_mannar_adam_s_bridge_viewpoint,Adam's Bridge Viewpoint,Adam's_Bridge,2025,3,29487,Wikimedia Pageviews API monthly per-article
lk_mannar_adam_s_bridge_viewpoint,Adam's Bridge Viewpoint,Adam's_Bridge,2025,4,40447,Wikimedia Pageviews API monthly per-article
lk_mannar_adam_s_bridge_viewpoint,Adam's Bridge Viewpoint,Adam's_Bridge,2025,5,28338,Wikimedia Pageviews API monthly per-article
lk_mannar_adam_s_bridge_viewpoint,Adam's Bridge Viewpoint,Adam's_Bridge,2025,6,44156,Wikimedia Pageviews API monthly per-article
lk_mannar_adam_s_bridge_viewpoint,Adam's Bridge Viewpoint,Adam's_Bridge,2025,7,24063,Wikimedia Pageviews API monthly per-article
lk_mannar_adam_s_bridge_viewpoint,Adam's Bridge Viewpoint,Adam's_Bridge,2025,8,22932,Wikimedia Pageviews API monthly per-article
lk_mannar_adam_s_bridge_viewpoint,Adam's Bridge Viewpoint,Adam's_Bridge,2025,9,18413,Wikimedia Pageviews API monthly per-article
lk_mannar_adam_s_bridge_viewpoint,Adam's Bridge Viewpoint,Adam's_Bridge,2025,10,24241,Wikimedia Pageviews API monthly per-article
lk_mannar_adam_s_bridge_viewpoint,Adam's Bridge Viewpoint,Adam's_Bridge,2025,11,20312,Wikimedia Pageviews API monthly per-article
lk_mannar_adam_s_bridge_viewpoint,Adam's Bridge Viewpoint,Adam's_Bridge,2025,12,18830,Wikimedia Pageviews API monthly per-article
lk_mannar_adam_s_bridge_viewpoint,Adam's Bridge Viewpoint,Adam's_Bridge,2026,1,502,Wikimedia Pageviews API monthly per-article
lk_mannar_mannar_fort,Mannar Fort,Mannar_Fort,2024,1,11,Wikimedia Pageviews API monthly per-article
lk_mannar_mannar_fort,Mannar Fort,Mannar_Fort,2024,2,8,Wikimedia Pageviews API monthly per-article
lk_mannar_mannar_fort,Mannar Fort,Mannar_Fort,2024,3,10,Wikimedia Pageviews API monthly per-article
lk_mannar_mannar_fort,Mannar Fort,Mannar_Fort,2024,4,8,Wikimedia Pageviews API monthly per-article
lk_mannar_mannar_fort,Mannar Fort,Mannar_Fort,2024,5,15,Wikimedia Pageviews API monthly per-article
lk_mannar_mannar_fort,Mannar Fort,Mannar_Fort,2024,6,0,Wikimedia Pageviews API monthly per-article
lk_mannar_mannar_fort,Mannar Fort,Mannar_Fort,2024,7,14,Wikimedia Pageviews API monthly per-article
lk_mannar_mannar_fort,Mannar Fort,Mannar_Fort,2024,8,2,Wikimedia Pageviews API monthly per-article
lk_mannar_mannar_fort,Mannar Fort,Mannar_Fort,2024,9,11,Wikimedia Pageviews API monthly per-article
lk_mannar_mannar_fort,Mannar Fort,Mannar_Fort,2024,10,8,Wikimedia Pageviews API monthly per-article
lk_mannar_mannar_fort,Mannar Fort,Mannar_Fort,2024,11,14,Wikimedia Pageviews API monthly per-article
lk_mannar_mannar_fort,Mannar Fort,Mannar_Fort,2024,12,7,Wikimedia Pageviews API monthly per-article
lk_mannar_mannar_fort,Mannar Fort,Mannar_Fort,2025,1,9,Wikimedia Pageviews API monthly per-article
lk_mannar_mannar_fort,Mannar Fort,Mannar_Fort,2025,2,10,Wikimedia Pageviews API monthly per-article
lk_mannar_mannar_fort,Mannar Fort,Mannar_Fort,2025,3,14,Wikimedia Pageviews API monthly per-article
lk_mannar_mannar_fort,Mannar Fort,Mannar_Fort,2025,4,9,Wikimedia Pageviews API monthly per-article
lk_mannar_mannar_fort,Mannar Fort,Mannar_Fort,2025,5,5,Wikimedia Pageviews API monthly per-article
lk_mannar_mannar_fort,Mannar Fort,Mannar_Fort,2025,6,10,Wikimedia Pageviews API monthly per-article
lk_mannar_mannar_fort,Mannar Fort,Mannar_Fort,2025,7,17,Wikimedia Pageviews API monthly per-article
lk_mannar_mannar_fort,Mannar Fort,Mannar_Fort,2025,8,15,Wikimedia Pageviews API monthly per-article
lk_mannar_mannar_fort,Mannar Fort,Mannar_Fort,2025,9,12,Wikimedia Pageviews API monthly per-article
lk_mannar_mannar_fort,Mannar Fort,Mannar_Fort,2025,10,15,Wikimedia Pageviews API monthly per-article
lk_mannar_mannar_fort,Mannar Fort,Mannar_Fort,2025,11,13,Wikimedia Pageviews API monthly per-article
lk_mannar_mannar_fort,Mannar Fort,Mannar_Fort,2025,12,17,Wikimedia Pageviews API monthly per-article
lk_mannar_mannar_fort,Mannar Fort,Mannar_Fort,2026,1,1,Wikimedia Pageviews API monthly per-article
lk_mannar_mannar_island,Mannar Island,Mannar_Island,2024,1,1613,Wikimedia Pageviews API monthly per-article
lk_mannar_mannar_island,Mannar Island,Mannar_Island,2024,2,984,Wikimedia Pageviews API monthly per-article
lk_mannar_mannar_island,Mannar Island,Mannar_Island,2024,3,1072,Wikimedia Pageviews API monthly per-article
lk_mannar_mannar_island,Mannar Island,Mannar_Island,2024,4,1108,Wikimedia Pageviews API monthly per-article
lk_mannar_mannar_island,Mannar Island,Mannar_Island,2024,5,956,Wikimedia Pageviews API monthly per-article
lk_mannar_mannar_island,Mannar Island,Mannar_Island,2024,6,940,Wikimedia Pageviews API monthly per-article
lk_mannar_mannar_island,Mannar Island,Mannar_Island,2024,7,1109,Wikimedia Pageviews API monthly per-article
lk_mannar_mannar_island,Mannar Island,Mannar_Island,2024,8,976,Wikimedia Pageviews API monthly per-article
lk_mannar_mannar_island,Mannar Island,Mannar_Island,2024,9,840,Wikimedia Pageviews API monthly per-article
lk_mannar_mannar_island,Mannar Island,Mannar_Island,2024,10,851,Wikimedia Pageviews API monthly per-article
lk_mannar_mannar_island,Mannar Island,Mannar_Island,2024,11,1197,Wikimedia Pageviews API monthly per-article
lk_mannar_mannar_island,Mannar Island,Mannar_Island,2024,12,933,Wikimedia Pageviews API monthly per-article
lk_mannar_mannar_island,Mannar Island,Mannar_Island,2025,1,991,Wikimedia Pageviews API monthly per-article
lk_mannar_mannar_island,Mannar Island,Mannar_Island,2025,2,963,Wikimedia Pageviews API monthly per-article
lk_mannar_mannar_island,Mannar Island,Mannar_Island,2025,3,875,Wikimedia Pageviews API monthly per-article
lk_mannar_mannar_island,Mannar Island,Mannar_Island,2025,4,1150,Wikimedia Pageviews API monthly per-article
lk_mannar_mannar_island,Mannar Island,Mannar_Island,2025,5,942,Wikimedia Pageviews API monthly per-article
lk_mannar_mannar_island,Mannar Island,Mannar_Island,2025,6,887,Wikimedia Pageviews API monthly per-article
lk_mannar_mannar_island,Mannar Island,Mannar_Island,2025,7,765,Wikimedia Pageviews API monthly per-article
lk_mannar_mannar_island,Mannar Island,Mannar_Island,2025,8,905,Wikimedia Pageviews API monthly per-article
lk_mannar_mannar_island,Mannar Island,Mannar_Island,2025,9,722,Wikimedia Pageviews API monthly per-article
lk_mannar_mannar_island,Mannar Island,Mannar_Island,2025,10,899,Wikimedia Pageviews API monthly per-article
lk_mannar_mannar_island,Mannar Island,Mannar_Island,2025,11,733,Wikimedia Pageviews API monthly per-article
lk_mannar_mannar_island,Mannar Island,Mannar_Island,2025,12,679,Wikimedia Pageviews API monthly per-article
lk_mannar_mannar_island,Mannar Island,Mannar_Island,2026,1,28,Wikimedia Pageviews API monthly per-article
lk_mannar_talaimannar_pier,Talaimannar Pier,Talaimannar,2024,1,1302,Wikimedia Pageviews API monthly per-article
lk_mannar_talaimannar_pier,Talaimannar Pier,Talaimannar,2024,2,769,Wikimedia Pageviews API monthly per-article
lk_mannar_talaimannar_pier,Talaimannar Pier,Talaimannar,2024,3,607,Wikimedia Pageviews API monthly per-article
lk_mannar_talaimannar_pier,Talaimannar Pier,Talaimannar,2024,4,746,Wikimedia Pageviews API monthly per-article
lk_mannar_talaimannar_pier,Talaimannar Pier,Talaimannar,2024,5,392,Wikimedia Pageviews API monthly per-article
lk_mannar_talaimannar_pier,Talaimannar Pier,Talaimannar,2024,6,472,Wikimedia Pageviews API monthly per-article
lk_mannar_talaimannar_pier,Talaimannar Pier,Talaimannar,2024,7,568,Wikimedia Pageviews API monthly per-article
lk_mannar_talaimannar_pier,Talaimannar Pier,Talaimannar,2024,8,622,Wikimedia Pageviews API monthly per-article
lk_mannar_talaimannar_pier,Talaimannar Pier,Talaimannar,2024,9,488,Wikimedia Pageviews API monthly per-article
lk_mannar_talaimannar_pier,Talaimannar Pier,Talaimannar,2024,10,558,Wikimedia Pageviews API monthly per-article
lk_mannar_talaimannar_pier,Talaimannar Pier,Talaimannar,2024,11,724,Wikimedia Pageviews API monthly per-article
lk_mannar_talaimannar_pier,Talaimannar Pier,Talaimannar,2024,12,720,Wikimedia Pageviews API monthly per-article
lk_mannar_talaimannar_pier,Talaimannar Pier,Talaimannar,2025,1,644,Wikimedia Pageviews API monthly per-article
lk_mannar_talaimannar_pier,Talaimannar Pier,Talaimannar,2025,2,551,Wikimedia Pageviews API monthly per-article
lk_mannar_talaimannar_pier,Talaimannar Pier,Talaimannar,2025,3,643,Wikimedia Pageviews API monthly per-article
lk_mannar_talaimannar_pier,Talaimannar Pier,Talaimannar,2025,4,902,Wikimedia Pageviews API monthly per-article
lk_mannar_talaimannar_pier,Talaimannar Pier,Talaimannar,2025,5,600,Wikimedia Pageviews API monthly per-article
lk_mannar_talaimannar_pier,Talaimannar Pier,Talaimannar,2025,6,571,Wikimedia Pageviews API monthly per-article
lk_mannar_talaimannar_pier,Talaimannar Pier,Talaimannar,2025,7,616,Wikimedia Pageviews API monthly per-article
lk_mannar_talaimannar_pier,Talaimannar Pier,Talaimannar,2025,8,615,Wikimedia Pageviews API monthly per-article
lk_mannar_talaimannar_pier,Talaimannar Pier,Talaimannar,2025,9,584,Wikimedia Pageviews API monthly per-article
lk_mannar_talaimannar_pier,Talaimannar Pier,Talaimannar,2025,10,557,Wikimedia Pageviews API monthly per-article
lk_mannar_talaimannar_pier,Talaimannar Pier,Talaimannar,2025,11,665,Wikimedia Pageviews API monthly per-article
lk_mannar_talaimannar_pier,Talaimannar Pier,Talaimannar,2025,12,493,Wikimedia Pageviews API monthly per-article
lk_mannar_talaimannar_pier,Talaimannar Pier,Talaimannar,2026,1,12,Wikimedia Pageviews API monthly per-article
lk_mannar_doric_bungalow,Doric Bungalow,Doric_Bungalow,2024,1,166,Wikimedia Pageviews API monthly per-article
lk_mannar_doric_bungalow,Doric Bungalow,Doric_Bungalow,2024,2,141,Wikimedia Pageviews API monthly per-article
lk_mannar_doric_bungalow,Doric Bungalow,Doric_Bungalow,2024,3,110,Wikimedia Pageviews API monthly per-article
lk_mannar_doric_bungalow,Doric Bungalow,Doric_Bungalow,2024,4,128,Wikimedia Pageviews API monthly per-article
lk_mannar_doric_bungalow,Doric Bungalow,Doric_Bungalow,2024,5,132,Wikimedia Pageviews API monthly per-article
lk_mannar_doric_bungalow,Doric Bungalow,Doric_Bungalow,2024,6,89,Wikimedia Pageviews API monthly per-article
lk_mannar_doric_bungalow,Doric Bungalow,Doric_Bungalow,2024,7,103,Wikimedia Pageviews API monthly per-article
lk_mannar_doric_bungalow,Doric Bungalow,Doric_Bungalow,2024,8,97,Wikimedia Pageviews API monthly per-article
lk_mannar_doric_bungalow,Doric Bungalow,Doric_Bungalow,2024,9,118,Wikimedia Pageviews API monthly per-article
lk_mannar_doric_bungalow,Doric Bungalow,Doric_Bungalow,2024,10,126,Wikimedia Pageviews API monthly per-article
lk_mannar_doric_bungalow,Doric Bungalow,Doric_Bungalow,2024,11,109,Wikimedia Pageviews API monthly per-article
lk_mannar_doric_bungalow,Doric Bungalow,Doric_Bungalow,2024,12,111,Wikimedia Pageviews API monthly per-article
lk_mannar_doric_bungalow,Doric Bungalow,Doric_Bungalow,2025,1,142,Wikimedia Pageviews API monthly per-article
lk_mannar_doric_bungalow,Doric Bungalow,Doric_Bungalow,2025,2,114,Wikimedia Pageviews API monthly per-article
lk_mannar_doric_bungalow,Doric Bungalow,Doric_Bungalow,2025,3,159,Wikimedia Pageviews API monthly per-article
lk_mannar_doric_bungalow,Doric Bungalow,Doric_Bungalow,2025,4,154,Wikimedia Pageviews API monthly per-article
lk_mannar_doric_bungalow,Doric Bungalow,Doric_Bungalow,2025,5,78,Wikimedia Pageviews API monthly per-article
lk_mannar_doric_bungalow,Doric Bungalow,Doric_Bungalow,2025,6,81,Wikimedia Pageviews API monthly per-article
lk_mannar_doric_bungalow,Doric Bungalow,Doric_Bungalow,2025,7,97,Wikimedia Pageviews API monthly per-article
lk_mannar_doric_bungalow,Doric Bungalow,Doric_Bungalow,2025,8,143,Wikimedia Pageviews API monthly per-article
lk_mannar_doric_bungalow,Doric Bungalow,Doric_Bungalow,2025,9,124,Wikimedia Pageviews API monthly per-article
lk_mannar_doric_bungalow,Doric Bungalow,Doric_Bungalow,2025,10,140,Wikimedia Pageviews API monthly per-article
lk_mannar_doric_bungalow,Doric Bungalow,Doric_Bungalow,2025,11,105,Wikimedia Pageviews API monthly per-article
lk_mannar_doric_bungalow,Doric Bungalow,Doric_Bungalow,2025,12,69,Wikimedia Pageviews API monthly per-article
lk_mannar_doric_bungalow,Doric Bungalow,Doric_Bungalow,2026,1,3,Wikimedia Pageviews API monthly per-article
lk_mannar_talaimannar_lighthouse,Talaimannar Lighthouse,Talaimannar,2024,1,1302,Wikimedia Pageviews API monthly per-article
lk_mannar_talaimannar_lighthouse,Talaimannar Lighthouse,Talaimannar,2024,2,769,Wikimedia Pageviews API monthly per-article
lk_mannar_talaimannar_lighthouse,Talaimannar Lighthouse,Talaimannar,2024,3,607,Wikimedia Pageviews API monthly per-article
lk_mannar_talaimannar_lighthouse,Talaimannar Lighthouse,Talaimannar,2024,4,746,Wikimedia Pageviews API monthly per-article
lk_mannar_talaimannar_lighthouse,Talaimannar Lighthouse,Talaimannar,2024,5,392,Wikimedia Pageviews API monthly per-article
lk_mannar_talaimannar_lighthouse,Talaimannar Lighthouse,Talaimannar,2024,6,472,Wikimedia Pageviews API monthly per-article
lk_mannar_talaimannar_lighthouse,Talaimannar Lighthouse,Talaimannar,2024,7,568,Wikimedia Pageviews API monthly per-article
lk_mannar_talaimannar_lighthouse,Talaimannar Lighthouse,Talaimannar,2024,8,622,Wikimedia Pageviews API monthly per-article
lk_mannar_talaimannar_lighthouse,Talaimannar Lighthouse,Talaimannar,2024,9,488,Wikimedia Pageviews API monthly per-article
lk_mannar_talaimannar_lighthouse,Talaimannar Lighthouse,Talaimannar,2024,10,558,Wikimedia Pageviews API monthly per-article
lk_mannar_talaimannar_lighthouse,Talaimannar Lighthouse,Talaimannar,2024,11,724,Wikimedia Pageviews API monthly per-article
lk_mannar_talaimannar_lighthouse,Talaimannar Lighthouse,Talaimannar,2024,12,720,Wikimedia Pageviews API monthly per-article
lk_mannar_talaimannar_lighthouse,Talaimannar Lighthouse,Talaimannar,2025,1,644,Wikimedia Pageviews API monthly per-article
lk_mannar_talaimannar_lighthouse,Talaimannar Lighthouse,Talaimannar,2025,2,551,Wikimedia Pageviews API monthly per-article
lk_mannar_talaimannar_lighthouse,Talaimannar Lighthouse,Talaimannar,2025,3,643,Wikimedia Pageviews API monthly per-article
lk_mannar_talaimannar_lighthouse,Talaimannar Lighthouse,Talaimannar,2025,4,902,Wikimedia Pageviews API monthly per-article
lk_mannar_talaimannar_lighthouse,Talaimannar Lighthouse,Talaimannar,2025,5,600,Wikimedia Pageviews API monthly per-article
lk_mannar_talaimannar_lighthouse,Talaimannar Lighthouse,Talaimannar,2025,6,571,Wikimedia Pageviews API monthly per-article
lk_mannar_talaimannar_lighthouse,Talaimannar Lighthouse,Talaimannar,2025,7,616,Wikimedia Pageviews API monthly per-article
lk_mannar_talaimannar_lighthouse,Talaimannar Lighthouse,Talaimannar,2025,8,615,Wikimedia Pageviews API monthly per-article
lk_mannar_talaimannar_lighthouse,Talaimannar Lighthouse,Talaimannar,2025,9,584,Wikimedia Pageviews API monthly per-article
lk_mannar_talaimannar_lighthouse,Talaimannar Lighthouse,Talaimannar,2025,10,557,Wikimedia Pageviews API monthly per-article
lk_mannar_talaimannar_lighthouse,Talaimannar Lighthouse,Talaimannar,2025,11,665,Wikimedia Pageviews API monthly per-article
lk_mannar_talaimannar_lighthouse,Talaimannar Lighthouse,Talaimannar,2025,12,493,Wikimedia Pageviews API monthly per-article
lk_mannar_talaimannar_lighthouse,Talaimannar Lighthouse,Talaimannar,2026,1,12,Wikimedia Pageviews API monthly per-article
lk_matale_sigiriya_rock_fortress,Sigiriya Rock Fortress,Sigiriya,2024,1,50122,Wikimedia Pageviews API monthly per-article
lk_matale_sigiriya_rock_fortress,Sigiriya Rock Fortress,Sigiriya,2024,2,44505,Wikimedia Pageviews API monthly per-article
lk_matale_sigiriya_rock_fortress,Sigiriya Rock Fortress,Sigiriya,2024,3,44612,Wikimedia Pageviews API monthly per-article
lk_matale_sigiriya_rock_fortress,Sigiriya Rock Fortress,Sigiriya,2024,4,33816,Wikimedia Pageviews API monthly per-article
lk_matale_sigiriya_rock_fortress,Sigiriya Rock Fortress,Sigiriya,2024,5,30853,Wikimedia Pageviews API monthly per-article
lk_matale_sigiriya_rock_fortress,Sigiriya Rock Fortress,Sigiriya,2024,6,28214,Wikimedia Pageviews API monthly per-article
lk_matale_sigiriya_rock_fortress,Sigiriya Rock Fortress,Sigiriya,2024,7,31566,Wikimedia Pageviews API monthly per-article
lk_matale_sigiriya_rock_fortress,Sigiriya Rock Fortress,Sigiriya,2024,8,34391,Wikimedia Pageviews API monthly per-article
lk_matale_sigiriya_rock_fortress,Sigiriya Rock Fortress,Sigiriya,2024,9,32080,Wikimedia Pageviews API monthly per-article
lk_matale_sigiriya_rock_fortress,Sigiriya Rock Fortress,Sigiriya,2024,10,43817,Wikimedia Pageviews API monthly per-article
lk_matale_sigiriya_rock_fortress,Sigiriya Rock Fortress,Sigiriya,2024,11,41680,Wikimedia Pageviews API monthly per-article
lk_matale_sigiriya_rock_fortress,Sigiriya Rock Fortress,Sigiriya,2024,12,35738,Wikimedia Pageviews API monthly per-article
lk_matale_sigiriya_rock_fortress,Sigiriya Rock Fortress,Sigiriya,2025,1,43301,Wikimedia Pageviews API monthly per-article
lk_matale_sigiriya_rock_fortress,Sigiriya Rock Fortress,Sigiriya,2025,2,33389,Wikimedia Pageviews API monthly per-article
lk_matale_sigiriya_rock_fortress,Sigiriya Rock Fortress,Sigiriya,2025,3,34696,Wikimedia Pageviews API monthly per-article
lk_matale_sigiriya_rock_fortress,Sigiriya Rock Fortress,Sigiriya,2025,4,27638,Wikimedia Pageviews API monthly per-article
lk_matale_sigiriya_rock_fortress,Sigiriya Rock Fortress,Sigiriya,2025,5,27362,Wikimedia Pageviews API monthly per-article
lk_matale_sigiriya_rock_fortress,Sigiriya Rock Fortress,Sigiriya,2025,6,24104,Wikimedia Pageviews API monthly per-article
lk_matale_sigiriya_rock_fortress,Sigiriya Rock Fortress,Sigiriya,2025,7,26601,Wikimedia Pageviews API monthly per-article
lk_matale_sigiriya_rock_fortress,Sigiriya Rock Fortress,Sigiriya,2025,8,27436,Wikimedia Pageviews API monthly per-article
lk_matale_sigiriya_rock_fortress,Sigiriya Rock Fortress,Sigiriya,2025,9,22925,Wikimedia Pageviews API monthly per-article
lk_matale_sigiriya_rock_fortress,Sigiriya Rock Fortress,Sigiriya,2025,10,25602,Wikimedia Pageviews API monthly per-article
lk_matale_sigiriya_rock_fortress,Sigiriya Rock Fortress,Sigiriya,2025,11,22665,Wikimedia Pageviews API monthly per-article
lk_matale_sigiriya_rock_fortress,Sigiriya Rock Fortress,Sigiriya,2025,12,19027,Wikimedia Pageviews API monthly per-article
lk_matale_sigiriya_rock_fortress,Sigiriya Rock Fortress,Sigiriya,2026,1,543,Wikimedia Pageviews API monthly per-article
lk_matale_dambulla_cave_temple,Dambulla Cave Temple,Dambulla_cave_temple,2024,1,7562,Wikimedia Pageviews API monthly per-article
lk_matale_dambulla_cave_temple,Dambulla Cave Temple,Dambulla_cave_temple,2024,2,7198,Wikimedia Pageviews API monthly per-article
lk_matale_dambulla_cave_temple,Dambulla Cave Temple,Dambulla_cave_temple,2024,3,6501,Wikimedia Pageviews API monthly per-article
lk_matale_dambulla_cave_temple,Dambulla Cave Temple,Dambulla_cave_temple,2024,4,4763,Wikimedia Pageviews API monthly per-article
lk_matale_dambulla_cave_temple,Dambulla Cave Temple,Dambulla_cave_temple,2024,5,3935,Wikimedia Pageviews API monthly per-article
lk_matale_dambulla_cave_temple,Dambulla Cave Temple,Dambulla_cave_temple,2024,6,3437,Wikimedia Pageviews API monthly per-article
lk_matale_dambulla_cave_temple,Dambulla Cave Temple,Dambulla_cave_temple,2024,7,5320,Wikimedia Pageviews API monthly per-article
lk_matale_dambulla_cave_temple,Dambulla Cave Temple,Dambulla_cave_temple,2024,8,5363,Wikimedia Pageviews API monthly per-article
lk_matale_dambulla_cave_temple,Dambulla Cave Temple,Dambulla_cave_temple,2024,9,4653,Wikimedia Pageviews API monthly per-article
lk_matale_dambulla_cave_temple,Dambulla Cave Temple,Dambulla_cave_temple,2024,10,4743,Wikimedia Pageviews API monthly per-article
lk_matale_dambulla_cave_temple,Dambulla Cave Temple,Dambulla_cave_temple,2024,11,5295,Wikimedia Pageviews API monthly per-article
lk_matale_dambulla_cave_temple,Dambulla Cave Temple,Dambulla_cave_temple,2024,12,6558,Wikimedia Pageviews API monthly per-article
lk_matale_dambulla_cave_temple,Dambulla Cave Temple,Dambulla_cave_temple,2025,1,8235,Wikimedia Pageviews API monthly per-article
lk_matale_dambulla_cave_temple,Dambulla Cave Temple,Dambulla_cave_temple,2025,2,7149,Wikimedia Pageviews API monthly per-article
lk_matale_dambulla_cave_temple,Dambulla Cave Temple,Dambulla_cave_temple,2025,3,6905,Wikimedia Pageviews API monthly per-article
lk_matale_dambulla_cave_temple,Dambulla Cave Temple,Dambulla_cave_temple,2025,4,5038,Wikimedia Pageviews API monthly per-article
lk_matale_dambulla_cave_temple,Dambulla Cave Temple,Dambulla_cave_temple,2025,5,4166,Wikimedia Pageviews API monthly per-article
lk_matale_dambulla_cave_temple,Dambulla Cave Temple,Dambulla_cave_temple,2025,6,3763,Wikimedia Pageviews API monthly per-article
lk_matale_dambulla_cave_temple,Dambulla Cave Temple,Dambulla_cave_temple,2025,7,5681,Wikimedia Pageviews API monthly per-article
lk_matale_dambulla_cave_temple,Dambulla Cave Temple,Dambulla_cave_temple,2025,8,6576,Wikimedia Pageviews API monthly per-article
lk_matale_dambulla_cave_temple,Dambulla Cave Temple,Dambulla_cave_temple,2025,9,4874,Wikimedia Pageviews API monthly per-article
lk_matale_dambulla_cave_temple,Dambulla Cave Temple,Dambulla_cave_temple,2025,10,5057,Wikimedia Pageviews API monthly per-article
lk_matale_dambulla_cave_temple,Dambulla Cave Temple,Dambulla_cave_temple,2025,11,5077,Wikimedia Pageviews API monthly per-article
lk_matale_dambulla_cave_temple,Dambulla Cave Temple,Dambulla_cave_temple,2025,12,5645,Wikimedia Pageviews API monthly per-article
lk_matale_dambulla_cave_temple,Dambulla Cave Temple,Dambulla_cave_temple,2026,1,201,Wikimedia Pageviews API monthly per-article
lk_matale_knuckles_mountain_range,Knuckles Mountain Range,Knuckles_Mountain_Range,2024,1,1845,Wikimedia Pageviews API monthly per-article
lk_matale_knuckles_mountain_range,Knuckles Mountain Range,Knuckles_Mountain_Range,2024,2,1460,Wikimedia Pageviews API monthly per-article
lk_matale_knuckles_mountain_range,Knuckles Mountain Range,Knuckles_Mountain_Range,2024,3,1403,Wikimedia Pageviews API monthly per-article
lk_matale_knuckles_mountain_range,Knuckles Mountain Range,Knuckles_Mountain_Range,2024,4,1489,Wikimedia Pageviews API monthly per-article
lk_matale_knuckles_mountain_range,Knuckles Mountain Range,Knuckles_Mountain_Range,2024,5,1247,Wikimedia Pageviews API monthly per-article
lk_matale_knuckles_mountain_range,Knuckles Mountain Range,Knuckles_Mountain_Range,2024,6,1203,Wikimedia Pageviews API monthly per-article
lk_matale_knuckles_mountain_range,Knuckles Mountain Range,Knuckles_Mountain_Range,2024,7,1149,Wikimedia Pageviews API monthly per-article
lk_matale_knuckles_mountain_range,Knuckles Mountain Range,Knuckles_Mountain_Range,2024,8,1173,Wikimedia Pageviews API monthly per-article
lk_matale_knuckles_mountain_range,Knuckles Mountain Range,Knuckles_Mountain_Range,2024,9,1155,Wikimedia Pageviews API monthly per-article
lk_matale_knuckles_mountain_range,Knuckles Mountain Range,Knuckles_Mountain_Range,2024,10,940,Wikimedia Pageviews API monthly per-article
lk_matale_knuckles_mountain_range,Knuckles Mountain Range,Knuckles_Mountain_Range,2024,11,1061,Wikimedia Pageviews API monthly per-article
lk_matale_knuckles_mountain_range,Knuckles Mountain Range,Knuckles_Mountain_Range,2024,12,1281,Wikimedia Pageviews API monthly per-article
lk_matale_knuckles_mountain_range,Knuckles Mountain Range,Knuckles_Mountain_Range,2025,1,1335,Wikimedia Pageviews API monthly per-article
lk_matale_knuckles_mountain_range,Knuckles Mountain Range,Knuckles_Mountain_Range,2025,2,1123,Wikimedia Pageviews API monthly per-article
lk_matale_knuckles_mountain_range,Knuckles Mountain Range,Knuckles_Mountain_Range,2025,3,1152,Wikimedia Pageviews API monthly per-article
lk_matale_knuckles_mountain_range,Knuckles Mountain Range,Knuckles_Mountain_Range,2025,4,987,Wikimedia Pageviews API monthly per-article
lk_matale_knuckles_mountain_range,Knuckles Mountain Range,Knuckles_Mountain_Range,2025,5,966,Wikimedia Pageviews API monthly per-article
lk_matale_knuckles_mountain_range,Knuckles Mountain Range,Knuckles_Mountain_Range,2025,6,984,Wikimedia Pageviews API monthly per-article
lk_matale_knuckles_mountain_range,Knuckles Mountain Range,Knuckles_Mountain_Range,2025,7,984,Wikimedia Pageviews API monthly per-article
lk_matale_knuckles_mountain_range,Knuckles Mountain Range,Knuckles_Mountain_Range,2025,8,1088,Wikimedia Pageviews API monthly per-article
lk_matale_knuckles_mountain_range,Knuckles Mountain Range,Knuckles_Mountain_Range,2025,9,964,Wikimedia Pageviews API monthly per-article
lk_matale_knuckles_mountain_range,Knuckles Mountain Range,Knuckles_Mountain_Range,2025,10,1000,Wikimedia Pageviews API monthly per-article
lk_matale_knuckles_mountain_range,Knuckles Mountain Range,Knuckles_Mountain_Range,2025,11,925,Wikimedia Pageviews API monthly per-article
lk_matale_knuckles_mountain_range,Knuckles Mountain Range,Knuckles_Mountain_Range,2025,12,828,Wikimedia Pageviews API monthly per-article
lk_matale_knuckles_mountain_range,Knuckles Mountain Range,Knuckles_Mountain_Range,2026,1,23,Wikimedia Pageviews API monthly per-article
lk_matale_aluvihare_rock_temple,Aluvihare Rock Temple,Aluvihare_Rock_Temple,2024,1,1081,Wikimedia Pageviews API monthly per-article
lk_matale_aluvihare_rock_temple,Aluvihare Rock Temple,Aluvihare_Rock_Temple,2024,2,810,Wikimedia Pageviews API monthly per-article
lk_matale_aluvihare_rock_temple,Aluvihare Rock Temple,Aluvihare_Rock_Temple,2024,3,947,Wikimedia Pageviews API monthly per-article
lk_matale_aluvihare_rock_temple,Aluvihare Rock Temple,Aluvihare_Rock_Temple,2024,4,728,Wikimedia Pageviews API monthly per-article
lk_matale_aluvihare_rock_temple,Aluvihare Rock Temple,Aluvihare_Rock_Temple,2024,5,809,Wikimedia Pageviews API monthly per-article
lk_matale_aluvihare_rock_temple,Aluvihare Rock Temple,Aluvihare_Rock_Temple,2024,6,616,Wikimedia Pageviews API monthly per-article
lk_matale_aluvihare_rock_temple,Aluvihare Rock Temple,Aluvihare_Rock_Temple,2024,7,716,Wikimedia Pageviews API monthly per-article
lk_matale_aluvihare_rock_temple,Aluvihare Rock Temple,Aluvihare_Rock_Temple,2024,8,821,Wikimedia Pageviews API monthly per-article
lk_matale_aluvihare_rock_temple,Aluvihare Rock Temple,Aluvihare_Rock_Temple,2024,9,687,Wikimedia Pageviews API monthly per-article
lk_matale_aluvihare_rock_temple,Aluvihare Rock Temple,Aluvihare_Rock_Temple,2024,10,572,Wikimedia Pageviews API monthly per-article
lk_matale_aluvihare_rock_temple,Aluvihare Rock Temple,Aluvihare_Rock_Temple,2024,11,678,Wikimedia Pageviews API monthly per-article
lk_matale_aluvihare_rock_temple,Aluvihare Rock Temple,Aluvihare_Rock_Temple,2024,12,729,Wikimedia Pageviews API monthly per-article
lk_matale_aluvihare_rock_temple,Aluvihare Rock Temple,Aluvihare_Rock_Temple,2025,1,821,Wikimedia Pageviews API monthly per-article
lk_matale_aluvihare_rock_temple,Aluvihare Rock Temple,Aluvihare_Rock_Temple,2025,2,631,Wikimedia Pageviews API monthly per-article
lk_matale_aluvihare_rock_temple,Aluvihare Rock Temple,Aluvihare_Rock_Temple,2025,3,759,Wikimedia Pageviews API monthly per-article
lk_matale_aluvihare_rock_temple,Aluvihare Rock Temple,Aluvihare_Rock_Temple,2025,4,564,Wikimedia Pageviews API monthly per-article
lk_matale_aluvihare_rock_temple,Aluvihare Rock Temple,Aluvihare_Rock_Temple,2025,5,515,Wikimedia Pageviews API monthly per-article
lk_matale_aluvihare_rock_temple,Aluvihare Rock Temple,Aluvihare_Rock_Temple,2025,6,498,Wikimedia Pageviews API monthly per-article
lk_matale_aluvihare_rock_temple,Aluvihare Rock Temple,Aluvihare_Rock_Temple,2025,7,627,Wikimedia Pageviews API monthly per-article
lk_matale_aluvihare_rock_temple,Aluvihare Rock Temple,Aluvihare_Rock_Temple,2025,8,717,Wikimedia Pageviews API monthly per-article
lk_matale_aluvihare_rock_temple,Aluvihare Rock Temple,Aluvihare_Rock_Temple,2025,9,496,Wikimedia Pageviews API monthly per-article
lk_matale_aluvihare_rock_temple,Aluvihare Rock Temple,Aluvihare_Rock_Temple,2025,10,601,Wikimedia Pageviews API monthly per-article
lk_matale_aluvihare_rock_temple,Aluvihare Rock Temple,Aluvihare_Rock_Temple,2025,11,576,Wikimedia Pageviews API monthly per-article
lk_matale_aluvihare_rock_temple,Aluvihare Rock Temple,Aluvihare_Rock_Temple,2025,12,434,Wikimedia Pageviews API monthly per-article
lk_matale_aluvihare_rock_temple,Aluvihare Rock Temple,Aluvihare_Rock_Temple,2026,1,15,Wikimedia Pageviews API monthly per-article
lk_matale_nalanda_gedige,Nalanda Gedige,Nalanda_Gedige,2024,1,1044,Wikimedia Pageviews API monthly per-article
lk_matale_nalanda_gedige,Nalanda Gedige,Nalanda_Gedige,2024,2,1298,Wikimedia Pageviews API monthly per-article
lk_matale_nalanda_gedige,Nalanda Gedige,Nalanda_Gedige,2024,3,950,Wikimedia Pageviews API monthly per-article
lk_matale_nalanda_gedige,Nalanda Gedige,Nalanda_Gedige,2024,4,776,Wikimedia Pageviews API monthly per-article
lk_matale_nalanda_gedige,Nalanda Gedige,Nalanda_Gedige,2024,5,650,Wikimedia Pageviews API monthly per-article
lk_matale_nalanda_gedige,Nalanda Gedige,Nalanda_Gedige,2024,6,553,Wikimedia Pageviews API monthly per-article
lk_matale_nalanda_gedige,Nalanda Gedige,Nalanda_Gedige,2024,7,790,Wikimedia Pageviews API monthly per-article
lk_matale_nalanda_gedige,Nalanda Gedige,Nalanda_Gedige,2024,8,882,Wikimedia Pageviews API monthly per-article
lk_matale_nalanda_gedige,Nalanda Gedige,Nalanda_Gedige,2024,9,804,Wikimedia Pageviews API monthly per-article
lk_matale_nalanda_gedige,Nalanda Gedige,Nalanda_Gedige,2024,10,582,Wikimedia Pageviews API monthly per-article
lk_matale_nalanda_gedige,Nalanda Gedige,Nalanda_Gedige,2024,11,571,Wikimedia Pageviews API monthly per-article
lk_matale_nalanda_gedige,Nalanda Gedige,Nalanda_Gedige,2024,12,774,Wikimedia Pageviews API monthly per-article
lk_matale_nalanda_gedige,Nalanda Gedige,Nalanda_Gedige,2025,1,791,Wikimedia Pageviews API monthly per-article
lk_matale_nalanda_gedige,Nalanda Gedige,Nalanda_Gedige,2025,2,624,Wikimedia Pageviews API monthly per-article
lk_matale_nalanda_gedige,Nalanda Gedige,Nalanda_Gedige,2025,3,677,Wikimedia Pageviews API monthly per-article
lk_matale_nalanda_gedige,Nalanda Gedige,Nalanda_Gedige,2025,4,575,Wikimedia Pageviews API monthly per-article
lk_matale_nalanda_gedige,Nalanda Gedige,Nalanda_Gedige,2025,5,549,Wikimedia Pageviews API monthly per-article
lk_matale_nalanda_gedige,Nalanda Gedige,Nalanda_Gedige,2025,6,470,Wikimedia Pageviews API monthly per-article
lk_matale_nalanda_gedige,Nalanda Gedige,Nalanda_Gedige,2025,7,776,Wikimedia Pageviews API monthly per-article
lk_matale_nalanda_gedige,Nalanda Gedige,Nalanda_Gedige,2025,8,828,Wikimedia Pageviews API monthly per-article
lk_matale_nalanda_gedige,Nalanda Gedige,Nalanda_Gedige,2025,9,550,Wikimedia Pageviews API monthly per-article
lk_matale_nalanda_gedige,Nalanda Gedige,Nalanda_Gedige,2025,10,540,Wikimedia Pageviews API monthly per-article
lk_matale_nalanda_gedige,Nalanda Gedige,Nalanda_Gedige,2025,11,559,Wikimedia Pageviews API monthly per-article
lk_matale_nalanda_gedige,Nalanda Gedige,Nalanda_Gedige,2025,12,533,Wikimedia Pageviews API monthly per-article
lk_matale_nalanda_gedige,Nalanda Gedige,Nalanda_Gedige,2026,1,25,Wikimedia Pageviews API monthly per-article
lk_matale_pitawala_pathana,Pitawala Pathana,Pitawala_Pathana,2024,1,355,Wikimedia Pageviews API monthly per-article
lk_matale_pitawala_pathana,Pitawala Pathana,Pitawala_Pathana,2024,2,221,Wikimedia Pageviews API monthly per-article
lk_matale_pitawala_pathana,Pitawala Pathana,Pitawala_Pathana,2024,3,203,Wikimedia Pageviews API monthly per-article
lk_matale_pitawala_pathana,Pitawala Pathana,Pitawala_Pathana,2024,4,232,Wikimedia Pageviews API monthly per-article
lk_matale_pitawala_pathana,Pitawala Pathana,Pitawala_Pathana,2024,5,144,Wikimedia Pageviews API monthly per-article
lk_matale_pitawala_pathana,Pitawala Pathana,Pitawala_Pathana,2024,6,114,Wikimedia Pageviews API monthly per-article
lk_matale_pitawala_pathana,Pitawala Pathana,Pitawala_Pathana,2024,7,125,Wikimedia Pageviews API monthly per-article
lk_matale_pitawala_pathana,Pitawala Pathana,Pitawala_Pathana,2024,8,107,Wikimedia Pageviews API monthly per-article
lk_matale_pitawala_pathana,Pitawala Pathana,Pitawala_Pathana,2024,9,133,Wikimedia Pageviews API monthly per-article
lk_matale_pitawala_pathana,Pitawala Pathana,Pitawala_Pathana,2024,10,98,Wikimedia Pageviews API monthly per-article
lk_matale_pitawala_pathana,Pitawala Pathana,Pitawala_Pathana,2024,11,125,Wikimedia Pageviews API monthly per-article
lk_matale_pitawala_pathana,Pitawala Pathana,Pitawala_Pathana,2024,12,136,Wikimedia Pageviews API monthly per-article
lk_matale_pitawala_pathana,Pitawala Pathana,Pitawala_Pathana,2025,1,133,Wikimedia Pageviews API monthly per-article
lk_matale_pitawala_pathana,Pitawala Pathana,Pitawala_Pathana,2025,2,119,Wikimedia Pageviews API monthly per-article
lk_matale_pitawala_pathana,Pitawala Pathana,Pitawala_Pathana,2025,3,132,Wikimedia Pageviews API monthly per-article
lk_matale_pitawala_pathana,Pitawala Pathana,Pitawala_Pathana,2025,4,103,Wikimedia Pageviews API monthly per-article
lk_matale_pitawala_pathana,Pitawala Pathana,Pitawala_Pathana,2025,5,80,Wikimedia Pageviews API monthly per-article
lk_matale_pitawala_pathana,Pitawala Pathana,Pitawala_Pathana,2025,6,85,Wikimedia Pageviews API monthly per-article
lk_matale_pitawala_pathana,Pitawala Pathana,Pitawala_Pathana,2025,7,72,Wikimedia Pageviews API monthly per-article
lk_matale_pitawala_pathana,Pitawala Pathana,Pitawala_Pathana,2025,8,120,Wikimedia Pageviews API monthly per-article
lk_matale_pitawala_pathana,Pitawala Pathana,Pitawala_Pathana,2025,9,90,Wikimedia Pageviews API monthly per-article
lk_matale_pitawala_pathana,Pitawala Pathana,Pitawala_Pathana,2025,10,124,Wikimedia Pageviews API monthly per-article
lk_matale_pitawala_pathana,Pitawala Pathana,Pitawala_Pathana,2025,11,92,Wikimedia Pageviews API monthly per-article
lk_matale_pitawala_pathana,Pitawala Pathana,Pitawala_Pathana,2025,12,64,Wikimedia Pageviews API monthly per-article
lk_matale_pitawala_pathana,Pitawala Pathana,Pitawala_Pathana,2026,1,1,Wikimedia Pageviews API monthly per-article
lk_matale_sigiriya_museum,Sigiriya Museum,Sigiriya,2024,1,50122,Wikimedia Pageviews API monthly per-article
lk_matale_sigiriya_museum,Sigiriya Museum,Sigiriya,2024,2,44505,Wikimedia Pageviews API monthly per-article
lk_matale_sigiriya_museum,Sigiriya Museum,Sigiriya,2024,3,44612,Wikimedia Pageviews API monthly per-article
lk_matale_sigiriya_museum,Sigiriya Museum,Sigiriya,2024,4,33816,Wikimedia Pageviews API monthly per-article
lk_matale_sigiriya_museum,Sigiriya Museum,Sigiriya,2024,5,30853,Wikimedia Pageviews API monthly per-article
lk_matale_sigiriya_museum,Sigiriya Museum,Sigiriya,2024,6,28214,Wikimedia Pageviews API monthly per-article
lk_matale_sigiriya_museum,Sigiriya Museum,Sigiriya,2024,7,31566,Wikimedia Pageviews API monthly per-article
lk_matale_sigiriya_museum,Sigiriya Museum,Sigiriya,2024,8,34391,Wikimedia Pageviews API monthly per-article
lk_matale_sigiriya_museum,Sigiriya Museum,Sigiriya,2024,9,32080,Wikimedia Pageviews API monthly per-article
lk_matale_sigiriya_museum,Sigiriya Museum,Sigiriya,2024,10,43817,Wikimedia Pageviews API monthly per-article
lk_matale_sigiriya_museum,Sigiriya Museum,Sigiriya,2024,11,41680,Wikimedia Pageviews API monthly per-article
lk_matale_sigiriya_museum,Sigiriya Museum,Sigiriya,2024,12,35738,Wikimedia Pageviews API monthly per-article
lk_matale_sigiriya_museum,Sigiriya Museum,Sigiriya,2025,1,43301,Wikimedia Pageviews API monthly per-article
lk_matale_sigiriya_museum,Sigiriya Museum,Sigiriya,2025,2,33389,Wikimedia Pageviews API monthly per-article
lk_matale_sigiriya_museum,Sigiriya Museum,Sigiriya,2025,3,34696,Wikimedia Pageviews API monthly per-article
lk_matale_sigiriya_museum,Sigiriya Museum,Sigiriya,2025,4,27638,Wikimedia Pageviews API monthly per-article
lk_matale_sigiriya_museum,Sigiriya Museum,Sigiriya,2025,5,27362,Wikimedia Pageviews API monthly per-article
lk_matale_sigiriya_museum,Sigiriya Museum,Sigiriya,2025,6,24104,Wikimedia Pageviews API monthly per-article
lk_matale_sigiriya_museum,Sigiriya Museum,Sigiriya,2025,7,26601,Wikimedia Pageviews API monthly per-article
lk_matale_sigiriya_museum,Sigiriya Museum,Sigiriya,2025,8,27436,Wikimedia Pageviews API monthly per-article
lk_matale_sigiriya_museum,Sigiriya Museum,Sigiriya,2025,9,22925,Wikimedia Pageviews API monthly per-article
lk_matale_sigiriya_museum,Sigiriya Museum,Sigiriya,2025,10,25602,Wikimedia Pageviews API monthly per-article
lk_matale_sigiriya_museum,Sigiriya Museum,Sigiriya,2025,11,22665,Wikimedia Pageviews API monthly per-article
lk_matale_sigiriya_museum,Sigiriya Museum,Sigiriya,2025,12,19027,Wikimedia Pageviews API monthly per-article
lk_matale_sigiriya_museum,Sigiriya Museum,Sigiriya,2026,1,543,Wikimedia Pageviews API monthly per-article
lk_matale_boulder_gardens_of_sigiriya,Boulder Gardens of Sigiriya,Sigiriya,2024,1,50122,Wikimedia Pageviews API monthly per-article
lk_matale_boulder_gardens_of_sigiriya,Boulder Gardens of Sigiriya,Sigiriya,2024,2,44505,Wikimedia Pageviews API monthly per-article
lk_matale_boulder_gardens_of_sigiriya,Boulder Gardens of Sigiriya,Sigiriya,2024,3,44612,Wikimedia Pageviews API monthly per-article
lk_matale_boulder_gardens_of_sigiriya,Boulder Gardens of Sigiriya,Sigiriya,2024,4,33816,Wikimedia Pageviews API monthly per-article
lk_matale_boulder_gardens_of_sigiriya,Boulder Gardens of Sigiriya,Sigiriya,2024,5,30853,Wikimedia Pageviews API monthly per-article
lk_matale_boulder_gardens_of_sigiriya,Boulder Gardens of Sigiriya,Sigiriya,2024,6,28214,Wikimedia Pageviews API monthly per-article
lk_matale_boulder_gardens_of_sigiriya,Boulder Gardens of Sigiriya,Sigiriya,2024,7,31566,Wikimedia Pageviews API monthly per-article
lk_matale_boulder_gardens_of_sigiriya,Boulder Gardens of Sigiriya,Sigiriya,2024,8,34391,Wikimedia Pageviews API monthly per-article
lk_matale_boulder_gardens_of_sigiriya,Boulder Gardens of Sigiriya,Sigiriya,2024,9,32080,Wikimedia Pageviews API monthly per-article
lk_matale_boulder_gardens_of_sigiriya,Boulder Gardens of Sigiriya,Sigiriya,2024,10,43817,Wikimedia Pageviews API monthly per-article
lk_matale_boulder_gardens_of_sigiriya,Boulder Gardens of Sigiriya,Sigiriya,2024,11,41680,Wikimedia Pageviews API monthly per-article
lk_matale_boulder_gardens_of_sigiriya,Boulder Gardens of Sigiriya,Sigiriya,2024,12,35738,Wikimedia Pageviews API monthly per-article
lk_matale_boulder_gardens_of_sigiriya,Boulder Gardens of Sigiriya,Sigiriya,2025,1,43301,Wikimedia Pageviews API monthly per-article
lk_matale_boulder_gardens_of_sigiriya,Boulder Gardens of Sigiriya,Sigiriya,2025,2,33389,Wikimedia Pageviews API monthly per-article
lk_matale_boulder_gardens_of_sigiriya,Boulder Gardens of Sigiriya,Sigiriya,2025,3,34696,Wikimedia Pageviews API monthly per-article
lk_matale_boulder_gardens_of_sigiriya,Boulder Gardens of Sigiriya,Sigiriya,2025,4,27638,Wikimedia Pageviews API monthly per-article
lk_matale_boulder_gardens_of_sigiriya,Boulder Gardens of Sigiriya,Sigiriya,2025,5,27362,Wikimedia Pageviews API monthly per-article
lk_matale_boulder_gardens_of_sigiriya,Boulder Gardens of Sigiriya,Sigiriya,2025,6,24104,Wikimedia Pageviews API monthly per-article
lk_matale_boulder_gardens_of_sigiriya,Boulder Gardens of Sigiriya,Sigiriya,2025,7,26601,Wikimedia Pageviews API monthly per-article
lk_matale_boulder_gardens_of_sigiriya,Boulder Gardens of Sigiriya,Sigiriya,2025,8,27436,Wikimedia Pageviews API monthly per-article
lk_matale_boulder_gardens_of_sigiriya,Boulder Gardens of Sigiriya,Sigiriya,2025,9,22925,Wikimedia Pageviews API monthly per-article
lk_matale_boulder_gardens_of_sigiriya,Boulder Gardens of Sigiriya,Sigiriya,2025,10,25602,Wikimedia Pageviews API monthly per-article
lk_matale_boulder_gardens_of_sigiriya,Boulder Gardens of Sigiriya,Sigiriya,2025,11,22665,Wikimedia Pageviews API monthly per-article
lk_matale_boulder_gardens_of_sigiriya,Boulder Gardens of Sigiriya,Sigiriya,2025,12,19027,Wikimedia Pageviews API monthly per-article
lk_matale_boulder_gardens_of_sigiriya,Boulder Gardens of Sigiriya,Sigiriya,2026,1,543,Wikimedia Pageviews API monthly per-article
lk_matale_cobra_hood_cave,Cobra Hood Cave,Sigiriya,2024,1,50122,Wikimedia Pageviews API monthly per-article
lk_matale_cobra_hood_cave,Cobra Hood Cave,Sigiriya,2024,2,44505,Wikimedia Pageviews API monthly per-article
lk_matale_cobra_hood_cave,Cobra Hood Cave,Sigiriya,2024,3,44612,Wikimedia Pageviews API monthly per-article
lk_matale_cobra_hood_cave,Cobra Hood Cave,Sigiriya,2024,4,33816,Wikimedia Pageviews API monthly per-article
lk_matale_cobra_hood_cave,Cobra Hood Cave,Sigiriya,2024,5,30853,Wikimedia Pageviews API monthly per-article
lk_matale_cobra_hood_cave,Cobra Hood Cave,Sigiriya,2024,6,28214,Wikimedia Pageviews API monthly per-article
lk_matale_cobra_hood_cave,Cobra Hood Cave,Sigiriya,2024,7,31566,Wikimedia Pageviews API monthly per-article
lk_matale_cobra_hood_cave,Cobra Hood Cave,Sigiriya,2024,8,34391,Wikimedia Pageviews API monthly per-article
lk_matale_cobra_hood_cave,Cobra Hood Cave,Sigiriya,2024,9,32080,Wikimedia Pageviews API monthly per-article
lk_matale_cobra_hood_cave,Cobra Hood Cave,Sigiriya,2024,10,43817,Wikimedia Pageviews API monthly per-article
lk_matale_cobra_hood_cave,Cobra Hood Cave,Sigiriya,2024,11,41680,Wikimedia Pageviews API monthly per-article
lk_matale_cobra_hood_cave,Cobra Hood Cave,Sigiriya,2024,12,35738,Wikimedia Pageviews API monthly per-article
lk_matale_cobra_hood_cave,Cobra Hood Cave,Sigiriya,2025,1,43301,Wikimedia Pageviews API monthly per-article
lk_matale_cobra_hood_cave,Cobra Hood Cave,Sigiriya,2025,2,33389,Wikimedia Pageviews API monthly per-article
lk_matale_cobra_hood_cave,Cobra Hood Cave,Sigiriya,2025,3,34696,Wikimedia Pageviews API monthly per-article
lk_matale_cobra_hood_cave,Cobra Hood Cave,Sigiriya,2025,4,27638,Wikimedia Pageviews API monthly per-article
lk_matale_cobra_hood_cave,Cobra Hood Cave,Sigiriya,2025,5,27362,Wikimedia Pageviews API monthly per-article
lk_matale_cobra_hood_cave,Cobra Hood Cave,Sigiriya,2025,6,24104,Wikimedia Pageviews API monthly per-article
lk_matale_cobra_hood_cave,Cobra Hood Cave,Sigiriya,2025,7,26601,Wikimedia Pageviews API monthly per-article
lk_matale_cobra_hood_cave,Cobra Hood Cave,Sigiriya,2025,8,27436,Wikimedia Pageviews API monthly per-article
lk_matale_cobra_hood_cave,Cobra Hood Cave,Sigiriya,2025,9,22925,Wikimedia Pageviews API monthly per-article
lk_matale_cobra_hood_cave,Cobra Hood Cave,Sigiriya,2025,10,25602,Wikimedia Pageviews API monthly per-article
lk_matale_cobra_hood_cave,Cobra Hood Cave,Sigiriya,2025,11,22665,Wikimedia Pageviews API monthly per-article
lk_matale_cobra_hood_cave,Cobra Hood Cave,Sigiriya,2025,12,19027,Wikimedia Pageviews API monthly per-article
lk_matale_cobra_hood_cave,Cobra Hood Cave,Sigiriya,2026,1,543,Wikimedia Pageviews API monthly per-article
lk_matale_golden_temple_of_dambulla,Golden Temple of Dambulla,Dambulla_cave_temple,2024,1,7562,Wikimedia Pageviews API monthly per-article
lk_matale_golden_temple_of_dambulla,Golden Temple of Dambulla,Dambulla_cave_temple,2024,2,7198,Wikimedia Pageviews API monthly per-article
lk_matale_golden_temple_of_dambulla,Golden Temple of Dambulla,Dambulla_cave_temple,2024,3,6501,Wikimedia Pageviews API monthly per-article
lk_matale_golden_temple_of_dambulla,Golden Temple of Dambulla,Dambulla_cave_temple,2024,4,4763,Wikimedia Pageviews API monthly per-article
lk_matale_golden_temple_of_dambulla,Golden Temple of Dambulla,Dambulla_cave_temple,2024,5,3935,Wikimedia Pageviews API monthly per-article
lk_matale_golden_temple_of_dambulla,Golden Temple of Dambulla,Dambulla_cave_temple,2024,6,3437,Wikimedia Pageviews API monthly per-article
lk_matale_golden_temple_of_dambulla,Golden Temple of Dambulla,Dambulla_cave_temple,2024,7,5320,Wikimedia Pageviews API monthly per-article
lk_matale_golden_temple_of_dambulla,Golden Temple of Dambulla,Dambulla_cave_temple,2024,8,5363,Wikimedia Pageviews API monthly per-article
lk_matale_golden_temple_of_dambulla,Golden Temple of Dambulla,Dambulla_cave_temple,2024,9,4653,Wikimedia Pageviews API monthly per-article
lk_matale_golden_temple_of_dambulla,Golden Temple of Dambulla,Dambulla_cave_temple,2024,10,4743,Wikimedia Pageviews API monthly per-article
lk_matale_golden_temple_of_dambulla,Golden Temple of Dambulla,Dambulla_cave_temple,2024,11,5295,Wikimedia Pageviews API monthly per-article
lk_matale_golden_temple_of_dambulla,Golden Temple of Dambulla,Dambulla_cave_temple,2024,12,6558,Wikimedia Pageviews API monthly per-article
lk_matale_golden_temple_of_dambulla,Golden Temple of Dambulla,Dambulla_cave_temple,2025,1,8235,Wikimedia Pageviews API monthly per-article
lk_matale_golden_temple_of_dambulla,Golden Temple of Dambulla,Dambulla_cave_temple,2025,2,7149,Wikimedia Pageviews API monthly per-article
lk_matale_golden_temple_of_dambulla,Golden Temple of Dambulla,Dambulla_cave_temple,2025,3,6905,Wikimedia Pageviews API monthly per-article
lk_matale_golden_temple_of_dambulla,Golden Temple of Dambulla,Dambulla_cave_temple,2025,4,5038,Wikimedia Pageviews API monthly per-article
lk_matale_golden_temple_of_dambulla,Golden Temple of Dambulla,Dambulla_cave_temple,2025,5,4166,Wikimedia Pageviews API monthly per-article
lk_matale_golden_temple_of_dambulla,Golden Temple of Dambulla,Dambulla_cave_temple,2025,6,3763,Wikimedia Pageviews API monthly per-article
lk_matale_golden_temple_of_dambulla,Golden Temple of Dambulla,Dambulla_cave_temple,2025,7,5681,Wikimedia Pageviews API monthly per-article
lk_matale_golden_temple_of_dambulla,Golden Temple of Dambulla,Dambulla_cave_temple,2025,8,6576,Wikimedia Pageviews API monthly per-article
lk_matale_golden_temple_of_dambulla,Golden Temple of Dambulla,Dambulla_cave_temple,2025,9,4874,Wikimedia Pageviews API monthly per-article
lk_matale_golden_temple_of_dambulla,Golden Temple of Dambulla,Dambulla_cave_temple,2025,10,5057,Wikimedia Pageviews API monthly per-article
lk_matale_golden_temple_of_dambulla,Golden Temple of Dambulla,Dambulla_cave_temple,2025,11,5077,Wikimedia Pageviews API monthly per-article
lk_matale_golden_temple_of_dambulla,Golden Temple of Dambulla,Dambulla_cave_temple,2025,12,5645,Wikimedia Pageviews API monthly per-article
lk_matale_golden_temple_of_dambulla,Golden Temple of Dambulla,Dambulla_cave_temple,2026,1,201,Wikimedia Pageviews API monthly per-article
lk_matale_ibbankatuwa_megalithic_tombs,Ibbankatuwa Megalithic Tombs,Ibbankatuwa_Megalithic_Tombs,2024,1,494,Wikimedia Pageviews API monthly per-article
lk_matale_ibbankatuwa_megalithic_tombs,Ibbankatuwa Megalithic Tombs,Ibbankatuwa_Megalithic_Tombs,2024,2,455,Wikimedia Pageviews API monthly per-article
lk_matale_ibbankatuwa_megalithic_tombs,Ibbankatuwa Megalithic Tombs,Ibbankatuwa_Megalithic_Tombs,2024,3,424,Wikimedia Pageviews API monthly per-article
lk_matale_ibbankatuwa_megalithic_tombs,Ibbankatuwa Megalithic Tombs,Ibbankatuwa_Megalithic_Tombs,2024,4,438,Wikimedia Pageviews API monthly per-article
lk_matale_ibbankatuwa_megalithic_tombs,Ibbankatuwa Megalithic Tombs,Ibbankatuwa_Megalithic_Tombs,2024,5,440,Wikimedia Pageviews API monthly per-article
lk_matale_ibbankatuwa_megalithic_tombs,Ibbankatuwa Megalithic Tombs,Ibbankatuwa_Megalithic_Tombs,2024,6,302,Wikimedia Pageviews API monthly per-article
lk_matale_ibbankatuwa_megalithic_tombs,Ibbankatuwa Megalithic Tombs,Ibbankatuwa_Megalithic_Tombs,2024,7,424,Wikimedia Pageviews API monthly per-article
lk_matale_ibbankatuwa_megalithic_tombs,Ibbankatuwa Megalithic Tombs,Ibbankatuwa_Megalithic_Tombs,2024,8,440,Wikimedia Pageviews API monthly per-article
lk_matale_ibbankatuwa_megalithic_tombs,Ibbankatuwa Megalithic Tombs,Ibbankatuwa_Megalithic_Tombs,2024,9,395,Wikimedia Pageviews API monthly per-article
lk_matale_ibbankatuwa_megalithic_tombs,Ibbankatuwa Megalithic Tombs,Ibbankatuwa_Megalithic_Tombs,2024,10,796,Wikimedia Pageviews API monthly per-article
lk_matale_ibbankatuwa_megalithic_tombs,Ibbankatuwa Megalithic Tombs,Ibbankatuwa_Megalithic_Tombs,2024,11,340,Wikimedia Pageviews API monthly per-article
lk_matale_ibbankatuwa_megalithic_tombs,Ibbankatuwa Megalithic Tombs,Ibbankatuwa_Megalithic_Tombs,2024,12,440,Wikimedia Pageviews API monthly per-article
lk_matale_ibbankatuwa_megalithic_tombs,Ibbankatuwa Megalithic Tombs,Ibbankatuwa_Megalithic_Tombs,2025,1,409,Wikimedia Pageviews API monthly per-article
lk_matale_ibbankatuwa_megalithic_tombs,Ibbankatuwa Megalithic Tombs,Ibbankatuwa_Megalithic_Tombs,2025,2,333,Wikimedia Pageviews API monthly per-article
lk_matale_ibbankatuwa_megalithic_tombs,Ibbankatuwa Megalithic Tombs,Ibbankatuwa_Megalithic_Tombs,2025,3,392,Wikimedia Pageviews API monthly per-article
lk_matale_ibbankatuwa_megalithic_tombs,Ibbankatuwa Megalithic Tombs,Ibbankatuwa_Megalithic_Tombs,2025,4,318,Wikimedia Pageviews API monthly per-article
lk_matale_ibbankatuwa_megalithic_tombs,Ibbankatuwa Megalithic Tombs,Ibbankatuwa_Megalithic_Tombs,2025,5,327,Wikimedia Pageviews API monthly per-article
lk_matale_ibbankatuwa_megalithic_tombs,Ibbankatuwa Megalithic Tombs,Ibbankatuwa_Megalithic_Tombs,2025,6,411,Wikimedia Pageviews API monthly per-article
lk_matale_ibbankatuwa_megalithic_tombs,Ibbankatuwa Megalithic Tombs,Ibbankatuwa_Megalithic_Tombs,2025,7,421,Wikimedia Pageviews API monthly per-article
lk_matale_ibbankatuwa_megalithic_tombs,Ibbankatuwa Megalithic Tombs,Ibbankatuwa_Megalithic_Tombs,2025,8,390,Wikimedia Pageviews API monthly per-article
lk_matale_ibbankatuwa_megalithic_tombs,Ibbankatuwa Megalithic Tombs,Ibbankatuwa_Megalithic_Tombs,2025,9,271,Wikimedia Pageviews API monthly per-article
lk_matale_ibbankatuwa_megalithic_tombs,Ibbankatuwa Megalithic Tombs,Ibbankatuwa_Megalithic_Tombs,2025,10,343,Wikimedia Pageviews API monthly per-article
lk_matale_ibbankatuwa_megalithic_tombs,Ibbankatuwa Megalithic Tombs,Ibbankatuwa_Megalithic_Tombs,2025,11,327,Wikimedia Pageviews API monthly per-article
lk_matale_ibbankatuwa_megalithic_tombs,Ibbankatuwa Megalithic Tombs,Ibbankatuwa_Megalithic_Tombs,2025,12,360,Wikimedia Pageviews API monthly per-article
lk_matale_ibbankatuwa_megalithic_tombs,Ibbankatuwa Megalithic Tombs,Ibbankatuwa_Megalithic_Tombs,2026,1,4,Wikimedia Pageviews API monthly per-article
lk_matale_sembuwatta_lake,Sembuwatta Lake,Sembuwatta_Lake,2024,1,1424,Wikimedia Pageviews API monthly per-article
lk_matale_sembuwatta_lake,Sembuwatta Lake,Sembuwatta_Lake,2024,2,1168,Wikimedia Pageviews API monthly per-article
lk_matale_sembuwatta_lake,Sembuwatta Lake,Sembuwatta_Lake,2024,3,924,Wikimedia Pageviews API monthly per-article
lk_matale_sembuwatta_lake,Sembuwatta Lake,Sembuwatta_Lake,2024,4,1573,Wikimedia Pageviews API monthly per-article
lk_matale_sembuwatta_lake,Sembuwatta Lake,Sembuwatta_Lake,2024,5,692,Wikimedia Pageviews API monthly per-article
lk_matale_sembuwatta_lake,Sembuwatta Lake,Sembuwatta_Lake,2024,6,476,Wikimedia Pageviews API monthly per-article
lk_matale_sembuwatta_lake,Sembuwatta Lake,Sembuwatta_Lake,2024,7,550,Wikimedia Pageviews API monthly per-article
lk_matale_sembuwatta_lake,Sembuwatta Lake,Sembuwatta_Lake,2024,8,567,Wikimedia Pageviews API monthly per-article
lk_matale_sembuwatta_lake,Sembuwatta Lake,Sembuwatta_Lake,2024,9,664,Wikimedia Pageviews API monthly per-article
lk_matale_sembuwatta_lake,Sembuwatta Lake,Sembuwatta_Lake,2024,10,389,Wikimedia Pageviews API monthly per-article
lk_matale_sembuwatta_lake,Sembuwatta Lake,Sembuwatta_Lake,2024,11,462,Wikimedia Pageviews API monthly per-article
lk_matale_sembuwatta_lake,Sembuwatta Lake,Sembuwatta_Lake,2024,12,803,Wikimedia Pageviews API monthly per-article
lk_matale_sembuwatta_lake,Sembuwatta Lake,Sembuwatta_Lake,2025,1,699,Wikimedia Pageviews API monthly per-article
lk_matale_sembuwatta_lake,Sembuwatta Lake,Sembuwatta_Lake,2025,2,524,Wikimedia Pageviews API monthly per-article
lk_matale_sembuwatta_lake,Sembuwatta Lake,Sembuwatta_Lake,2025,3,493,Wikimedia Pageviews API monthly per-article
lk_matale_sembuwatta_lake,Sembuwatta Lake,Sembuwatta_Lake,2025,4,848,Wikimedia Pageviews API monthly per-article
lk_matale_sembuwatta_lake,Sembuwatta Lake,Sembuwatta_Lake,2025,5,622,Wikimedia Pageviews API monthly per-article
lk_matale_sembuwatta_lake,Sembuwatta Lake,Sembuwatta_Lake,2025,6,628,Wikimedia Pageviews API monthly per-article
lk_matale_sembuwatta_lake,Sembuwatta Lake,Sembuwatta_Lake,2025,7,640,Wikimedia Pageviews API monthly per-article
lk_matale_sembuwatta_lake,Sembuwatta Lake,Sembuwatta_Lake,2025,8,741,Wikimedia Pageviews API monthly per-article
lk_matale_sembuwatta_lake,Sembuwatta Lake,Sembuwatta_Lake,2025,9,1056,Wikimedia Pageviews API monthly per-article
lk_matale_sembuwatta_lake,Sembuwatta Lake,Sembuwatta_Lake,2025,10,519,Wikimedia Pageviews API monthly per-article
lk_matale_sembuwatta_lake,Sembuwatta Lake,Sembuwatta_Lake,2025,11,494,Wikimedia Pageviews API monthly per-article
lk_matale_sembuwatta_lake,Sembuwatta Lake,Sembuwatta_Lake,2025,12,223,Wikimedia Pageviews API monthly per-article
lk_matale_sembuwatta_lake,Sembuwatta Lake,Sembuwatta_Lake,2026,1,1,Wikimedia Pageviews API monthly per-article
lk_matale_sera_ella_falls,Sera Ella Falls,Sera_Ella,2024,1,28,Wikimedia Pageviews API monthly per-article
lk_matale_sera_ella_falls,Sera Ella Falls,Sera_Ella,2024,2,24,Wikimedia Pageviews API monthly per-article
lk_matale_sera_ella_falls,Sera Ella Falls,Sera_Ella,2024,3,17,Wikimedia Pageviews API monthly per-article
lk_matale_sera_ella_falls,Sera Ella Falls,Sera_Ella,2024,4,40,Wikimedia Pageviews API monthly per-article
lk_matale_sera_ella_falls,Sera Ella Falls,Sera_Ella,2024,5,39,Wikimedia Pageviews API monthly per-article
lk_matale_sera_ella_falls,Sera Ella Falls,Sera_Ella,2024,6,25,Wikimedia Pageviews API monthly per-article
lk_matale_sera_ella_falls,Sera Ella Falls,Sera_Ella,2024,7,21,Wikimedia Pageviews API monthly per-article
lk_matale_sera_ella_falls,Sera Ella Falls,Sera_Ella,2024,8,57,Wikimedia Pageviews API monthly per-article
lk_matale_sera_ella_falls,Sera Ella Falls,Sera_Ella,2024,9,76,Wikimedia Pageviews API monthly per-article
lk_matale_sera_ella_falls,Sera Ella Falls,Sera_Ella,2024,10,65,Wikimedia Pageviews API monthly per-article
lk_matale_sera_ella_falls,Sera Ella Falls,Sera_Ella,2024,11,54,Wikimedia Pageviews API monthly per-article
lk_matale_sera_ella_falls,Sera Ella Falls,Sera_Ella,2024,12,51,Wikimedia Pageviews API monthly per-article
lk_matale_sera_ella_falls,Sera Ella Falls,Sera_Ella,2025,1,70,Wikimedia Pageviews API monthly per-article
lk_matale_sera_ella_falls,Sera Ella Falls,Sera_Ella,2025,2,32,Wikimedia Pageviews API monthly per-article
lk_matale_sera_ella_falls,Sera Ella Falls,Sera_Ella,2025,3,32,Wikimedia Pageviews API monthly per-article
lk_matale_sera_ella_falls,Sera Ella Falls,Sera_Ella,2025,4,22,Wikimedia Pageviews API monthly per-article
lk_matale_sera_ella_falls,Sera Ella Falls,Sera_Ella,2025,5,15,Wikimedia Pageviews API monthly per-article
lk_matale_sera_ella_falls,Sera Ella Falls,Sera_Ella,2025,6,60,Wikimedia Pageviews API monthly per-article
lk_matale_sera_ella_falls,Sera Ella Falls,Sera_Ella,2025,7,66,Wikimedia Pageviews API monthly per-article
lk_matale_sera_ella_falls,Sera Ella Falls,Sera_Ella,2025,8,76,Wikimedia Pageviews API monthly per-article
lk_matale_sera_ella_falls,Sera Ella Falls,Sera_Ella,2025,9,57,Wikimedia Pageviews API monthly per-article
lk_matale_sera_ella_falls,Sera Ella Falls,Sera_Ella,2025,10,71,Wikimedia Pageviews API monthly per-article
lk_matale_sera_ella_falls,Sera Ella Falls,Sera_Ella,2025,11,60,Wikimedia Pageviews API monthly per-article
lk_matale_sera_ella_falls,Sera Ella Falls,Sera_Ella,2025,12,29,Wikimedia Pageviews API monthly per-article
lk_matale_sera_ella_falls,Sera Ella Falls,Sera_Ella,2026,1,0,Wikimedia Pageviews API monthly per-article
lk_matale_erawula_pottery_village,Erawula Pottery Village,Matale,2024,1,2031,Wikimedia Pageviews API monthly per-article
lk_matale_erawula_pottery_village,Erawula Pottery Village,Matale,2024,2,2082,Wikimedia Pageviews API monthly per-article
lk_matale_erawula_pottery_village,Erawula Pottery Village,Matale,2024,3,2301,Wikimedia Pageviews API monthly per-article
lk_matale_erawula_pottery_village,Erawula Pottery Village,Matale,2024,4,2019,Wikimedia Pageviews API monthly per-article
lk_matale_erawula_pottery_village,Erawula Pottery Village,Matale,2024,5,1488,Wikimedia Pageviews API monthly per-article
lk_matale_erawula_pottery_village,Erawula Pottery Village,Matale,2024,6,1198,Wikimedia Pageviews API monthly per-article
lk_matale_erawula_pottery_village,Erawula Pottery Village,Matale,2024,7,1719,Wikimedia Pageviews API monthly per-article
lk_matale_erawula_pottery_village,Erawula Pottery Village,Matale,2024,8,1951,Wikimedia Pageviews API monthly per-article
lk_matale_erawula_pottery_village,Erawula Pottery Village,Matale,2024,9,1776,Wikimedia Pageviews API monthly per-article
lk_matale_erawula_pottery_village,Erawula Pottery Village,Matale,2024,10,1373,Wikimedia Pageviews API monthly per-article
lk_matale_erawula_pottery_village,Erawula Pottery Village,Matale,2024,11,1405,Wikimedia Pageviews API monthly per-article
lk_matale_erawula_pottery_village,Erawula Pottery Village,Matale,2024,12,1386,Wikimedia Pageviews API monthly per-article
lk_matale_erawula_pottery_village,Erawula Pottery Village,Matale,2025,1,1595,Wikimedia Pageviews API monthly per-article
lk_matale_erawula_pottery_village,Erawula Pottery Village,Matale,2025,2,1506,Wikimedia Pageviews API monthly per-article
lk_matale_erawula_pottery_village,Erawula Pottery Village,Matale,2025,3,1703,Wikimedia Pageviews API monthly per-article
lk_matale_erawula_pottery_village,Erawula Pottery Village,Matale,2025,4,1528,Wikimedia Pageviews API monthly per-article
lk_matale_erawula_pottery_village,Erawula Pottery Village,Matale,2025,5,1239,Wikimedia Pageviews API monthly per-article
lk_matale_erawula_pottery_village,Erawula Pottery Village,Matale,2025,6,1307,Wikimedia Pageviews API monthly per-article
lk_matale_erawula_pottery_village,Erawula Pottery Village,Matale,2025,7,1629,Wikimedia Pageviews API monthly per-article
lk_matale_erawula_pottery_village,Erawula Pottery Village,Matale,2025,8,1367,Wikimedia Pageviews API monthly per-article
lk_matale_erawula_pottery_village,Erawula Pottery Village,Matale,2025,9,1342,Wikimedia Pageviews API monthly per-article
lk_matale_erawula_pottery_village,Erawula Pottery Village,Matale,2025,10,1233,Wikimedia Pageviews API monthly per-article
lk_matale_erawula_pottery_village,Erawula Pottery Village,Matale,2025,11,1283,Wikimedia Pageviews API monthly per-article
lk_matale_erawula_pottery_village,Erawula Pottery Village,Matale,2025,12,1458,Wikimedia Pageviews API monthly per-article
lk_matale_erawula_pottery_village,Erawula Pottery Village,Matale,2026,1,33,Wikimedia Pageviews API monthly per-article
lk_matale_kandalama_reservoir_viewpoint,Kandalama Reservoir Viewpoint,Kandalama,2024,1,311,Wikimedia Pageviews API monthly per-article
lk_matale_kandalama_reservoir_viewpoint,Kandalama Reservoir Viewpoint,Kandalama,2024,2,200,Wikimedia Pageviews API monthly per-article
lk_matale_kandalama_reservoir_viewpoint,Kandalama Reservoir Viewpoint,Kandalama,2024,3,205,Wikimedia Pageviews API monthly per-article
lk_matale_kandalama_reservoir_viewpoint,Kandalama Reservoir Viewpoint,Kandalama,2024,4,213,Wikimedia Pageviews API monthly per-article
lk_matale_kandalama_reservoir_viewpoint,Kandalama Reservoir Viewpoint,Kandalama,2024,5,198,Wikimedia Pageviews API monthly per-article
lk_matale_kandalama_reservoir_viewpoint,Kandalama Reservoir Viewpoint,Kandalama,2024,6,214,Wikimedia Pageviews API monthly per-article
lk_matale_kandalama_reservoir_viewpoint,Kandalama Reservoir Viewpoint,Kandalama,2024,7,228,Wikimedia Pageviews API monthly per-article
lk_matale_kandalama_reservoir_viewpoint,Kandalama Reservoir Viewpoint,Kandalama,2024,8,215,Wikimedia Pageviews API monthly per-article
lk_matale_kandalama_reservoir_viewpoint,Kandalama Reservoir Viewpoint,Kandalama,2024,9,222,Wikimedia Pageviews API monthly per-article
lk_matale_kandalama_reservoir_viewpoint,Kandalama Reservoir Viewpoint,Kandalama,2024,10,229,Wikimedia Pageviews API monthly per-article
lk_matale_kandalama_reservoir_viewpoint,Kandalama Reservoir Viewpoint,Kandalama,2024,11,211,Wikimedia Pageviews API monthly per-article
lk_matale_kandalama_reservoir_viewpoint,Kandalama Reservoir Viewpoint,Kandalama,2024,12,242,Wikimedia Pageviews API monthly per-article
lk_matale_kandalama_reservoir_viewpoint,Kandalama Reservoir Viewpoint,Kandalama,2025,1,327,Wikimedia Pageviews API monthly per-article
lk_matale_kandalama_reservoir_viewpoint,Kandalama Reservoir Viewpoint,Kandalama,2025,2,253,Wikimedia Pageviews API monthly per-article
lk_matale_kandalama_reservoir_viewpoint,Kandalama Reservoir Viewpoint,Kandalama,2025,3,237,Wikimedia Pageviews API monthly per-article
lk_matale_kandalama_reservoir_viewpoint,Kandalama Reservoir Viewpoint,Kandalama,2025,4,211,Wikimedia Pageviews API monthly per-article
lk_matale_kandalama_reservoir_viewpoint,Kandalama Reservoir Viewpoint,Kandalama,2025,5,221,Wikimedia Pageviews API monthly per-article
lk_matale_kandalama_reservoir_viewpoint,Kandalama Reservoir Viewpoint,Kandalama,2025,6,190,Wikimedia Pageviews API monthly per-article
lk_matale_kandalama_reservoir_viewpoint,Kandalama Reservoir Viewpoint,Kandalama,2025,7,186,Wikimedia Pageviews API monthly per-article
lk_matale_kandalama_reservoir_viewpoint,Kandalama Reservoir Viewpoint,Kandalama,2025,8,294,Wikimedia Pageviews API monthly per-article
lk_matale_kandalama_reservoir_viewpoint,Kandalama Reservoir Viewpoint,Kandalama,2025,9,164,Wikimedia Pageviews API monthly per-article
lk_matale_kandalama_reservoir_viewpoint,Kandalama Reservoir Viewpoint,Kandalama,2025,10,194,Wikimedia Pageviews API monthly per-article
lk_matale_kandalama_reservoir_viewpoint,Kandalama Reservoir Viewpoint,Kandalama,2025,11,189,Wikimedia Pageviews API monthly per-article
lk_matale_kandalama_reservoir_viewpoint,Kandalama Reservoir Viewpoint,Kandalama,2025,12,187,Wikimedia Pageviews API monthly per-article
lk_matale_kandalama_reservoir_viewpoint,Kandalama Reservoir Viewpoint,Kandalama,2026,1,7,Wikimedia Pageviews API monthly per-article
lk_matara_mirissa_beach,Mirissa Beach,Mirissa,2024,1,2939,Wikimedia Pageviews API monthly per-article
lk_matara_mirissa_beach,Mirissa Beach,Mirissa,2024,2,2297,Wikimedia Pageviews API monthly per-article
lk_matara_mirissa_beach,Mirissa Beach,Mirissa,2024,3,2146,Wikimedia Pageviews API monthly per-article
lk_matara_mirissa_beach,Mirissa Beach,Mirissa,2024,4,2047,Wikimedia Pageviews API monthly per-article
lk_matara_mirissa_beach,Mirissa Beach,Mirissa,2024,5,1451,Wikimedia Pageviews API monthly per-article
lk_matara_mirissa_beach,Mirissa Beach,Mirissa,2024,6,1133,Wikimedia Pageviews API monthly per-article
lk_matara_mirissa_beach,Mirissa Beach,Mirissa,2024,7,1353,Wikimedia Pageviews API monthly per-article
lk_matara_mirissa_beach,Mirissa Beach,Mirissa,2024,8,1497,Wikimedia Pageviews API monthly per-article
lk_matara_mirissa_beach,Mirissa Beach,Mirissa,2024,9,1482,Wikimedia Pageviews API monthly per-article
lk_matara_mirissa_beach,Mirissa Beach,Mirissa,2024,10,1780,Wikimedia Pageviews API monthly per-article
lk_matara_mirissa_beach,Mirissa Beach,Mirissa,2024,11,1831,Wikimedia Pageviews API monthly per-article
lk_matara_mirissa_beach,Mirissa Beach,Mirissa,2024,12,2554,Wikimedia Pageviews API monthly per-article
lk_matara_mirissa_beach,Mirissa Beach,Mirissa,2025,1,3276,Wikimedia Pageviews API monthly per-article
lk_matara_mirissa_beach,Mirissa Beach,Mirissa,2025,2,2722,Wikimedia Pageviews API monthly per-article
lk_matara_mirissa_beach,Mirissa Beach,Mirissa,2025,3,2814,Wikimedia Pageviews API monthly per-article
lk_matara_mirissa_beach,Mirissa Beach,Mirissa,2025,4,2112,Wikimedia Pageviews API monthly per-article
lk_matara_mirissa_beach,Mirissa Beach,Mirissa,2025,5,1786,Wikimedia Pageviews API monthly per-article
lk_matara_mirissa_beach,Mirissa Beach,Mirissa,2025,6,1726,Wikimedia Pageviews API monthly per-article
lk_matara_mirissa_beach,Mirissa Beach,Mirissa,2025,7,2007,Wikimedia Pageviews API monthly per-article
lk_matara_mirissa_beach,Mirissa Beach,Mirissa,2025,8,2196,Wikimedia Pageviews API monthly per-article
lk_matara_mirissa_beach,Mirissa Beach,Mirissa,2025,9,1898,Wikimedia Pageviews API monthly per-article
lk_matara_mirissa_beach,Mirissa Beach,Mirissa,2025,10,2092,Wikimedia Pageviews API monthly per-article
lk_matara_mirissa_beach,Mirissa Beach,Mirissa,2025,11,1970,Wikimedia Pageviews API monthly per-article
lk_matara_mirissa_beach,Mirissa Beach,Mirissa,2025,12,1813,Wikimedia Pageviews API monthly per-article
lk_matara_mirissa_beach,Mirissa Beach,Mirissa,2026,1,73,Wikimedia Pageviews API monthly per-article
lk_matara_weligama_bay,Weligama Bay,Weligama,2024,1,2211,Wikimedia Pageviews API monthly per-article
lk_matara_weligama_bay,Weligama Bay,Weligama,2024,2,1686,Wikimedia Pageviews API monthly per-article
lk_matara_weligama_bay,Weligama Bay,Weligama,2024,3,1767,Wikimedia Pageviews API monthly per-article
lk_matara_weligama_bay,Weligama Bay,Weligama,2024,4,1344,Wikimedia Pageviews API monthly per-article
lk_matara_weligama_bay,Weligama Bay,Weligama,2024,5,932,Wikimedia Pageviews API monthly per-article
lk_matara_weligama_bay,Weligama Bay,Weligama,2024,6,778,Wikimedia Pageviews API monthly per-article
lk_matara_weligama_bay,Weligama Bay,Weligama,2024,7,930,Wikimedia Pageviews API monthly per-article
lk_matara_weligama_bay,Weligama Bay,Weligama,2024,8,966,Wikimedia Pageviews API monthly per-article
lk_matara_weligama_bay,Weligama Bay,Weligama,2024,9,931,Wikimedia Pageviews API monthly per-article
lk_matara_weligama_bay,Weligama Bay,Weligama,2024,10,1084,Wikimedia Pageviews API monthly per-article
lk_matara_weligama_bay,Weligama Bay,Weligama,2024,11,1305,Wikimedia Pageviews API monthly per-article
lk_matara_weligama_bay,Weligama Bay,Weligama,2024,12,1537,Wikimedia Pageviews API monthly per-article
lk_matara_weligama_bay,Weligama Bay,Weligama,2025,1,1883,Wikimedia Pageviews API monthly per-article
lk_matara_weligama_bay,Weligama Bay,Weligama,2025,2,1595,Wikimedia Pageviews API monthly per-article
lk_matara_weligama_bay,Weligama Bay,Weligama,2025,3,1479,Wikimedia Pageviews API monthly per-article
lk_matara_weligama_bay,Weligama Bay,Weligama,2025,4,1261,Wikimedia Pageviews API monthly per-article
lk_matara_weligama_bay,Weligama Bay,Weligama,2025,5,925,Wikimedia Pageviews API monthly per-article
lk_matara_weligama_bay,Weligama Bay,Weligama,2025,6,796,Wikimedia Pageviews API monthly per-article
lk_matara_weligama_bay,Weligama Bay,Weligama,2025,7,1243,Wikimedia Pageviews API monthly per-article
lk_matara_weligama_bay,Weligama Bay,Weligama,2025,8,2397,Wikimedia Pageviews API monthly per-article
lk_matara_weligama_bay,Weligama Bay,Weligama,2025,9,1111,Wikimedia Pageviews API monthly per-article
lk_matara_weligama_bay,Weligama Bay,Weligama,2025,10,1641,Wikimedia Pageviews API monthly per-article
lk_matara_weligama_bay,Weligama Bay,Weligama,2025,11,1422,Wikimedia Pageviews API monthly per-article
lk_matara_weligama_bay,Weligama Bay,Weligama,2025,12,1340,Wikimedia Pageviews API monthly per-article
lk_matara_weligama_bay,Weligama Bay,Weligama,2026,1,52,Wikimedia Pageviews API monthly per-article
lk_matara_coconut_tree_hill,Coconut Tree Hill,Mirissa,2024,1,2939,Wikimedia Pageviews API monthly per-article
lk_matara_coconut_tree_hill,Coconut Tree Hill,Mirissa,2024,2,2297,Wikimedia Pageviews API monthly per-article
lk_matara_coconut_tree_hill,Coconut Tree Hill,Mirissa,2024,3,2146,Wikimedia Pageviews API monthly per-article
lk_matara_coconut_tree_hill,Coconut Tree Hill,Mirissa,2024,4,2047,Wikimedia Pageviews API monthly per-article
lk_matara_coconut_tree_hill,Coconut Tree Hill,Mirissa,2024,5,1451,Wikimedia Pageviews API monthly per-article
lk_matara_coconut_tree_hill,Coconut Tree Hill,Mirissa,2024,6,1133,Wikimedia Pageviews API monthly per-article
lk_matara_coconut_tree_hill,Coconut Tree Hill,Mirissa,2024,7,1353,Wikimedia Pageviews API monthly per-article
lk_matara_coconut_tree_hill,Coconut Tree Hill,Mirissa,2024,8,1497,Wikimedia Pageviews API monthly per-article
lk_matara_coconut_tree_hill,Coconut Tree Hill,Mirissa,2024,9,1482,Wikimedia Pageviews API monthly per-article
lk_matara_coconut_tree_hill,Coconut Tree Hill,Mirissa,2024,10,1780,Wikimedia Pageviews API monthly per-article
lk_matara_coconut_tree_hill,Coconut Tree Hill,Mirissa,2024,11,1831,Wikimedia Pageviews API monthly per-article
lk_matara_coconut_tree_hill,Coconut Tree Hill,Mirissa,2024,12,2554,Wikimedia Pageviews API monthly per-article
lk_matara_coconut_tree_hill,Coconut Tree Hill,Mirissa,2025,1,3276,Wikimedia Pageviews API monthly per-article
lk_matara_coconut_tree_hill,Coconut Tree Hill,Mirissa,2025,2,2722,Wikimedia Pageviews API monthly per-article
lk_matara_coconut_tree_hill,Coconut Tree Hill,Mirissa,2025,3,2814,Wikimedia Pageviews API monthly per-article
lk_matara_coconut_tree_hill,Coconut Tree Hill,Mirissa,2025,4,2112,Wikimedia Pageviews API monthly per-article
lk_matara_coconut_tree_hill,Coconut Tree Hill,Mirissa,2025,5,1786,Wikimedia Pageviews API monthly per-article
lk_matara_coconut_tree_hill,Coconut Tree Hill,Mirissa,2025,6,1726,Wikimedia Pageviews API monthly per-article
lk_matara_coconut_tree_hill,Coconut Tree Hill,Mirissa,2025,7,2007,Wikimedia Pageviews API monthly per-article
lk_matara_coconut_tree_hill,Coconut Tree Hill,Mirissa,2025,8,2196,Wikimedia Pageviews API monthly per-article
lk_matara_coconut_tree_hill,Coconut Tree Hill,Mirissa,2025,9,1898,Wikimedia Pageviews API monthly per-article
lk_matara_coconut_tree_hill,Coconut Tree Hill,Mirissa,2025,10,2092,Wikimedia Pageviews API monthly per-article
lk_matara_coconut_tree_hill,Coconut Tree Hill,Mirissa,2025,11,1970,Wikimedia Pageviews API monthly per-article
lk_matara_coconut_tree_hill,Coconut Tree Hill,Mirissa,2025,12,1813,Wikimedia Pageviews API monthly per-article
lk_matara_coconut_tree_hill,Coconut Tree Hill,Mirissa,2026,1,73,Wikimedia Pageviews API monthly per-article
lk_matara_dikwella_beach,Dikwella Beach,Dickwella,2024,1,21,Wikimedia Pageviews API monthly per-article
lk_matara_dikwella_beach,Dikwella Beach,Dickwella,2024,2,28,Wikimedia Pageviews API monthly per-article
lk_matara_dikwella_beach,Dikwella Beach,Dickwella,2024,3,26,Wikimedia Pageviews API monthly per-article
lk_matara_dikwella_beach,Dikwella Beach,Dickwella,2024,4,23,Wikimedia Pageviews API monthly per-article
lk_matara_dikwella_beach,Dikwella Beach,Dickwella,2024,5,19,Wikimedia Pageviews API monthly per-article
lk_matara_dikwella_beach,Dikwella Beach,Dickwella,2024,6,22,Wikimedia Pageviews API monthly per-article
lk_matara_dikwella_beach,Dikwella Beach,Dickwella,2024,7,25,Wikimedia Pageviews API monthly per-article
lk_matara_dikwella_beach,Dikwella Beach,Dickwella,2024,8,37,Wikimedia Pageviews API monthly per-article
lk_matara_dikwella_beach,Dikwella Beach,Dickwella,2024,9,27,Wikimedia Pageviews API monthly per-article
lk_matara_dikwella_beach,Dikwella Beach,Dickwella,2024,10,28,Wikimedia Pageviews API monthly per-article
lk_matara_dikwella_beach,Dikwella Beach,Dickwella,2024,11,26,Wikimedia Pageviews API monthly per-article
lk_matara_dikwella_beach,Dikwella Beach,Dickwella,2024,12,28,Wikimedia Pageviews API monthly per-article
lk_matara_dikwella_beach,Dikwella Beach,Dickwella,2025,1,26,Wikimedia Pageviews API monthly per-article
lk_matara_dikwella_beach,Dikwella Beach,Dickwella,2025,2,39,Wikimedia Pageviews API monthly per-article
lk_matara_dikwella_beach,Dikwella Beach,Dickwella,2025,3,39,Wikimedia Pageviews API monthly per-article
lk_matara_dikwella_beach,Dikwella Beach,Dickwella,2025,4,23,Wikimedia Pageviews API monthly per-article
lk_matara_dikwella_beach,Dikwella Beach,Dickwella,2025,5,7,Wikimedia Pageviews API monthly per-article
lk_matara_dikwella_beach,Dikwella Beach,Dickwella,2025,6,25,Wikimedia Pageviews API monthly per-article
lk_matara_dikwella_beach,Dikwella Beach,Dickwella,2025,7,29,Wikimedia Pageviews API monthly per-article
lk_matara_dikwella_beach,Dikwella Beach,Dickwella,2025,8,25,Wikimedia Pageviews API monthly per-article
lk_matara_dikwella_beach,Dikwella Beach,Dickwella,2025,9,31,Wikimedia Pageviews API monthly per-article
lk_matara_dikwella_beach,Dikwella Beach,Dickwella,2025,10,23,Wikimedia Pageviews API monthly per-article
lk_matara_dikwella_beach,Dikwella Beach,Dickwella,2025,11,16,Wikimedia Pageviews API monthly per-article
lk_matara_dikwella_beach,Dikwella Beach,Dickwella,2025,12,17,Wikimedia Pageviews API monthly per-article
lk_matara_dikwella_beach,Dikwella Beach,Dickwella,2026,1,1,Wikimedia Pageviews API monthly per-article
lk_matara_dondra_head_lighthouse,Dondra Head Lighthouse,Dondra_Head_Lighthouse,2024,1,743,Wikimedia Pageviews API monthly per-article
lk_matara_dondra_head_lighthouse,Dondra Head Lighthouse,Dondra_Head_Lighthouse,2024,2,653,Wikimedia Pageviews API monthly per-article
lk_matara_dondra_head_lighthouse,Dondra Head Lighthouse,Dondra_Head_Lighthouse,2024,3,612,Wikimedia Pageviews API monthly per-article
lk_matara_dondra_head_lighthouse,Dondra Head Lighthouse,Dondra_Head_Lighthouse,2024,4,570,Wikimedia Pageviews API monthly per-article
lk_matara_dondra_head_lighthouse,Dondra Head Lighthouse,Dondra_Head_Lighthouse,2024,5,431,Wikimedia Pageviews API monthly per-article
lk_matara_dondra_head_lighthouse,Dondra Head Lighthouse,Dondra_Head_Lighthouse,2024,6,297,Wikimedia Pageviews API monthly per-article
lk_matara_dondra_head_lighthouse,Dondra Head Lighthouse,Dondra_Head_Lighthouse,2024,7,381,Wikimedia Pageviews API monthly per-article
lk_matara_dondra_head_lighthouse,Dondra Head Lighthouse,Dondra_Head_Lighthouse,2024,8,455,Wikimedia Pageviews API monthly per-article
lk_matara_dondra_head_lighthouse,Dondra Head Lighthouse,Dondra_Head_Lighthouse,2024,9,362,Wikimedia Pageviews API monthly per-article
lk_matara_dondra_head_lighthouse,Dondra Head Lighthouse,Dondra_Head_Lighthouse,2024,10,414,Wikimedia Pageviews API monthly per-article
lk_matara_dondra_head_lighthouse,Dondra Head Lighthouse,Dondra_Head_Lighthouse,2024,11,376,Wikimedia Pageviews API monthly per-article
lk_matara_dondra_head_lighthouse,Dondra Head Lighthouse,Dondra_Head_Lighthouse,2024,12,472,Wikimedia Pageviews API monthly per-article
lk_matara_dondra_head_lighthouse,Dondra Head Lighthouse,Dondra_Head_Lighthouse,2025,1,520,Wikimedia Pageviews API monthly per-article
lk_matara_dondra_head_lighthouse,Dondra Head Lighthouse,Dondra_Head_Lighthouse,2025,2,409,Wikimedia Pageviews API monthly per-article
lk_matara_dondra_head_lighthouse,Dondra Head Lighthouse,Dondra_Head_Lighthouse,2025,3,545,Wikimedia Pageviews API monthly per-article
lk_matara_dondra_head_lighthouse,Dondra Head Lighthouse,Dondra_Head_Lighthouse,2025,4,439,Wikimedia Pageviews API monthly per-article
lk_matara_dondra_head_lighthouse,Dondra Head Lighthouse,Dondra_Head_Lighthouse,2025,5,325,Wikimedia Pageviews API monthly per-article
lk_matara_dondra_head_lighthouse,Dondra Head Lighthouse,Dondra_Head_Lighthouse,2025,6,279,Wikimedia Pageviews API monthly per-article
lk_matara_dondra_head_lighthouse,Dondra Head Lighthouse,Dondra_Head_Lighthouse,2025,7,427,Wikimedia Pageviews API monthly per-article
lk_matara_dondra_head_lighthouse,Dondra Head Lighthouse,Dondra_Head_Lighthouse,2025,8,453,Wikimedia Pageviews API monthly per-article
lk_matara_dondra_head_lighthouse,Dondra Head Lighthouse,Dondra_Head_Lighthouse,2025,9,317,Wikimedia Pageviews API monthly per-article
lk_matara_dondra_head_lighthouse,Dondra Head Lighthouse,Dondra_Head_Lighthouse,2025,10,390,Wikimedia Pageviews API monthly per-article
lk_matara_dondra_head_lighthouse,Dondra Head Lighthouse,Dondra_Head_Lighthouse,2025,11,411,Wikimedia Pageviews API monthly per-article
lk_matara_dondra_head_lighthouse,Dondra Head Lighthouse,Dondra_Head_Lighthouse,2025,12,455,Wikimedia Pageviews API monthly per-article
lk_matara_dondra_head_lighthouse,Dondra Head Lighthouse,Dondra_Head_Lighthouse,2026,1,15,Wikimedia Pageviews API monthly per-article
lk_matara_madiha_beach,Madiha Beach,Madiha,2024,1,681,Wikimedia Pageviews API monthly per-article
lk_matara_madiha_beach,Madiha Beach,Madiha,2024,2,663,Wikimedia Pageviews API monthly per-article
lk_matara_madiha_beach,Madiha Beach,Madiha,2024,3,674,Wikimedia Pageviews API monthly per-article
lk_matara_madiha_beach,Madiha Beach,Madiha,2024,4,591,Wikimedia Pageviews API monthly per-article
lk_matara_madiha_beach,Madiha Beach,Madiha,2024,5,549,Wikimedia Pageviews API monthly per-article
lk_matara_madiha_beach,Madiha Beach,Madiha,2024,6,560,Wikimedia Pageviews API monthly per-article
lk_matara_madiha_beach,Madiha Beach,Madiha,2024,7,435,Wikimedia Pageviews API monthly per-article
lk_matara_madiha_beach,Madiha Beach,Madiha,2024,8,420,Wikimedia Pageviews API monthly per-article
lk_matara_madiha_beach,Madiha Beach,Madiha,2024,9,487,Wikimedia Pageviews API monthly per-article
lk_matara_madiha_beach,Madiha Beach,Madiha,2024,10,424,Wikimedia Pageviews API monthly per-article
lk_matara_madiha_beach,Madiha Beach,Madiha,2024,11,391,Wikimedia Pageviews API monthly per-article
lk_matara_madiha_beach,Madiha Beach,Madiha,2024,12,437,Wikimedia Pageviews API monthly per-article
lk_matara_madiha_beach,Madiha Beach,Madiha,2025,1,456,Wikimedia Pageviews API monthly per-article
lk_matara_madiha_beach,Madiha Beach,Madiha,2025,2,350,Wikimedia Pageviews API monthly per-article
lk_matara_madiha_beach,Madiha Beach,Madiha,2025,3,412,Wikimedia Pageviews API monthly per-article
lk_matara_madiha_beach,Madiha Beach,Madiha,2025,4,406,Wikimedia Pageviews API monthly per-article
lk_matara_madiha_beach,Madiha Beach,Madiha,2025,5,396,Wikimedia Pageviews API monthly per-article
lk_matara_madiha_beach,Madiha Beach,Madiha,2025,6,304,Wikimedia Pageviews API monthly per-article
lk_matara_madiha_beach,Madiha Beach,Madiha,2025,7,305,Wikimedia Pageviews API monthly per-article
lk_matara_madiha_beach,Madiha Beach,Madiha,2025,8,311,Wikimedia Pageviews API monthly per-article
lk_matara_madiha_beach,Madiha Beach,Madiha,2025,9,258,Wikimedia Pageviews API monthly per-article
lk_matara_madiha_beach,Madiha Beach,Madiha,2025,10,262,Wikimedia Pageviews API monthly per-article
lk_matara_madiha_beach,Madiha Beach,Madiha,2025,11,244,Wikimedia Pageviews API monthly per-article
lk_matara_madiha_beach,Madiha Beach,Madiha,2025,12,258,Wikimedia Pageviews API monthly per-article
lk_matara_madiha_beach,Madiha Beach,Madiha,2026,1,9,Wikimedia Pageviews API monthly per-article
lk_matara_matara_star_fort,Matara Star Fort,"Star_fort,_Matara",2024,1,251,Wikimedia Pageviews API monthly per-article
lk_matara_matara_star_fort,Matara Star Fort,"Star_fort,_Matara",2024,2,203,Wikimedia Pageviews API monthly per-article
lk_matara_matara_star_fort,Matara Star Fort,"Star_fort,_Matara",2024,3,164,Wikimedia Pageviews API monthly per-article
lk_matara_matara_star_fort,Matara Star Fort,"Star_fort,_Matara",2024,4,146,Wikimedia Pageviews API monthly per-article
lk_matara_matara_star_fort,Matara Star Fort,"Star_fort,_Matara",2024,5,106,Wikimedia Pageviews API monthly per-article
lk_matara_matara_star_fort,Matara Star Fort,"Star_fort,_Matara",2024,6,35,Wikimedia Pageviews API monthly per-article
lk_matara_matara_star_fort,Matara Star Fort,"Star_fort,_Matara",2024,7,40,Wikimedia Pageviews API monthly per-article
lk_matara_matara_star_fort,Matara Star Fort,"Star_fort,_Matara",2024,8,40,Wikimedia Pageviews API monthly per-article
lk_matara_matara_star_fort,Matara Star Fort,"Star_fort,_Matara",2024,9,38,Wikimedia Pageviews API monthly per-article
lk_matara_matara_star_fort,Matara Star Fort,"Star_fort,_Matara",2024,10,44,Wikimedia Pageviews API monthly per-article
lk_matara_matara_star_fort,Matara Star Fort,"Star_fort,_Matara",2024,11,44,Wikimedia Pageviews API monthly per-article
lk_matara_matara_star_fort,Matara Star Fort,"Star_fort,_Matara",2024,12,46,Wikimedia Pageviews API monthly per-article
lk_matara_matara_star_fort,Matara Star Fort,"Star_fort,_Matara",2025,1,50,Wikimedia Pageviews API monthly per-article
lk_matara_matara_star_fort,Matara Star Fort,"Star_fort,_Matara",2025,2,55,Wikimedia Pageviews API monthly per-article
lk_matara_matara_star_fort,Matara Star Fort,"Star_fort,_Matara",2025,3,53,Wikimedia Pageviews API monthly per-article
lk_matara_matara_star_fort,Matara Star Fort,"Star_fort,_Matara",2025,4,60,Wikimedia Pageviews API monthly per-article
lk_matara_matara_star_fort,Matara Star Fort,"Star_fort,_Matara",2025,5,35,Wikimedia Pageviews API monthly per-article
lk_matara_matara_star_fort,Matara Star Fort,"Star_fort,_Matara",2025,6,40,Wikimedia Pageviews API monthly per-article
lk_matara_matara_star_fort,Matara Star Fort,"Star_fort,_Matara",2025,7,35,Wikimedia Pageviews API monthly per-article
lk_matara_matara_star_fort,Matara Star Fort,"Star_fort,_Matara",2025,8,33,Wikimedia Pageviews API monthly per-article
lk_matara_matara_star_fort,Matara Star Fort,"Star_fort,_Matara",2025,9,34,Wikimedia Pageviews API monthly per-article
lk_matara_matara_star_fort,Matara Star Fort,"Star_fort,_Matara",2025,10,38,Wikimedia Pageviews API monthly per-article
lk_matara_matara_star_fort,Matara Star Fort,"Star_fort,_Matara",2025,11,36,Wikimedia Pageviews API monthly per-article
lk_matara_matara_star_fort,Matara Star Fort,"Star_fort,_Matara",2025,12,32,Wikimedia Pageviews API monthly per-article
lk_matara_matara_star_fort,Matara Star Fort,"Star_fort,_Matara",2026,1,0,Wikimedia Pageviews API monthly per-article
lk_matara_secret_beach_mirissa,"Secret Beach, Mirissa",Mirissa,2024,1,2939,Wikimedia Pageviews API monthly per-article
lk_matara_secret_beach_mirissa,"Secret Beach, Mirissa",Mirissa,2024,2,2297,Wikimedia Pageviews API monthly per-article
lk_matara_secret_beach_mirissa,"Secret Beach, Mirissa",Mirissa,2024,3,2146,Wikimedia Pageviews API monthly per-article
lk_matara_secret_beach_mirissa,"Secret Beach, Mirissa",Mirissa,2024,4,2047,Wikimedia Pageviews API monthly per-article
lk_matara_secret_beach_mirissa,"Secret Beach, Mirissa",Mirissa,2024,5,1451,Wikimedia Pageviews API monthly per-article
lk_matara_secret_beach_mirissa,"Secret Beach, Mirissa",Mirissa,2024,6,1133,Wikimedia Pageviews API monthly per-article
lk_matara_secret_beach_mirissa,"Secret Beach, Mirissa",Mirissa,2024,7,1353,Wikimedia Pageviews API monthly per-article
lk_matara_secret_beach_mirissa,"Secret Beach, Mirissa",Mirissa,2024,8,1497,Wikimedia Pageviews API monthly per-article
lk_matara_secret_beach_mirissa,"Secret Beach, Mirissa",Mirissa,2024,9,1482,Wikimedia Pageviews API monthly per-article
lk_matara_secret_beach_mirissa,"Secret Beach, Mirissa",Mirissa,2024,10,1780,Wikimedia Pageviews API monthly per-article
lk_matara_secret_beach_mirissa,"Secret Beach, Mirissa",Mirissa,2024,11,1831,Wikimedia Pageviews API monthly per-article
lk_matara_secret_beach_mirissa,"Secret Beach, Mirissa",Mirissa,2024,12,2554,Wikimedia Pageviews API monthly per-article
lk_matara_secret_beach_mirissa,"Secret Beach, Mirissa",Mirissa,2025,1,3276,Wikimedia Pageviews API monthly per-article
lk_matara_secret_beach_mirissa,"Secret Beach, Mirissa",Mirissa,2025,2,2722,Wikimedia Pageviews API monthly per-article
lk_matara_secret_beach_mirissa,"Secret Beach, Mirissa",Mirissa,2025,3,2814,Wikimedia Pageviews API monthly per-article
lk_matara_secret_beach_mirissa,"Secret Beach, Mirissa",Mirissa,2025,4,2112,Wikimedia Pageviews API monthly per-article
lk_matara_secret_beach_mirissa,"Secret Beach, Mirissa",Mirissa,2025,5,1786,Wikimedia Pageviews API monthly per-article
lk_matara_secret_beach_mirissa,"Secret Beach, Mirissa",Mirissa,2025,6,1726,Wikimedia Pageviews API monthly per-article
lk_matara_secret_beach_mirissa,"Secret Beach, Mirissa",Mirissa,2025,7,2007,Wikimedia Pageviews API monthly per-article
lk_matara_secret_beach_mirissa,"Secret Beach, Mirissa",Mirissa,2025,8,2196,Wikimedia Pageviews API monthly per-article
lk_matara_secret_beach_mirissa,"Secret Beach, Mirissa",Mirissa,2025,9,1898,Wikimedia Pageviews API monthly per-article
lk_matara_secret_beach_mirissa,"Secret Beach, Mirissa",Mirissa,2025,10,2092,Wikimedia Pageviews API monthly per-article
lk_matara_secret_beach_mirissa,"Secret Beach, Mirissa",Mirissa,2025,11,1970,Wikimedia Pageviews API monthly per-article
lk_matara_secret_beach_mirissa,"Secret Beach, Mirissa",Mirissa,2025,12,1813,Wikimedia Pageviews API monthly per-article
lk_matara_secret_beach_mirissa,"Secret Beach, Mirissa",Mirissa,2026,1,73,Wikimedia Pageviews API monthly per-article
lk_monaragala_kataragama_sacred_city,Kataragama Sacred City,Kataragama_temple,2024,1,3517,Wikimedia Pageviews API monthly per-article
lk_monaragala_kataragama_sacred_city,Kataragama Sacred City,Kataragama_temple,2024,2,3297,Wikimedia Pageviews API monthly per-article
lk_monaragala_kataragama_sacred_city,Kataragama Sacred City,Kataragama_temple,2024,3,3367,Wikimedia Pageviews API monthly per-article
lk_monaragala_kataragama_sacred_city,Kataragama Sacred City,Kataragama_temple,2024,4,2647,Wikimedia Pageviews API monthly per-article
lk_monaragala_kataragama_sacred_city,Kataragama Sacred City,Kataragama_temple,2024,5,2380,Wikimedia Pageviews API monthly per-article
lk_monaragala_kataragama_sacred_city,Kataragama Sacred City,Kataragama_temple,2024,6,2302,Wikimedia Pageviews API monthly per-article
lk_monaragala_kataragama_sacred_city,Kataragama Sacred City,Kataragama_temple,2024,7,3918,Wikimedia Pageviews API monthly per-article
lk_monaragala_kataragama_sacred_city,Kataragama Sacred City,Kataragama_temple,2024,8,2886,Wikimedia Pageviews API monthly per-article
lk_monaragala_kataragama_sacred_city,Kataragama Sacred City,Kataragama_temple,2024,9,2521,Wikimedia Pageviews API monthly per-article
lk_monaragala_kataragama_sacred_city,Kataragama Sacred City,Kataragama_temple,2024,10,2001,Wikimedia Pageviews API monthly per-article
lk_monaragala_kataragama_sacred_city,Kataragama Sacred City,Kataragama_temple,2024,11,2502,Wikimedia Pageviews API monthly per-article
lk_monaragala_kataragama_sacred_city,Kataragama Sacred City,Kataragama_temple,2024,12,2399,Wikimedia Pageviews API monthly per-article
lk_monaragala_kataragama_sacred_city,Kataragama Sacred City,Kataragama_temple,2025,1,2328,Wikimedia Pageviews API monthly per-article
lk_monaragala_kataragama_sacred_city,Kataragama Sacred City,Kataragama_temple,2025,2,1983,Wikimedia Pageviews API monthly per-article
lk_monaragala_kataragama_sacred_city,Kataragama Sacred City,Kataragama_temple,2025,3,1921,Wikimedia Pageviews API monthly per-article
lk_monaragala_kataragama_sacred_city,Kataragama Sacred City,Kataragama_temple,2025,4,1768,Wikimedia Pageviews API monthly per-article
lk_monaragala_kataragama_sacred_city,Kataragama Sacred City,Kataragama_temple,2025,5,1835,Wikimedia Pageviews API monthly per-article
lk_monaragala_kataragama_sacred_city,Kataragama Sacred City,Kataragama_temple,2025,6,2173,Wikimedia Pageviews API monthly per-article
lk_monaragala_kataragama_sacred_city,Kataragama Sacred City,Kataragama_temple,2025,7,2410,Wikimedia Pageviews API monthly per-article
lk_monaragala_kataragama_sacred_city,Kataragama Sacred City,Kataragama_temple,2025,8,2040,Wikimedia Pageviews API monthly per-article
lk_monaragala_kataragama_sacred_city,Kataragama Sacred City,Kataragama_temple,2025,9,1544,Wikimedia Pageviews API monthly per-article
lk_monaragala_kataragama_sacred_city,Kataragama Sacred City,Kataragama_temple,2025,10,731,Wikimedia Pageviews API monthly per-article
lk_monaragala_kataragama_sacred_city,Kataragama Sacred City,Kataragama_temple,2025,11,334,Wikimedia Pageviews API monthly per-article
lk_monaragala_kataragama_sacred_city,Kataragama Sacred City,Kataragama_temple,2025,12,277,Wikimedia Pageviews API monthly per-article
lk_monaragala_kataragama_sacred_city,Kataragama Sacred City,Kataragama_temple,2026,1,10,Wikimedia Pageviews API monthly per-article
lk_monaragala_buduruwagala_temple,Buduruwagala Temple,Buduruwagala,2024,1,11,Wikimedia Pageviews API monthly per-article
lk_monaragala_buduruwagala_temple,Buduruwagala Temple,Buduruwagala,2024,2,12,Wikimedia Pageviews API monthly per-article
lk_monaragala_buduruwagala_temple,Buduruwagala Temple,Buduruwagala,2024,3,2,Wikimedia Pageviews API monthly per-article
lk_monaragala_buduruwagala_temple,Buduruwagala Temple,Buduruwagala,2024,4,10,Wikimedia Pageviews API monthly per-article
lk_monaragala_buduruwagala_temple,Buduruwagala Temple,Buduruwagala,2024,5,28,Wikimedia Pageviews API monthly per-article
lk_monaragala_buduruwagala_temple,Buduruwagala Temple,Buduruwagala,2024,6,9,Wikimedia Pageviews API monthly per-article
lk_monaragala_buduruwagala_temple,Buduruwagala Temple,Buduruwagala,2024,7,6,Wikimedia Pageviews API monthly per-article
lk_monaragala_buduruwagala_temple,Buduruwagala Temple,Buduruwagala,2024,8,10,Wikimedia Pageviews API monthly per-article
lk_monaragala_buduruwagala_temple,Buduruwagala Temple,Buduruwagala,2024,9,11,Wikimedia Pageviews API monthly per-article
lk_monaragala_buduruwagala_temple,Buduruwagala Temple,Buduruwagala,2024,10,7,Wikimedia Pageviews API monthly per-article
lk_monaragala_buduruwagala_temple,Buduruwagala Temple,Buduruwagala,2024,11,9,Wikimedia Pageviews API monthly per-article
lk_monaragala_buduruwagala_temple,Buduruwagala Temple,Buduruwagala,2024,12,6,Wikimedia Pageviews API monthly per-article
lk_monaragala_buduruwagala_temple,Buduruwagala Temple,Buduruwagala,2025,1,19,Wikimedia Pageviews API monthly per-article
lk_monaragala_buduruwagala_temple,Buduruwagala Temple,Buduruwagala,2025,2,7,Wikimedia Pageviews API monthly per-article
lk_monaragala_buduruwagala_temple,Buduruwagala Temple,Buduruwagala,2025,3,17,Wikimedia Pageviews API monthly per-article
lk_monaragala_buduruwagala_temple,Buduruwagala Temple,Buduruwagala,2025,4,6,Wikimedia Pageviews API monthly per-article
lk_monaragala_buduruwagala_temple,Buduruwagala Temple,Buduruwagala,2025,5,11,Wikimedia Pageviews API monthly per-article
lk_monaragala_buduruwagala_temple,Buduruwagala Temple,Buduruwagala,2025,6,3,Wikimedia Pageviews API monthly per-article
lk_monaragala_buduruwagala_temple,Buduruwagala Temple,Buduruwagala,2025,7,10,Wikimedia Pageviews API monthly per-article
lk_monaragala_buduruwagala_temple,Buduruwagala Temple,Buduruwagala,2025,8,11,Wikimedia Pageviews API monthly per-article
lk_monaragala_buduruwagala_temple,Buduruwagala Temple,Buduruwagala,2025,9,15,Wikimedia Pageviews API monthly per-article
lk_monaragala_buduruwagala_temple,Buduruwagala Temple,Buduruwagala,2025,10,16,Wikimedia Pageviews API monthly per-article
lk_monaragala_buduruwagala_temple,Buduruwagala Temple,Buduruwagala,2025,11,19,Wikimedia Pageviews API monthly per-article
lk_monaragala_buduruwagala_temple,Buduruwagala Temple,Buduruwagala,2025,12,6,Wikimedia Pageviews API monthly per-article
lk_monaragala_yudaganawa_raja_maha_vihara,Yudaganawa Raja Maha Vihara,Yudaganawa,2024,1,173,Wikimedia Pageviews API monthly per-article
lk_monaragala_yudaganawa_raja_maha_vihara,Yudaganawa Raja Maha Vihara,Yudaganawa,2024,2,192,Wikimedia Pageviews API monthly per-article
lk_monaragala_yudaganawa_raja_maha_vihara,Yudaganawa Raja Maha Vihara,Yudaganawa,2024,3,109,Wikimedia Pageviews API monthly per-article
lk_monaragala_yudaganawa_raja_maha_vihara,Yudaganawa Raja Maha Vihara,Yudaganawa,2024,4,149,Wikimedia Pageviews API monthly per-article
lk_monaragala_yudaganawa_raja_maha_vihara,Yudaganawa Raja Maha Vihara,Yudaganawa,2024,5,145,Wikimedia Pageviews API monthly per-article
lk_monaragala_yudaganawa_raja_maha_vihara,Yudaganawa Raja Maha Vihara,Yudaganawa,2024,6,134,Wikimedia Pageviews API monthly per-article
lk_monaragala_yudaganawa_raja_maha_vihara,Yudaganawa Raja Maha Vihara,Yudaganawa,2024,7,324,Wikimedia Pageviews API monthly per-article
lk_monaragala_yudaganawa_raja_maha_vihara,Yudaganawa Raja Maha Vihara,Yudaganawa,2024,8,155,Wikimedia Pageviews API monthly per-article
lk_monaragala_yudaganawa_raja_maha_vihara,Yudaganawa Raja Maha Vihara,Yudaganawa,2024,9,95,Wikimedia Pageviews API monthly per-article
lk_monaragala_yudaganawa_raja_maha_vihara,Yudaganawa Raja Maha Vihara,Yudaganawa,2024,10,125,Wikimedia Pageviews API monthly per-article
lk_monaragala_yudaganawa_raja_maha_vihara,Yudaganawa Raja Maha Vihara,Yudaganawa,2024,11,120,Wikimedia Pageviews API monthly per-article
lk_monaragala_yudaganawa_raja_maha_vihara,Yudaganawa Raja Maha Vihara,Yudaganawa,2024,12,109,Wikimedia Pageviews API monthly per-article
lk_monaragala_yudaganawa_raja_maha_vihara,Yudaganawa Raja Maha Vihara,Yudaganawa,2025,1,102,Wikimedia Pageviews API monthly per-article
lk_monaragala_yudaganawa_raja_maha_vihara,Yudaganawa Raja Maha Vihara,Yudaganawa,2025,2,84,Wikimedia Pageviews API monthly per-article
lk_monaragala_yudaganawa_raja_maha_vihara,Yudaganawa Raja Maha Vihara,Yudaganawa,2025,3,126,Wikimedia Pageviews API monthly per-article
lk_monaragala_yudaganawa_raja_maha_vihara,Yudaganawa Raja Maha Vihara,Yudaganawa,2025,4,144,Wikimedia Pageviews API monthly per-article
lk_monaragala_yudaganawa_raja_maha_vihara,Yudaganawa Raja Maha Vihara,Yudaganawa,2025,5,125,Wikimedia Pageviews API monthly per-article
lk_monaragala_yudaganawa_raja_maha_vihara,Yudaganawa Raja Maha Vihara,Yudaganawa,2025,6,154,Wikimedia Pageviews API monthly per-article
lk_monaragala_yudaganawa_raja_maha_vihara,Yudaganawa Raja Maha Vihara,Yudaganawa,2025,7,122,Wikimedia Pageviews API monthly per-article
lk_monaragala_yudaganawa_raja_maha_vihara,Yudaganawa Raja Maha Vihara,Yudaganawa,2025,8,103,Wikimedia Pageviews API monthly per-article
lk_monaragala_yudaganawa_raja_maha_vihara,Yudaganawa Raja Maha Vihara,Yudaganawa,2025,9,229,Wikimedia Pageviews API monthly per-article
lk_monaragala_yudaganawa_raja_maha_vihara,Yudaganawa Raja Maha Vihara,Yudaganawa,2025,10,132,Wikimedia Pageviews API monthly per-article
lk_monaragala_yudaganawa_raja_maha_vihara,Yudaganawa Raja Maha Vihara,Yudaganawa,2025,11,107,Wikimedia Pageviews API monthly per-article
lk_monaragala_yudaganawa_raja_maha_vihara,Yudaganawa Raja Maha Vihara,Yudaganawa,2025,12,94,Wikimedia Pageviews API monthly per-article
lk_monaragala_yudaganawa_raja_maha_vihara,Yudaganawa Raja Maha Vihara,Yudaganawa,2026,1,0,Wikimedia Pageviews API monthly per-article
lk_mullaitivu_kokkilai_sanctuary,Kokkilai Sanctuary,Kokkilai_Sanctuary,2024,1,17,Wikimedia Pageviews API monthly per-article
lk_mullaitivu_kokkilai_sanctuary,Kokkilai Sanctuary,Kokkilai_Sanctuary,2024,2,26,Wikimedia Pageviews API monthly per-article
lk_mullaitivu_kokkilai_sanctuary,Kokkilai Sanctuary,Kokkilai_Sanctuary,2024,3,31,Wikimedia Pageviews API monthly per-article
lk_mullaitivu_kokkilai_sanctuary,Kokkilai Sanctuary,Kokkilai_Sanctuary,2024,4,17,Wikimedia Pageviews API monthly per-article
lk_mullaitivu_kokkilai_sanctuary,Kokkilai Sanctuary,Kokkilai_Sanctuary,2024,5,13,Wikimedia Pageviews API monthly per-article
lk_mullaitivu_kokkilai_sanctuary,Kokkilai Sanctuary,Kokkilai_Sanctuary,2024,6,17,Wikimedia Pageviews API monthly per-article
lk_mullaitivu_kokkilai_sanctuary,Kokkilai Sanctuary,Kokkilai_Sanctuary,2024,7,26,Wikimedia Pageviews API monthly per-article
lk_mullaitivu_kokkilai_sanctuary,Kokkilai Sanctuary,Kokkilai_Sanctuary,2024,8,23,Wikimedia Pageviews API monthly per-article
lk_mullaitivu_kokkilai_sanctuary,Kokkilai Sanctuary,Kokkilai_Sanctuary,2024,9,19,Wikimedia Pageviews API monthly per-article
lk_mullaitivu_kokkilai_sanctuary,Kokkilai Sanctuary,Kokkilai_Sanctuary,2024,10,31,Wikimedia Pageviews API monthly per-article
lk_mullaitivu_kokkilai_sanctuary,Kokkilai Sanctuary,Kokkilai_Sanctuary,2024,11,27,Wikimedia Pageviews API monthly per-article
lk_mullaitivu_kokkilai_sanctuary,Kokkilai Sanctuary,Kokkilai_Sanctuary,2024,12,28,Wikimedia Pageviews API monthly per-article
lk_mullaitivu_kokkilai_sanctuary,Kokkilai Sanctuary,Kokkilai_Sanctuary,2025,1,24,Wikimedia Pageviews API monthly per-article
lk_mullaitivu_kokkilai_sanctuary,Kokkilai Sanctuary,Kokkilai_Sanctuary,2025,2,16,Wikimedia Pageviews API monthly per-article
lk_mullaitivu_kokkilai_sanctuary,Kokkilai Sanctuary,Kokkilai_Sanctuary,2025,3,38,Wikimedia Pageviews API monthly per-article
lk_mullaitivu_kokkilai_sanctuary,Kokkilai Sanctuary,Kokkilai_Sanctuary,2025,4,28,Wikimedia Pageviews API monthly per-article
lk_mullaitivu_kokkilai_sanctuary,Kokkilai Sanctuary,Kokkilai_Sanctuary,2025,5,16,Wikimedia Pageviews API monthly per-article
lk_mullaitivu_kokkilai_sanctuary,Kokkilai Sanctuary,Kokkilai_Sanctuary,2025,6,19,Wikimedia Pageviews API monthly per-article
lk_mullaitivu_kokkilai_sanctuary,Kokkilai Sanctuary,Kokkilai_Sanctuary,2025,7,17,Wikimedia Pageviews API monthly per-article
lk_mullaitivu_kokkilai_sanctuary,Kokkilai Sanctuary,Kokkilai_Sanctuary,2025,8,34,Wikimedia Pageviews API monthly per-article
lk_mullaitivu_kokkilai_sanctuary,Kokkilai Sanctuary,Kokkilai_Sanctuary,2025,9,47,Wikimedia Pageviews API monthly per-article
lk_mullaitivu_kokkilai_sanctuary,Kokkilai Sanctuary,Kokkilai_Sanctuary,2025,10,34,Wikimedia Pageviews API monthly per-article
lk_mullaitivu_kokkilai_sanctuary,Kokkilai Sanctuary,Kokkilai_Sanctuary,2025,11,32,Wikimedia Pageviews API monthly per-article
lk_mullaitivu_kokkilai_sanctuary,Kokkilai Sanctuary,Kokkilai_Sanctuary,2025,12,28,Wikimedia Pageviews API monthly per-article
lk_mullaitivu_kokkilai_sanctuary,Kokkilai Sanctuary,Kokkilai_Sanctuary,2026,1,0,Wikimedia Pageviews API monthly per-article
lk_mullaitivu_mullaitivu_beach,Mullaitivu Beach,Mullaitivu,2024,1,1466,Wikimedia Pageviews API monthly per-article
lk_mullaitivu_mullaitivu_beach,Mullaitivu Beach,Mullaitivu,2024,2,1243,Wikimedia Pageviews API monthly per-article
lk_mullaitivu_mullaitivu_beach,Mullaitivu Beach,Mullaitivu,2024,3,1280,Wikimedia Pageviews API monthly per-article
lk_mullaitivu_mullaitivu_beach,Mullaitivu Beach,Mullaitivu,2024,4,1284,Wikimedia Pageviews API monthly per-article
lk_mullaitivu_mullaitivu_beach,Mullaitivu Beach,Mullaitivu,2024,5,1525,Wikimedia Pageviews API monthly per-article
lk_mullaitivu_mullaitivu_beach,Mullaitivu Beach,Mullaitivu,2024,6,1013,Wikimedia Pageviews API monthly per-article
lk_mullaitivu_mullaitivu_beach,Mullaitivu Beach,Mullaitivu,2024,7,961,Wikimedia Pageviews API monthly per-article
lk_mullaitivu_mullaitivu_beach,Mullaitivu Beach,Mullaitivu,2024,8,997,Wikimedia Pageviews API monthly per-article
lk_mullaitivu_mullaitivu_beach,Mullaitivu Beach,Mullaitivu,2024,9,1210,Wikimedia Pageviews API monthly per-article
lk_mullaitivu_mullaitivu_beach,Mullaitivu Beach,Mullaitivu,2024,10,1115,Wikimedia Pageviews API monthly per-article
lk_mullaitivu_mullaitivu_beach,Mullaitivu Beach,Mullaitivu,2024,11,1132,Wikimedia Pageviews API monthly per-article
lk_mullaitivu_mullaitivu_beach,Mullaitivu Beach,Mullaitivu,2024,12,1230,Wikimedia Pageviews API monthly per-article
lk_mullaitivu_mullaitivu_beach,Mullaitivu Beach,Mullaitivu,2025,1,1428,Wikimedia Pageviews API monthly per-article
lk_mullaitivu_mullaitivu_beach,Mullaitivu Beach,Mullaitivu,2025,2,989,Wikimedia Pageviews API monthly per-article
lk_mullaitivu_mullaitivu_beach,Mullaitivu Beach,Mullaitivu,2025,3,1272,Wikimedia Pageviews API monthly per-article
lk_mullaitivu_mullaitivu_beach,Mullaitivu Beach,Mullaitivu,2025,4,1310,Wikimedia Pageviews API monthly per-article
lk_mullaitivu_mullaitivu_beach,Mullaitivu Beach,Mullaitivu,2025,5,2122,Wikimedia Pageviews API monthly per-article
lk_mullaitivu_mullaitivu_beach,Mullaitivu Beach,Mullaitivu,2025,6,1265,Wikimedia Pageviews API monthly per-article
lk_mullaitivu_mullaitivu_beach,Mullaitivu Beach,Mullaitivu,2025,7,2337,Wikimedia Pageviews API monthly per-article
lk_mullaitivu_mullaitivu_beach,Mullaitivu Beach,Mullaitivu,2025,8,1513,Wikimedia Pageviews API monthly per-article
lk_mullaitivu_mullaitivu_beach,Mullaitivu Beach,Mullaitivu,2025,9,1425,Wikimedia Pageviews API monthly per-article
lk_mullaitivu_mullaitivu_beach,Mullaitivu Beach,Mullaitivu,2025,10,1249,Wikimedia Pageviews API monthly per-article
lk_mullaitivu_mullaitivu_beach,Mullaitivu Beach,Mullaitivu,2025,11,1309,Wikimedia Pageviews API monthly per-article
lk_mullaitivu_mullaitivu_beach,Mullaitivu Beach,Mullaitivu,2025,12,1202,Wikimedia Pageviews API monthly per-article
lk_mullaitivu_mullaitivu_beach,Mullaitivu Beach,Mullaitivu,2026,1,32,Wikimedia Pageviews API monthly per-article
lk_nuwara_eliya_horton_plains_national_park,Horton Plains National Park,Horton_Plains_National_Park,2024,1,5823,Wikimedia Pageviews API monthly per-article
lk_nuwara_eliya_horton_plains_national_park,Horton Plains National Park,Horton_Plains_National_Park,2024,2,4695,Wikimedia Pageviews API monthly per-article
lk_nuwara_eliya_horton_plains_national_park,Horton Plains National Park,Horton_Plains_National_Park,2024,3,4193,Wikimedia Pageviews API monthly per-article
lk_nuwara_eliya_horton_plains_national_park,Horton Plains National Park,Horton_Plains_National_Park,2024,4,4012,Wikimedia Pageviews API monthly per-article
lk_nuwara_eliya_horton_plains_national_park,Horton Plains National Park,Horton_Plains_National_Park,2024,5,3014,Wikimedia Pageviews API monthly per-article
lk_nuwara_eliya_horton_plains_national_park,Horton Plains National Park,Horton_Plains_National_Park,2024,6,2519,Wikimedia Pageviews API monthly per-article
lk_nuwara_eliya_horton_plains_national_park,Horton Plains National Park,Horton_Plains_National_Park,2024,7,3107,Wikimedia Pageviews API monthly per-article
lk_nuwara_eliya_horton_plains_national_park,Horton Plains National Park,Horton_Plains_National_Park,2024,8,3226,Wikimedia Pageviews API monthly per-article
lk_nuwara_eliya_horton_plains_national_park,Horton Plains National Park,Horton_Plains_National_Park,2024,9,3134,Wikimedia Pageviews API monthly per-article
lk_nuwara_eliya_horton_plains_national_park,Horton Plains National Park,Horton_Plains_National_Park,2024,10,2940,Wikimedia Pageviews API monthly per-article
lk_nuwara_eliya_horton_plains_national_park,Horton Plains National Park,Horton_Plains_National_Park,2024,11,2812,Wikimedia Pageviews API monthly per-article
lk_nuwara_eliya_horton_plains_national_park,Horton Plains National Park,Horton_Plains_National_Park,2024,12,3279,Wikimedia Pageviews API monthly per-article
lk_nuwara_eliya_horton_plains_national_park,Horton Plains National Park,Horton_Plains_National_Park,2025,1,3396,Wikimedia Pageviews API monthly per-article
lk_nuwara_eliya_horton_plains_national_park,Horton Plains National Park,Horton_Plains_National_Park,2025,2,2903,Wikimedia Pageviews API monthly per-article
lk_nuwara_eliya_horton_plains_national_park,Horton Plains National Park,Horton_Plains_National_Park,2025,3,2886,Wikimedia Pageviews API monthly per-article
lk_nuwara_eliya_horton_plains_national_park,Horton Plains National Park,Horton_Plains_National_Park,2025,4,2672,Wikimedia Pageviews API monthly per-article
lk_nuwara_eliya_horton_plains_national_park,Horton Plains National Park,Horton_Plains_National_Park,2025,5,2166,Wikimedia Pageviews API monthly per-article
lk_nuwara_eliya_horton_plains_national_park,Horton Plains National Park,Horton_Plains_National_Park,2025,6,1811,Wikimedia Pageviews API monthly per-article
lk_nuwara_eliya_horton_plains_national_park,Horton Plains National Park,Horton_Plains_National_Park,2025,7,2256,Wikimedia Pageviews API monthly per-article
lk_nuwara_eliya_horton_plains_national_park,Horton Plains National Park,Horton_Plains_National_Park,2025,8,2266,Wikimedia Pageviews API monthly per-article
lk_nuwara_eliya_horton_plains_national_park,Horton Plains National Park,Horton_Plains_National_Park,2025,9,2162,Wikimedia Pageviews API monthly per-article
lk_nuwara_eliya_horton_plains_national_park,Horton Plains National Park,Horton_Plains_National_Park,2025,10,4093,Wikimedia Pageviews API monthly per-article
lk_nuwara_eliya_horton_plains_national_park,Horton Plains National Park,Horton_Plains_National_Park,2025,11,2444,Wikimedia Pageviews API monthly per-article
lk_nuwara_eliya_horton_plains_national_park,Horton Plains National Park,Horton_Plains_National_Park,2025,12,1721,Wikimedia Pageviews API monthly per-article
lk_nuwara_eliya_horton_plains_national_park,Horton Plains National Park,Horton_Plains_National_Park,2026,1,42,Wikimedia Pageviews API monthly per-article
lk_nuwara_eliya_world_s_end,World's End,"World's_End,_Sri_Lanka",2024,1,2612,Wikimedia Pageviews API monthly per-article
lk_nuwara_eliya_world_s_end,World's End,"World's_End,_Sri_Lanka",2024,2,2083,Wikimedia Pageviews API monthly per-article
lk_nuwara_eliya_world_s_end,World's End,"World's_End,_Sri_Lanka",2024,3,2092,Wikimedia Pageviews API monthly per-article
lk_nuwara_eliya_world_s_end,World's End,"World's_End,_Sri_Lanka",2024,4,2250,Wikimedia Pageviews API monthly per-article
lk_nuwara_eliya_world_s_end,World's End,"World's_End,_Sri_Lanka",2024,5,1797,Wikimedia Pageviews API monthly per-article
lk_nuwara_eliya_world_s_end,World's End,"World's_End,_Sri_Lanka",2024,6,1402,Wikimedia Pageviews API monthly per-article
lk_nuwara_eliya_world_s_end,World's End,"World's_End,_Sri_Lanka",2024,7,1791,Wikimedia Pageviews API monthly per-article
lk_nuwara_eliya_world_s_end,World's End,"World's_End,_Sri_Lanka",2024,8,1964,Wikimedia Pageviews API monthly per-article
lk_nuwara_eliya_world_s_end,World's End,"World's_End,_Sri_Lanka",2024,9,1645,Wikimedia Pageviews API monthly per-article
lk_nuwara_eliya_world_s_end,World's End,"World's_End,_Sri_Lanka",2024,10,1602,Wikimedia Pageviews API monthly per-article
lk_nuwara_eliya_world_s_end,World's End,"World's_End,_Sri_Lanka",2024,11,1685,Wikimedia Pageviews API monthly per-article
lk_nuwara_eliya_world_s_end,World's End,"World's_End,_Sri_Lanka",2024,12,1761,Wikimedia Pageviews API monthly per-article
lk_nuwara_eliya_world_s_end,World's End,"World's_End,_Sri_Lanka",2025,1,1642,Wikimedia Pageviews API monthly per-article
lk_nuwara_eliya_world_s_end,World's End,"World's_End,_Sri_Lanka",2025,2,1462,Wikimedia Pageviews API monthly per-article
lk_nuwara_eliya_world_s_end,World's End,"World's_End,_Sri_Lanka",2025,3,1427,Wikimedia Pageviews API monthly per-article
lk_nuwara_eliya_world_s_end,World's End,"World's_End,_Sri_Lanka",2025,4,1261,Wikimedia Pageviews API monthly per-article
lk_nuwara_eliya_world_s_end,World's End,"World's_End,_Sri_Lanka",2025,5,1086,Wikimedia Pageviews API monthly per-article
lk_nuwara_eliya_world_s_end,World's End,"World's_End,_Sri_Lanka",2025,6,1052,Wikimedia Pageviews API monthly per-article
lk_nuwara_eliya_world_s_end,World's End,"World's_End,_Sri_Lanka",2025,7,1281,Wikimedia Pageviews API monthly per-article
lk_nuwara_eliya_world_s_end,World's End,"World's_End,_Sri_Lanka",2025,8,1579,Wikimedia Pageviews API monthly per-article
lk_nuwara_eliya_world_s_end,World's End,"World's_End,_Sri_Lanka",2025,9,1187,Wikimedia Pageviews API monthly per-article
lk_nuwara_eliya_world_s_end,World's End,"World's_End,_Sri_Lanka",2025,10,1418,Wikimedia Pageviews API monthly per-article
lk_nuwara_eliya_world_s_end,World's End,"World's_End,_Sri_Lanka",2025,11,1137,Wikimedia Pageviews API monthly per-article
lk_nuwara_eliya_world_s_end,World's End,"World's_End,_Sri_Lanka",2025,12,780,Wikimedia Pageviews API monthly per-article
lk_nuwara_eliya_world_s_end,World's End,"World's_End,_Sri_Lanka",2026,1,46,Wikimedia Pageviews API monthly per-article
lk_nuwara_eliya_aberdeen_falls,Aberdeen Falls,Aberdeen_Falls,2024,1,1168,Wikimedia Pageviews API monthly per-article
lk_nuwara_eliya_aberdeen_falls,Aberdeen Falls,Aberdeen_Falls,2024,2,844,Wikimedia Pageviews API monthly per-article
lk_nuwara_eliya_aberdeen_falls,Aberdeen Falls,Aberdeen_Falls,2024,3,708,Wikimedia Pageviews API monthly per-article
lk_nuwara_eliya_aberdeen_falls,Aberdeen Falls,Aberdeen_Falls,2024,4,901,Wikimedia Pageviews API monthly per-article
lk_nuwara_eliya_aberdeen_falls,Aberdeen Falls,Aberdeen_Falls,2024,5,348,Wikimedia Pageviews API monthly per-article
lk_nuwara_eliya_aberdeen_falls,Aberdeen Falls,Aberdeen_Falls,2024,6,210,Wikimedia Pageviews API monthly per-article
lk_nuwara_eliya_aberdeen_falls,Aberdeen Falls,Aberdeen_Falls,2024,7,226,Wikimedia Pageviews API monthly per-article
lk_nuwara_eliya_aberdeen_falls,Aberdeen Falls,Aberdeen_Falls,2024,8,280,Wikimedia Pageviews API monthly per-article
lk_nuwara_eliya_aberdeen_falls,Aberdeen Falls,Aberdeen_Falls,2024,9,255,Wikimedia Pageviews API monthly per-article
lk_nuwara_eliya_aberdeen_falls,Aberdeen Falls,Aberdeen_Falls,2024,10,204,Wikimedia Pageviews API monthly per-article
lk_nuwara_eliya_aberdeen_falls,Aberdeen Falls,Aberdeen_Falls,2024,11,192,Wikimedia Pageviews API monthly per-article
lk_nuwara_eliya_aberdeen_falls,Aberdeen Falls,Aberdeen_Falls,2024,12,222,Wikimedia Pageviews API monthly per-article
lk_nuwara_eliya_aberdeen_falls,Aberdeen Falls,Aberdeen_Falls,2025,1,189,Wikimedia Pageviews API monthly per-article
lk_nuwara_eliya_aberdeen_falls,Aberdeen Falls,Aberdeen_Falls,2025,2,212,Wikimedia Pageviews API monthly per-article
lk_nuwara_eliya_aberdeen_falls,Aberdeen Falls,Aberdeen_Falls,2025,3,230,Wikimedia Pageviews API monthly per-article
lk_nuwara_eliya_aberdeen_falls,Aberdeen Falls,Aberdeen_Falls,2025,4,240,Wikimedia Pageviews API monthly per-article
lk_nuwara_eliya_aberdeen_falls,Aberdeen Falls,Aberdeen_Falls,2025,5,167,Wikimedia Pageviews API monthly per-article
lk_nuwara_eliya_aberdeen_falls,Aberdeen Falls,Aberdeen_Falls,2025,6,196,Wikimedia Pageviews API monthly per-article
lk_nuwara_eliya_aberdeen_falls,Aberdeen Falls,Aberdeen_Falls,2025,7,187,Wikimedia Pageviews API monthly per-article
lk_nuwara_eliya_aberdeen_falls,Aberdeen Falls,Aberdeen_Falls,2025,8,210,Wikimedia Pageviews API monthly per-article
lk_nuwara_eliya_aberdeen_falls,Aberdeen Falls,Aberdeen_Falls,2025,9,192,Wikimedia Pageviews API monthly per-article
lk_nuwara_eliya_aberdeen_falls,Aberdeen Falls,Aberdeen_Falls,2025,10,220,Wikimedia Pageviews API monthly per-article
lk_nuwara_eliya_aberdeen_falls,Aberdeen Falls,Aberdeen_Falls,2025,11,212,Wikimedia Pageviews API monthly per-article
lk_nuwara_eliya_aberdeen_falls,Aberdeen Falls,Aberdeen_Falls,2025,12,113,Wikimedia Pageviews API monthly per-article
lk_nuwara_eliya_aberdeen_falls,Aberdeen Falls,Aberdeen_Falls,2026,1,6,Wikimedia Pageviews API monthly per-article
lk_nuwara_eliya_baker_s_falls,Baker's Falls,Baker's_Falls,2024,1,368,Wikimedia Pageviews API monthly per-article
lk_nuwara_eliya_baker_s_falls,Baker's Falls,Baker's_Falls,2024,2,475,Wikimedia Pageviews API monthly per-article
lk_nuwara_eliya_baker_s_falls,Baker's Falls,Baker's_Falls,2024,3,365,Wikimedia Pageviews API monthly per-article
lk_nuwara_eliya_baker_s_falls,Baker's Falls,Baker's_Falls,2024,4,326,Wikimedia Pageviews API monthly per-article
lk_nuwara_eliya_baker_s_falls,Baker's Falls,Baker's_Falls,2024,5,327,Wikimedia Pageviews API monthly per-article
lk_nuwara_eliya_baker_s_falls,Baker's Falls,Baker's_Falls,2024,6,216,Wikimedia Pageviews API monthly per-article
lk_nuwara_eliya_baker_s_falls,Baker's Falls,Baker's_Falls,2024,7,260,Wikimedia Pageviews API monthly per-article
lk_nuwara_eliya_baker_s_falls,Baker's Falls,Baker's_Falls,2024,8,361,Wikimedia Pageviews API monthly per-article
lk_nuwara_eliya_baker_s_falls,Baker's Falls,Baker's_Falls,2024,9,288,Wikimedia Pageviews API monthly per-article
lk_nuwara_eliya_baker_s_falls,Baker's Falls,Baker's_Falls,2024,10,268,Wikimedia Pageviews API monthly per-article
lk_nuwara_eliya_baker_s_falls,Baker's Falls,Baker's_Falls,2024,11,273,Wikimedia Pageviews API monthly per-article
lk_nuwara_eliya_baker_s_falls,Baker's Falls,Baker's_Falls,2024,12,260,Wikimedia Pageviews API monthly per-article
lk_nuwara_eliya_baker_s_falls,Baker's Falls,Baker's_Falls,2025,1,295,Wikimedia Pageviews API monthly per-article
lk_nuwara_eliya_baker_s_falls,Baker's Falls,Baker's_Falls,2025,2,400,Wikimedia Pageviews API monthly per-article
lk_nuwara_eliya_baker_s_falls,Baker's Falls,Baker's_Falls,2025,3,268,Wikimedia Pageviews API monthly per-article
lk_nuwara_eliya_baker_s_falls,Baker's Falls,Baker's_Falls,2025,4,216,Wikimedia Pageviews API monthly per-article
lk_nuwara_eliya_baker_s_falls,Baker's Falls,Baker's_Falls,2025,5,194,Wikimedia Pageviews API monthly per-article
lk_nuwara_eliya_baker_s_falls,Baker's Falls,Baker's_Falls,2025,6,186,Wikimedia Pageviews API monthly per-article
lk_nuwara_eliya_baker_s_falls,Baker's Falls,Baker's_Falls,2025,7,201,Wikimedia Pageviews API monthly per-article
lk_nuwara_eliya_baker_s_falls,Baker's Falls,Baker's_Falls,2025,8,196,Wikimedia Pageviews API monthly per-article
lk_nuwara_eliya_baker_s_falls,Baker's Falls,Baker's_Falls,2025,9,223,Wikimedia Pageviews API monthly per-article
lk_nuwara_eliya_baker_s_falls,Baker's Falls,Baker's_Falls,2025,10,331,Wikimedia Pageviews API monthly per-article
lk_nuwara_eliya_baker_s_falls,Baker's Falls,Baker's_Falls,2025,11,290,Wikimedia Pageviews API monthly per-article
lk_nuwara_eliya_baker_s_falls,Baker's Falls,Baker's_Falls,2025,12,169,Wikimedia Pageviews API monthly per-article
lk_nuwara_eliya_baker_s_falls,Baker's Falls,Baker's_Falls,2026,1,9,Wikimedia Pageviews API monthly per-article
lk_nuwara_eliya_bomburu_ella,Bomburu Ella,Bomburu_Ella,2024,1,1156,Wikimedia Pageviews API monthly per-article
lk_nuwara_eliya_bomburu_ella,Bomburu Ella,Bomburu_Ella,2024,2,1060,Wikimedia Pageviews API monthly per-article
lk_nuwara_eliya_bomburu_ella,Bomburu Ella,Bomburu_Ella,2024,3,862,Wikimedia Pageviews API monthly per-article
lk_nuwara_eliya_bomburu_ella,Bomburu Ella,Bomburu_Ella,2024,4,1198,Wikimedia Pageviews API monthly per-article
lk_nuwara_eliya_bomburu_ella,Bomburu Ella,Bomburu_Ella,2024,5,618,Wikimedia Pageviews API monthly per-article
lk_nuwara_eliya_bomburu_ella,Bomburu Ella,Bomburu_Ella,2024,6,271,Wikimedia Pageviews API monthly per-article
lk_nuwara_eliya_bomburu_ella,Bomburu Ella,Bomburu_Ella,2024,7,331,Wikimedia Pageviews API monthly per-article
lk_nuwara_eliya_bomburu_ella,Bomburu Ella,Bomburu_Ella,2024,8,379,Wikimedia Pageviews API monthly per-article
lk_nuwara_eliya_bomburu_ella,Bomburu Ella,Bomburu_Ella,2024,9,273,Wikimedia Pageviews API monthly per-article
lk_nuwara_eliya_bomburu_ella,Bomburu Ella,Bomburu_Ella,2024,10,218,Wikimedia Pageviews API monthly per-article
lk_nuwara_eliya_bomburu_ella,Bomburu Ella,Bomburu_Ella,2024,11,311,Wikimedia Pageviews API monthly per-article
lk_nuwara_eliya_bomburu_ella,Bomburu Ella,Bomburu_Ella,2024,12,413,Wikimedia Pageviews API monthly per-article
lk_nuwara_eliya_bomburu_ella,Bomburu Ella,Bomburu_Ella,2025,1,380,Wikimedia Pageviews API monthly per-article
lk_nuwara_eliya_bomburu_ella,Bomburu Ella,Bomburu_Ella,2025,2,321,Wikimedia Pageviews API monthly per-article
lk_nuwara_eliya_bomburu_ella,Bomburu Ella,Bomburu_Ella,2025,3,418,Wikimedia Pageviews API monthly per-article
lk_nuwara_eliya_bomburu_ella,Bomburu Ella,Bomburu_Ella,2025,4,417,Wikimedia Pageviews API monthly per-article
lk_nuwara_eliya_bomburu_ella,Bomburu Ella,Bomburu_Ella,2025,5,395,Wikimedia Pageviews API monthly per-article
lk_nuwara_eliya_bomburu_ella,Bomburu Ella,Bomburu_Ella,2025,6,305,Wikimedia Pageviews API monthly per-article
lk_nuwara_eliya_bomburu_ella,Bomburu Ella,Bomburu_Ella,2025,7,348,Wikimedia Pageviews API monthly per-article
lk_nuwara_eliya_bomburu_ella,Bomburu Ella,Bomburu_Ella,2025,8,353,Wikimedia Pageviews API monthly per-article
lk_nuwara_eliya_bomburu_ella,Bomburu Ella,Bomburu_Ella,2025,9,314,Wikimedia Pageviews API monthly per-article
lk_nuwara_eliya_bomburu_ella,Bomburu Ella,Bomburu_Ella,2025,10,331,Wikimedia Pageviews API monthly per-article
lk_nuwara_eliya_bomburu_ella,Bomburu Ella,Bomburu_Ella,2025,11,335,Wikimedia Pageviews API monthly per-article
lk_nuwara_eliya_bomburu_ella,Bomburu Ella,Bomburu_Ella,2025,12,150,Wikimedia Pageviews API monthly per-article
lk_nuwara_eliya_bomburu_ella,Bomburu Ella,Bomburu_Ella,2026,1,2,Wikimedia Pageviews API monthly per-article
lk_nuwara_eliya_hakgala_botanical_garden,Hakgala Botanical Garden,Hakgala_Botanical_Garden,2024,1,2022,Wikimedia Pageviews API monthly per-article
lk_nuwara_eliya_hakgala_botanical_garden,Hakgala Botanical Garden,Hakgala_Botanical_Garden,2024,2,1480,Wikimedia Pageviews API monthly per-article
lk_nuwara_eliya_hakgala_botanical_garden,Hakgala Botanical Garden,Hakgala_Botanical_Garden,2024,3,1368,Wikimedia Pageviews API monthly per-article
lk_nuwara_eliya_hakgala_botanical_garden,Hakgala Botanical Garden,Hakgala_Botanical_Garden,2024,4,2076,Wikimedia Pageviews API monthly per-article
lk_nuwara_eliya_hakgala_botanical_garden,Hakgala Botanical Garden,Hakgala_Botanical_Garden,2024,5,1461,Wikimedia Pageviews API monthly per-article
lk_nuwara_eliya_hakgala_botanical_garden,Hakgala Botanical Garden,Hakgala_Botanical_Garden,2024,6,1280,Wikimedia Pageviews API monthly per-article
lk_nuwara_eliya_hakgala_botanical_garden,Hakgala Botanical Garden,Hakgala_Botanical_Garden,2024,7,1534,Wikimedia Pageviews API monthly per-article
lk_nuwara_eliya_hakgala_botanical_garden,Hakgala Botanical Garden,Hakgala_Botanical_Garden,2024,8,1406,Wikimedia Pageviews API monthly per-article
lk_nuwara_eliya_hakgala_botanical_garden,Hakgala Botanical Garden,Hakgala_Botanical_Garden,2024,9,1189,Wikimedia Pageviews API monthly per-article
lk_nuwara_eliya_hakgala_botanical_garden,Hakgala Botanical Garden,Hakgala_Botanical_Garden,2024,10,1218,Wikimedia Pageviews API monthly per-article
lk_nuwara_eliya_hakgala_botanical_garden,Hakgala Botanical Garden,Hakgala_Botanical_Garden,2024,11,1296,Wikimedia Pageviews API monthly per-article
lk_nuwara_eliya_hakgala_botanical_garden,Hakgala Botanical Garden,Hakgala_Botanical_Garden,2024,12,1149,Wikimedia Pageviews API monthly per-article
lk_nuwara_eliya_hakgala_botanical_garden,Hakgala Botanical Garden,Hakgala_Botanical_Garden,2025,1,1117,Wikimedia Pageviews API monthly per-article
lk_nuwara_eliya_hakgala_botanical_garden,Hakgala Botanical Garden,Hakgala_Botanical_Garden,2025,2,837,Wikimedia Pageviews API monthly per-article
lk_nuwara_eliya_hakgala_botanical_garden,Hakgala Botanical Garden,Hakgala_Botanical_Garden,2025,3,999,Wikimedia Pageviews API monthly per-article
lk_nuwara_eliya_hakgala_botanical_garden,Hakgala Botanical Garden,Hakgala_Botanical_Garden,2025,4,978,Wikimedia Pageviews API monthly per-article
lk_nuwara_eliya_hakgala_botanical_garden,Hakgala Botanical Garden,Hakgala_Botanical_Garden,2025,5,1157,Wikimedia Pageviews API monthly per-article
lk_nuwara_eliya_hakgala_botanical_garden,Hakgala Botanical Garden,Hakgala_Botanical_Garden,2025,6,927,Wikimedia Pageviews API monthly per-article
lk_nuwara_eliya_hakgala_botanical_garden,Hakgala Botanical Garden,Hakgala_Botanical_Garden,2025,7,970,Wikimedia Pageviews API monthly per-article
lk_nuwara_eliya_hakgala_botanical_garden,Hakgala Botanical Garden,Hakgala_Botanical_Garden,2025,8,721,Wikimedia Pageviews API monthly per-article
lk_nuwara_eliya_hakgala_botanical_garden,Hakgala Botanical Garden,Hakgala_Botanical_Garden,2025,9,664,Wikimedia Pageviews API monthly per-article
lk_nuwara_eliya_hakgala_botanical_garden,Hakgala Botanical Garden,Hakgala_Botanical_Garden,2025,10,770,Wikimedia Pageviews API monthly per-article
lk_nuwara_eliya_hakgala_botanical_garden,Hakgala Botanical Garden,Hakgala_Botanical_Garden,2025,11,638,Wikimedia Pageviews API monthly per-article
lk_nuwara_eliya_hakgala_botanical_garden,Hakgala Botanical Garden,Hakgala_Botanical_Garden,2025,12,504,Wikimedia Pageviews API monthly per-article
lk_nuwara_eliya_hakgala_botanical_garden,Hakgala Botanical Garden,Hakgala_Botanical_Garden,2026,1,11,Wikimedia Pageviews API monthly per-article
lk_nuwara_eliya_pidurutalagala,Pidurutalagala,Pidurutalagala,2024,1,2713,Wikimedia Pageviews API monthly per-article
lk_nuwara_eliya_pidurutalagala,Pidurutalagala,Pidurutalagala,2024,2,2490,Wikimedia Pageviews API monthly per-article
lk_nuwara_eliya_pidurutalagala,Pidurutalagala,Pidurutalagala,2024,3,2485,Wikimedia Pageviews API monthly per-article
lk_nuwara_eliya_pidurutalagala,Pidurutalagala,Pidurutalagala,2024,4,2507,Wikimedia Pageviews API monthly per-article
lk_nuwara_eliya_pidurutalagala,Pidurutalagala,Pidurutalagala,2024,5,2180,Wikimedia Pageviews API monthly per-article
lk_nuwara_eliya_pidurutalagala,Pidurutalagala,Pidurutalagala,2024,6,1680,Wikimedia Pageviews API monthly per-article
lk_nuwara_eliya_pidurutalagala,Pidurutalagala,Pidurutalagala,2024,7,2169,Wikimedia Pageviews API monthly per-article
lk_nuwara_eliya_pidurutalagala,Pidurutalagala,Pidurutalagala,2024,8,2227,Wikimedia Pageviews API monthly per-article
lk_nuwara_eliya_pidurutalagala,Pidurutalagala,Pidurutalagala,2024,9,1860,Wikimedia Pageviews API monthly per-article
lk_nuwara_eliya_pidurutalagala,Pidurutalagala,Pidurutalagala,2024,10,1893,Wikimedia Pageviews API monthly per-article
lk_nuwara_eliya_pidurutalagala,Pidurutalagala,Pidurutalagala,2024,11,2046,Wikimedia Pageviews API monthly per-article
lk_nuwara_eliya_pidurutalagala,Pidurutalagala,Pidurutalagala,2024,12,2142,Wikimedia Pageviews API monthly per-article
lk_nuwara_eliya_pidurutalagala,Pidurutalagala,Pidurutalagala,2025,1,2470,Wikimedia Pageviews API monthly per-article
lk_nuwara_eliya_pidurutalagala,Pidurutalagala,Pidurutalagala,2025,2,1935,Wikimedia Pageviews API monthly per-article
lk_nuwara_eliya_pidurutalagala,Pidurutalagala,Pidurutalagala,2025,3,1968,Wikimedia Pageviews API monthly per-article
lk_nuwara_eliya_pidurutalagala,Pidurutalagala,Pidurutalagala,2025,4,1944,Wikimedia Pageviews API monthly per-article
lk_nuwara_eliya_pidurutalagala,Pidurutalagala,Pidurutalagala,2025,5,1754,Wikimedia Pageviews API monthly per-article
lk_nuwara_eliya_pidurutalagala,Pidurutalagala,Pidurutalagala,2025,6,1753,Wikimedia Pageviews API monthly per-article
lk_nuwara_eliya_pidurutalagala,Pidurutalagala,Pidurutalagala,2025,7,2125,Wikimedia Pageviews API monthly per-article
lk_nuwara_eliya_pidurutalagala,Pidurutalagala,Pidurutalagala,2025,8,1956,Wikimedia Pageviews API monthly per-article
lk_nuwara_eliya_pidurutalagala,Pidurutalagala,Pidurutalagala,2025,9,1737,Wikimedia Pageviews API monthly per-article
lk_nuwara_eliya_pidurutalagala,Pidurutalagala,Pidurutalagala,2025,10,1686,Wikimedia Pageviews API monthly per-article
lk_nuwara_eliya_pidurutalagala,Pidurutalagala,Pidurutalagala,2025,11,1679,Wikimedia Pageviews API monthly per-article
lk_nuwara_eliya_pidurutalagala,Pidurutalagala,Pidurutalagala,2025,12,1602,Wikimedia Pageviews API monthly per-article
lk_nuwara_eliya_pidurutalagala,Pidurutalagala,Pidurutalagala,2026,1,37,Wikimedia Pageviews API monthly per-article
lk_nuwara_eliya_ramboda_falls,Ramboda Falls,Ramboda_Falls,2024,1,944,Wikimedia Pageviews API monthly per-article
lk_nuwara_eliya_ramboda_falls,Ramboda Falls,Ramboda_Falls,2024,2,845,Wikimedia Pageviews API monthly per-article
lk_nuwara_eliya_ramboda_falls,Ramboda Falls,Ramboda_Falls,2024,3,823,Wikimedia Pageviews API monthly per-article
lk_nuwara_eliya_ramboda_falls,Ramboda Falls,Ramboda_Falls,2024,4,647,Wikimedia Pageviews API monthly per-article
lk_nuwara_eliya_ramboda_falls,Ramboda Falls,Ramboda_Falls,2024,5,395,Wikimedia Pageviews API monthly per-article
lk_nuwara_eliya_ramboda_falls,Ramboda Falls,Ramboda_Falls,2024,6,276,Wikimedia Pageviews API monthly per-article
lk_nuwara_eliya_ramboda_falls,Ramboda Falls,Ramboda_Falls,2024,7,410,Wikimedia Pageviews API monthly per-article
lk_nuwara_eliya_ramboda_falls,Ramboda Falls,Ramboda_Falls,2024,8,478,Wikimedia Pageviews API monthly per-article
lk_nuwara_eliya_ramboda_falls,Ramboda Falls,Ramboda_Falls,2024,9,364,Wikimedia Pageviews API monthly per-article
lk_nuwara_eliya_ramboda_falls,Ramboda Falls,Ramboda_Falls,2024,10,384,Wikimedia Pageviews API monthly per-article
lk_nuwara_eliya_ramboda_falls,Ramboda Falls,Ramboda_Falls,2024,11,442,Wikimedia Pageviews API monthly per-article
lk_nuwara_eliya_ramboda_falls,Ramboda Falls,Ramboda_Falls,2024,12,554,Wikimedia Pageviews API monthly per-article
lk_nuwara_eliya_ramboda_falls,Ramboda Falls,Ramboda_Falls,2025,1,607,Wikimedia Pageviews API monthly per-article
lk_nuwara_eliya_ramboda_falls,Ramboda Falls,Ramboda_Falls,2025,2,552,Wikimedia Pageviews API monthly per-article
lk_nuwara_eliya_ramboda_falls,Ramboda Falls,Ramboda_Falls,2025,3,556,Wikimedia Pageviews API monthly per-article
lk_nuwara_eliya_ramboda_falls,Ramboda Falls,Ramboda_Falls,2025,4,415,Wikimedia Pageviews API monthly per-article
lk_nuwara_eliya_ramboda_falls,Ramboda Falls,Ramboda_Falls,2025,5,427,Wikimedia Pageviews API monthly per-article
lk_nuwara_eliya_ramboda_falls,Ramboda Falls,Ramboda_Falls,2025,6,419,Wikimedia Pageviews API monthly per-article
lk_nuwara_eliya_ramboda_falls,Ramboda Falls,Ramboda_Falls,2025,7,408,Wikimedia Pageviews API monthly per-article
lk_nuwara_eliya_ramboda_falls,Ramboda Falls,Ramboda_Falls,2025,8,425,Wikimedia Pageviews API monthly per-article
lk_nuwara_eliya_ramboda_falls,Ramboda Falls,Ramboda_Falls,2025,9,449,Wikimedia Pageviews API monthly per-article
lk_nuwara_eliya_ramboda_falls,Ramboda Falls,Ramboda_Falls,2025,10,419,Wikimedia Pageviews API monthly per-article
lk_nuwara_eliya_ramboda_falls,Ramboda Falls,Ramboda_Falls,2025,11,439,Wikimedia Pageviews API monthly per-article
lk_nuwara_eliya_ramboda_falls,Ramboda Falls,Ramboda_Falls,2025,12,321,Wikimedia Pageviews API monthly per-article
lk_nuwara_eliya_ramboda_falls,Ramboda Falls,Ramboda_Falls,2026,1,6,Wikimedia Pageviews API monthly per-article
lk_nuwara_eliya_seetha_amman_temple,Seetha Amman Temple,Seetha_Amman_Temple,2024,1,3638,Wikimedia Pageviews API monthly per-article
lk_nuwara_eliya_seetha_amman_temple,Seetha Amman Temple,Seetha_Amman_Temple,2024,2,2261,Wikimedia Pageviews API monthly per-article
lk_nuwara_eliya_seetha_amman_temple,Seetha Amman Temple,Seetha_Amman_Temple,2024,3,2012,Wikimedia Pageviews API monthly per-article
lk_nuwara_eliya_seetha_amman_temple,Seetha Amman Temple,Seetha_Amman_Temple,2024,4,2100,Wikimedia Pageviews API monthly per-article
lk_nuwara_eliya_seetha_amman_temple,Seetha Amman Temple,Seetha_Amman_Temple,2024,5,2506,Wikimedia Pageviews API monthly per-article
lk_nuwara_eliya_seetha_amman_temple,Seetha Amman Temple,Seetha_Amman_Temple,2024,6,1482,Wikimedia Pageviews API monthly per-article
lk_nuwara_eliya_seetha_amman_temple,Seetha Amman Temple,Seetha_Amman_Temple,2024,7,1583,Wikimedia Pageviews API monthly per-article
lk_nuwara_eliya_seetha_amman_temple,Seetha Amman Temple,Seetha_Amman_Temple,2024,8,2051,Wikimedia Pageviews API monthly per-article
lk_nuwara_eliya_seetha_amman_temple,Seetha Amman Temple,Seetha_Amman_Temple,2024,9,1928,Wikimedia Pageviews API monthly per-article
lk_nuwara_eliya_seetha_amman_temple,Seetha Amman Temple,Seetha_Amman_Temple,2024,10,2586,Wikimedia Pageviews API monthly per-article
lk_nuwara_eliya_seetha_amman_temple,Seetha Amman Temple,Seetha_Amman_Temple,2024,11,3040,Wikimedia Pageviews API monthly per-article
lk_nuwara_eliya_seetha_amman_temple,Seetha Amman Temple,Seetha_Amman_Temple,2024,12,3152,Wikimedia Pageviews API monthly per-article
lk_nuwara_eliya_seetha_amman_temple,Seetha Amman Temple,Seetha_Amman_Temple,2025,1,3213,Wikimedia Pageviews API monthly per-article
lk_nuwara_eliya_seetha_amman_temple,Seetha Amman Temple,Seetha_Amman_Temple,2025,2,1910,Wikimedia Pageviews API monthly per-article
lk_nuwara_eliya_seetha_amman_temple,Seetha Amman Temple,Seetha_Amman_Temple,2025,3,2239,Wikimedia Pageviews API monthly per-article
lk_nuwara_eliya_seetha_amman_temple,Seetha Amman Temple,Seetha_Amman_Temple,2025,4,2157,Wikimedia Pageviews API monthly per-article
lk_nuwara_eliya_seetha_amman_temple,Seetha Amman Temple,Seetha_Amman_Temple,2025,5,1720,Wikimedia Pageviews API monthly per-article
lk_nuwara_eliya_seetha_amman_temple,Seetha Amman Temple,Seetha_Amman_Temple,2025,6,1599,Wikimedia Pageviews API monthly per-article
lk_nuwara_eliya_seetha_amman_temple,Seetha Amman Temple,Seetha_Amman_Temple,2025,7,1775,Wikimedia Pageviews API monthly per-article
lk_nuwara_eliya_seetha_amman_temple,Seetha Amman Temple,Seetha_Amman_Temple,2025,8,2006,Wikimedia Pageviews API monthly per-article
lk_nuwara_eliya_seetha_amman_temple,Seetha Amman Temple,Seetha_Amman_Temple,2025,9,1765,Wikimedia Pageviews API monthly per-article
lk_nuwara_eliya_seetha_amman_temple,Seetha Amman Temple,Seetha_Amman_Temple,2025,10,2082,Wikimedia Pageviews API monthly per-article
lk_nuwara_eliya_seetha_amman_temple,Seetha Amman Temple,Seetha_Amman_Temple,2025,11,1920,Wikimedia Pageviews API monthly per-article
lk_nuwara_eliya_seetha_amman_temple,Seetha Amman Temple,Seetha_Amman_Temple,2025,12,1758,Wikimedia Pageviews API monthly per-article
lk_nuwara_eliya_seetha_amman_temple,Seetha Amman Temple,Seetha_Amman_Temple,2026,1,47,Wikimedia Pageviews API monthly per-article
lk_nuwara_eliya_st_clair_s_falls,St Clair's Falls,St._Clair's_Falls,2024,1,561,Wikimedia Pageviews API monthly per-article
lk_nuwara_eliya_st_clair_s_falls,St Clair's Falls,St._Clair's_Falls,2024,2,483,Wikimedia Pageviews API monthly per-article
lk_nuwara_eliya_st_clair_s_falls,St Clair's Falls,St._Clair's_Falls,2024,3,471,Wikimedia Pageviews API monthly per-article
lk_nuwara_eliya_st_clair_s_falls,St Clair's Falls,St._Clair's_Falls,2024,4,520,Wikimedia Pageviews API monthly per-article
lk_nuwara_eliya_st_clair_s_falls,St Clair's Falls,St._Clair's_Falls,2024,5,366,Wikimedia Pageviews API monthly per-article
lk_nuwara_eliya_st_clair_s_falls,St Clair's Falls,St._Clair's_Falls,2024,6,299,Wikimedia Pageviews API monthly per-article
lk_nuwara_eliya_st_clair_s_falls,St Clair's Falls,St._Clair's_Falls,2024,7,293,Wikimedia Pageviews API monthly per-article
lk_nuwara_eliya_st_clair_s_falls,St Clair's Falls,St._Clair's_Falls,2024,8,387,Wikimedia Pageviews API monthly per-article
lk_nuwara_eliya_st_clair_s_falls,St Clair's Falls,St._Clair's_Falls,2024,9,343,Wikimedia Pageviews API monthly per-article
lk_nuwara_eliya_st_clair_s_falls,St Clair's Falls,St._Clair's_Falls,2024,10,283,Wikimedia Pageviews API monthly per-article
lk_nuwara_eliya_st_clair_s_falls,St Clair's Falls,St._Clair's_Falls,2024,11,296,Wikimedia Pageviews API monthly per-article
lk_nuwara_eliya_st_clair_s_falls,St Clair's Falls,St._Clair's_Falls,2024,12,404,Wikimedia Pageviews API monthly per-article
lk_nuwara_eliya_st_clair_s_falls,St Clair's Falls,St._Clair's_Falls,2025,1,392,Wikimedia Pageviews API monthly per-article
lk_nuwara_eliya_st_clair_s_falls,St Clair's Falls,St._Clair's_Falls,2025,2,364,Wikimedia Pageviews API monthly per-article
lk_nuwara_eliya_st_clair_s_falls,St Clair's Falls,St._Clair's_Falls,2025,3,315,Wikimedia Pageviews API monthly per-article
lk_nuwara_eliya_st_clair_s_falls,St Clair's Falls,St._Clair's_Falls,2025,4,251,Wikimedia Pageviews API monthly per-article
lk_nuwara_eliya_st_clair_s_falls,St Clair's Falls,St._Clair's_Falls,2025,5,254,Wikimedia Pageviews API monthly per-article
lk_nuwara_eliya_st_clair_s_falls,St Clair's Falls,St._Clair's_Falls,2025,6,209,Wikimedia Pageviews API monthly per-article
lk_nuwara_eliya_st_clair_s_falls,St Clair's Falls,St._Clair's_Falls,2025,7,281,Wikimedia Pageviews API monthly per-article
lk_nuwara_eliya_st_clair_s_falls,St Clair's Falls,St._Clair's_Falls,2025,8,285,Wikimedia Pageviews API monthly per-article
lk_nuwara_eliya_st_clair_s_falls,St Clair's Falls,St._Clair's_Falls,2025,9,258,Wikimedia Pageviews API monthly per-article
lk_nuwara_eliya_st_clair_s_falls,St Clair's Falls,St._Clair's_Falls,2025,10,286,Wikimedia Pageviews API monthly per-article
lk_nuwara_eliya_st_clair_s_falls,St Clair's Falls,St._Clair's_Falls,2025,11,338,Wikimedia Pageviews API monthly per-article
lk_nuwara_eliya_st_clair_s_falls,St Clair's Falls,St._Clair's_Falls,2025,12,245,Wikimedia Pageviews API monthly per-article
lk_nuwara_eliya_st_clair_s_falls,St Clair's Falls,St._Clair's_Falls,2026,1,9,Wikimedia Pageviews API monthly per-article
lk_nuwara_eliya_ambewela_farm,Ambewela Farm,Ambewela_Farm,2024,1,1,Wikimedia Pageviews API monthly per-article
lk_nuwara_eliya_ambewela_farm,Ambewela Farm,Ambewela_Farm,2024,2,3,Wikimedia Pageviews API monthly per-article
lk_nuwara_eliya_ambewela_farm,Ambewela Farm,Ambewela_Farm,2024,3,0,Wikimedia Pageviews API monthly per-article
lk_nuwara_eliya_ambewela_farm,Ambewela Farm,Ambewela_Farm,2024,4,3,Wikimedia Pageviews API monthly per-article
lk_nuwara_eliya_ambewela_farm,Ambewela Farm,Ambewela_Farm,2024,5,5,Wikimedia Pageviews API monthly per-article
lk_nuwara_eliya_ambewela_farm,Ambewela Farm,Ambewela_Farm,2024,6,2,Wikimedia Pageviews API monthly per-article
lk_nuwara_eliya_ambewela_farm,Ambewela Farm,Ambewela_Farm,2024,7,5,Wikimedia Pageviews API monthly per-article
lk_nuwara_eliya_ambewela_farm,Ambewela Farm,Ambewela_Farm,2024,8,2,Wikimedia Pageviews API monthly per-article
lk_nuwara_eliya_ambewela_farm,Ambewela Farm,Ambewela_Farm,2024,9,1,Wikimedia Pageviews API monthly per-article
lk_nuwara_eliya_ambewela_farm,Ambewela Farm,Ambewela_Farm,2024,10,0,Wikimedia Pageviews API monthly per-article
lk_nuwara_eliya_ambewela_farm,Ambewela Farm,Ambewela_Farm,2024,11,2,Wikimedia Pageviews API monthly per-article
lk_nuwara_eliya_ambewela_farm,Ambewela Farm,Ambewela_Farm,2024,12,3,Wikimedia Pageviews API monthly per-article
lk_nuwara_eliya_ambewela_farm,Ambewela Farm,Ambewela_Farm,2025,1,0,Wikimedia Pageviews API monthly per-article
lk_nuwara_eliya_ambewela_farm,Ambewela Farm,Ambewela_Farm,2025,2,5,Wikimedia Pageviews API monthly per-article
lk_nuwara_eliya_ambewela_farm,Ambewela Farm,Ambewela_Farm,2025,3,2,Wikimedia Pageviews API monthly per-article
lk_nuwara_eliya_ambewela_farm,Ambewela Farm,Ambewela_Farm,2025,4,1,Wikimedia Pageviews API monthly per-article
lk_nuwara_eliya_ambewela_farm,Ambewela Farm,Ambewela_Farm,2025,5,0,Wikimedia Pageviews API monthly per-article
lk_nuwara_eliya_ambewela_farm,Ambewela Farm,Ambewela_Farm,2025,6,0,Wikimedia Pageviews API monthly per-article
lk_nuwara_eliya_ambewela_farm,Ambewela Farm,Ambewela_Farm,2025,7,2,Wikimedia Pageviews API monthly per-article
lk_nuwara_eliya_ambewela_farm,Ambewela Farm,Ambewela_Farm,2025,8,1,Wikimedia Pageviews API monthly per-article
lk_nuwara_eliya_ambewela_farm,Ambewela Farm,Ambewela_Farm,2025,9,1,Wikimedia Pageviews API monthly per-article
lk_nuwara_eliya_ambewela_farm,Ambewela Farm,Ambewela_Farm,2025,10,7,Wikimedia Pageviews API monthly per-article
lk_nuwara_eliya_ambewela_farm,Ambewela Farm,Ambewela_Farm,2025,11,1,Wikimedia Pageviews API monthly per-article
lk_nuwara_eliya_ambewela_farm,Ambewela Farm,Ambewela_Farm,2025,12,0,Wikimedia Pageviews API monthly per-article
lk_nuwara_eliya_devon_falls,Devon Falls,Devon_Falls,2024,1,382,Wikimedia Pageviews API monthly per-article
lk_nuwara_eliya_devon_falls,Devon Falls,Devon_Falls,2024,2,467,Wikimedia Pageviews API monthly per-article
lk_nuwara_eliya_devon_falls,Devon Falls,Devon_Falls,2024,3,292,Wikimedia Pageviews API monthly per-article
lk_nuwara_eliya_devon_falls,Devon Falls,Devon_Falls,2024,4,333,Wikimedia Pageviews API monthly per-article
lk_nuwara_eliya_devon_falls,Devon Falls,Devon_Falls,2024,5,234,Wikimedia Pageviews API monthly per-article
lk_nuwara_eliya_devon_falls,Devon Falls,Devon_Falls,2024,6,187,Wikimedia Pageviews API monthly per-article
lk_nuwara_eliya_devon_falls,Devon Falls,Devon_Falls,2024,7,257,Wikimedia Pageviews API monthly per-article
lk_nuwara_eliya_devon_falls,Devon Falls,Devon_Falls,2024,8,256,Wikimedia Pageviews API monthly per-article
lk_nuwara_eliya_devon_falls,Devon Falls,Devon_Falls,2024,9,218,Wikimedia Pageviews API monthly per-article
lk_nuwara_eliya_devon_falls,Devon Falls,Devon_Falls,2024,10,207,Wikimedia Pageviews API monthly per-article
lk_nuwara_eliya_devon_falls,Devon Falls,Devon_Falls,2024,11,202,Wikimedia Pageviews API monthly per-article
lk_nuwara_eliya_devon_falls,Devon Falls,Devon_Falls,2024,12,244,Wikimedia Pageviews API monthly per-article
lk_nuwara_eliya_devon_falls,Devon Falls,Devon_Falls,2025,1,227,Wikimedia Pageviews API monthly per-article
lk_nuwara_eliya_devon_falls,Devon Falls,Devon_Falls,2025,2,186,Wikimedia Pageviews API monthly per-article
lk_nuwara_eliya_devon_falls,Devon Falls,Devon_Falls,2025,3,240,Wikimedia Pageviews API monthly per-article
lk_nuwara_eliya_devon_falls,Devon Falls,Devon_Falls,2025,4,167,Wikimedia Pageviews API monthly per-article
lk_nuwara_eliya_devon_falls,Devon Falls,Devon_Falls,2025,5,183,Wikimedia Pageviews API monthly per-article
lk_nuwara_eliya_devon_falls,Devon Falls,Devon_Falls,2025,6,151,Wikimedia Pageviews API monthly per-article
lk_nuwara_eliya_devon_falls,Devon Falls,Devon_Falls,2025,7,202,Wikimedia Pageviews API monthly per-article
lk_nuwara_eliya_devon_falls,Devon Falls,Devon_Falls,2025,8,205,Wikimedia Pageviews API monthly per-article
lk_nuwara_eliya_devon_falls,Devon Falls,Devon_Falls,2025,9,185,Wikimedia Pageviews API monthly per-article
lk_nuwara_eliya_devon_falls,Devon Falls,Devon_Falls,2025,10,172,Wikimedia Pageviews API monthly per-article
lk_nuwara_eliya_devon_falls,Devon Falls,Devon_Falls,2025,11,185,Wikimedia Pageviews API monthly per-article
lk_nuwara_eliya_devon_falls,Devon Falls,Devon_Falls,2025,12,150,Wikimedia Pageviews API monthly per-article
lk_nuwara_eliya_devon_falls,Devon Falls,Devon_Falls,2026,1,1,Wikimedia Pageviews API monthly per-article
lk_nuwara_eliya_galway_s_land_national_park,Galway's Land National Park,Galway's_Land_National_Park,2024,1,181,Wikimedia Pageviews API monthly per-article
lk_nuwara_eliya_galway_s_land_national_park,Galway's Land National Park,Galway's_Land_National_Park,2024,2,136,Wikimedia Pageviews API monthly per-article
lk_nuwara_eliya_galway_s_land_national_park,Galway's Land National Park,Galway's_Land_National_Park,2024,3,159,Wikimedia Pageviews API monthly per-article
lk_nuwara_eliya_galway_s_land_national_park,Galway's Land National Park,Galway's_Land_National_Park,2024,4,263,Wikimedia Pageviews API monthly per-article
lk_nuwara_eliya_galway_s_land_national_park,Galway's Land National Park,Galway's_Land_National_Park,2024,5,177,Wikimedia Pageviews API monthly per-article
lk_nuwara_eliya_galway_s_land_national_park,Galway's Land National Park,Galway's_Land_National_Park,2024,6,122,Wikimedia Pageviews API monthly per-article
lk_nuwara_eliya_galway_s_land_national_park,Galway's Land National Park,Galway's_Land_National_Park,2024,7,139,Wikimedia Pageviews API monthly per-article
lk_nuwara_eliya_galway_s_land_national_park,Galway's Land National Park,Galway's_Land_National_Park,2024,8,165,Wikimedia Pageviews API monthly per-article
lk_nuwara_eliya_galway_s_land_national_park,Galway's Land National Park,Galway's_Land_National_Park,2024,9,134,Wikimedia Pageviews API monthly per-article
lk_nuwara_eliya_galway_s_land_national_park,Galway's Land National Park,Galway's_Land_National_Park,2024,10,123,Wikimedia Pageviews API monthly per-article
lk_nuwara_eliya_galway_s_land_national_park,Galway's Land National Park,Galway's_Land_National_Park,2024,11,177,Wikimedia Pageviews API monthly per-article
lk_nuwara_eliya_galway_s_land_national_park,Galway's Land National Park,Galway's_Land_National_Park,2024,12,184,Wikimedia Pageviews API monthly per-article
lk_nuwara_eliya_galway_s_land_national_park,Galway's Land National Park,Galway's_Land_National_Park,2025,1,152,Wikimedia Pageviews API monthly per-article
lk_nuwara_eliya_galway_s_land_national_park,Galway's Land National Park,Galway's_Land_National_Park,2025,2,129,Wikimedia Pageviews API monthly per-article
lk_nuwara_eliya_galway_s_land_national_park,Galway's Land National Park,Galway's_Land_National_Park,2025,3,164,Wikimedia Pageviews API monthly per-article
lk_nuwara_eliya_galway_s_land_national_park,Galway's Land National Park,Galway's_Land_National_Park,2025,4,155,Wikimedia Pageviews API monthly per-article
lk_nuwara_eliya_galway_s_land_national_park,Galway's Land National Park,Galway's_Land_National_Park,2025,5,115,Wikimedia Pageviews API monthly per-article
lk_nuwara_eliya_galway_s_land_national_park,Galway's Land National Park,Galway's_Land_National_Park,2025,6,97,Wikimedia Pageviews API monthly per-article
lk_nuwara_eliya_galway_s_land_national_park,Galway's Land National Park,Galway's_Land_National_Park,2025,7,111,Wikimedia Pageviews API monthly per-article
lk_nuwara_eliya_galway_s_land_national_park,Galway's Land National Park,Galway's_Land_National_Park,2025,8,137,Wikimedia Pageviews API monthly per-article
lk_nuwara_eliya_galway_s_land_national_park,Galway's Land National Park,Galway's_Land_National_Park,2025,9,122,Wikimedia Pageviews API monthly per-article
lk_nuwara_eliya_galway_s_land_national_park,Galway's Land National Park,Galway's_Land_National_Park,2025,10,117,Wikimedia Pageviews API monthly per-article
lk_nuwara_eliya_galway_s_land_national_park,Galway's Land National Park,Galway's_Land_National_Park,2025,11,115,Wikimedia Pageviews API monthly per-article
lk_nuwara_eliya_galway_s_land_national_park,Galway's Land National Park,Galway's_Land_National_Park,2025,12,65,Wikimedia Pageviews API monthly per-article
lk_nuwara_eliya_galway_s_land_national_park,Galway's Land National Park,Galway's_Land_National_Park,2026,1,6,Wikimedia Pageviews API monthly per-article
lk_nuwara_eliya_gregory_lake,Gregory Lake,Gregory_Lake,2024,1,4,Wikimedia Pageviews API monthly per-article
lk_nuwara_eliya_gregory_lake,Gregory Lake,Gregory_Lake,2024,2,10,Wikimedia Pageviews API monthly per-article
lk_nuwara_eliya_gregory_lake,Gregory Lake,Gregory_Lake,2024,3,12,Wikimedia Pageviews API monthly per-article
lk_nuwara_eliya_gregory_lake,Gregory Lake,Gregory_Lake,2024,4,13,Wikimedia Pageviews API monthly per-article
lk_nuwara_eliya_gregory_lake,Gregory Lake,Gregory_Lake,2024,5,10,Wikimedia Pageviews API monthly per-article
lk_nuwara_eliya_gregory_lake,Gregory Lake,Gregory_Lake,2024,6,15,Wikimedia Pageviews API monthly per-article
lk_nuwara_eliya_gregory_lake,Gregory Lake,Gregory_Lake,2024,7,13,Wikimedia Pageviews API monthly per-article
lk_nuwara_eliya_gregory_lake,Gregory Lake,Gregory_Lake,2024,8,11,Wikimedia Pageviews API monthly per-article
lk_nuwara_eliya_gregory_lake,Gregory Lake,Gregory_Lake,2024,9,39,Wikimedia Pageviews API monthly per-article
lk_nuwara_eliya_gregory_lake,Gregory Lake,Gregory_Lake,2024,10,35,Wikimedia Pageviews API monthly per-article
lk_nuwara_eliya_gregory_lake,Gregory Lake,Gregory_Lake,2024,11,24,Wikimedia Pageviews API monthly per-article
lk_nuwara_eliya_gregory_lake,Gregory Lake,Gregory_Lake,2024,12,57,Wikimedia Pageviews API monthly per-article
lk_nuwara_eliya_gregory_lake,Gregory Lake,Gregory_Lake,2025,1,39,Wikimedia Pageviews API monthly per-article
lk_nuwara_eliya_gregory_lake,Gregory Lake,Gregory_Lake,2025,2,54,Wikimedia Pageviews API monthly per-article
lk_nuwara_eliya_gregory_lake,Gregory Lake,Gregory_Lake,2025,3,48,Wikimedia Pageviews API monthly per-article
lk_nuwara_eliya_gregory_lake,Gregory Lake,Gregory_Lake,2025,4,35,Wikimedia Pageviews API monthly per-article
lk_nuwara_eliya_gregory_lake,Gregory Lake,Gregory_Lake,2025,5,49,Wikimedia Pageviews API monthly per-article
lk_nuwara_eliya_gregory_lake,Gregory Lake,Gregory_Lake,2025,6,40,Wikimedia Pageviews API monthly per-article
lk_nuwara_eliya_gregory_lake,Gregory Lake,Gregory_Lake,2025,7,56,Wikimedia Pageviews API monthly per-article
lk_nuwara_eliya_gregory_lake,Gregory Lake,Gregory_Lake,2025,8,67,Wikimedia Pageviews API monthly per-article
lk_nuwara_eliya_gregory_lake,Gregory Lake,Gregory_Lake,2025,9,45,Wikimedia Pageviews API monthly per-article
lk_nuwara_eliya_gregory_lake,Gregory Lake,Gregory_Lake,2025,10,33,Wikimedia Pageviews API monthly per-article
lk_nuwara_eliya_gregory_lake,Gregory Lake,Gregory_Lake,2025,11,43,Wikimedia Pageviews API monthly per-article
lk_nuwara_eliya_gregory_lake,Gregory Lake,Gregory_Lake,2025,12,57,Wikimedia Pageviews API monthly per-article
lk_nuwara_eliya_gregory_lake,Gregory Lake,Gregory_Lake,2026,1,1,Wikimedia Pageviews API monthly per-article
lk_nuwara_eliya_holy_trinity_church_nuwara_eliya,"Holy Trinity Church, Nuwara Eliya","Holy_Trinity_Church,_Nuwara_Eliya",2024,1,157,Wikimedia Pageviews API monthly per-article
lk_nuwara_eliya_holy_trinity_church_nuwara_eliya,"Holy Trinity Church, Nuwara Eliya","Holy_Trinity_Church,_Nuwara_Eliya",2024,2,199,Wikimedia Pageviews API monthly per-article
lk_nuwara_eliya_holy_trinity_church_nuwara_eliya,"Holy Trinity Church, Nuwara Eliya","Holy_Trinity_Church,_Nuwara_Eliya",2024,3,219,Wikimedia Pageviews API monthly per-article
lk_nuwara_eliya_holy_trinity_church_nuwara_eliya,"Holy Trinity Church, Nuwara Eliya","Holy_Trinity_Church,_Nuwara_Eliya",2024,4,169,Wikimedia Pageviews API monthly per-article
lk_nuwara_eliya_holy_trinity_church_nuwara_eliya,"Holy Trinity Church, Nuwara Eliya","Holy_Trinity_Church,_Nuwara_Eliya",2024,5,97,Wikimedia Pageviews API monthly per-article
lk_nuwara_eliya_holy_trinity_church_nuwara_eliya,"Holy Trinity Church, Nuwara Eliya","Holy_Trinity_Church,_Nuwara_Eliya",2024,6,93,Wikimedia Pageviews API monthly per-article
lk_nuwara_eliya_holy_trinity_church_nuwara_eliya,"Holy Trinity Church, Nuwara Eliya","Holy_Trinity_Church,_Nuwara_Eliya",2024,7,80,Wikimedia Pageviews API monthly per-article
lk_nuwara_eliya_holy_trinity_church_nuwara_eliya,"Holy Trinity Church, Nuwara Eliya","Holy_Trinity_Church,_Nuwara_Eliya",2024,8,144,Wikimedia Pageviews API monthly per-article
lk_nuwara_eliya_holy_trinity_church_nuwara_eliya,"Holy Trinity Church, Nuwara Eliya","Holy_Trinity_Church,_Nuwara_Eliya",2024,9,103,Wikimedia Pageviews API monthly per-article
lk_nuwara_eliya_holy_trinity_church_nuwara_eliya,"Holy Trinity Church, Nuwara Eliya","Holy_Trinity_Church,_Nuwara_Eliya",2024,10,129,Wikimedia Pageviews API monthly per-article
lk_nuwara_eliya_holy_trinity_church_nuwara_eliya,"Holy Trinity Church, Nuwara Eliya","Holy_Trinity_Church,_Nuwara_Eliya",2024,11,103,Wikimedia Pageviews API monthly per-article
lk_nuwara_eliya_holy_trinity_church_nuwara_eliya,"Holy Trinity Church, Nuwara Eliya","Holy_Trinity_Church,_Nuwara_Eliya",2024,12,161,Wikimedia Pageviews API monthly per-article
lk_nuwara_eliya_holy_trinity_church_nuwara_eliya,"Holy Trinity Church, Nuwara Eliya","Holy_Trinity_Church,_Nuwara_Eliya",2025,1,229,Wikimedia Pageviews API monthly per-article
lk_nuwara_eliya_holy_trinity_church_nuwara_eliya,"Holy Trinity Church, Nuwara Eliya","Holy_Trinity_Church,_Nuwara_Eliya",2025,2,117,Wikimedia Pageviews API monthly per-article
lk_nuwara_eliya_holy_trinity_church_nuwara_eliya,"Holy Trinity Church, Nuwara Eliya","Holy_Trinity_Church,_Nuwara_Eliya",2025,3,159,Wikimedia Pageviews API monthly per-article
lk_nuwara_eliya_holy_trinity_church_nuwara_eliya,"Holy Trinity Church, Nuwara Eliya","Holy_Trinity_Church,_Nuwara_Eliya",2025,4,126,Wikimedia Pageviews API monthly per-article
lk_nuwara_eliya_holy_trinity_church_nuwara_eliya,"Holy Trinity Church, Nuwara Eliya","Holy_Trinity_Church,_Nuwara_Eliya",2025,5,108,Wikimedia Pageviews API monthly per-article
lk_nuwara_eliya_holy_trinity_church_nuwara_eliya,"Holy Trinity Church, Nuwara Eliya","Holy_Trinity_Church,_Nuwara_Eliya",2025,6,70,Wikimedia Pageviews API monthly per-article
lk_nuwara_eliya_holy_trinity_church_nuwara_eliya,"Holy Trinity Church, Nuwara Eliya","Holy_Trinity_Church,_Nuwara_Eliya",2025,7,139,Wikimedia Pageviews API monthly per-article
lk_nuwara_eliya_holy_trinity_church_nuwara_eliya,"Holy Trinity Church, Nuwara Eliya","Holy_Trinity_Church,_Nuwara_Eliya",2025,8,127,Wikimedia Pageviews API monthly per-article
lk_nuwara_eliya_holy_trinity_church_nuwara_eliya,"Holy Trinity Church, Nuwara Eliya","Holy_Trinity_Church,_Nuwara_Eliya",2025,9,118,Wikimedia Pageviews API monthly per-article
lk_nuwara_eliya_holy_trinity_church_nuwara_eliya,"Holy Trinity Church, Nuwara Eliya","Holy_Trinity_Church,_Nuwara_Eliya",2025,10,83,Wikimedia Pageviews API monthly per-article
lk_nuwara_eliya_holy_trinity_church_nuwara_eliya,"Holy Trinity Church, Nuwara Eliya","Holy_Trinity_Church,_Nuwara_Eliya",2025,11,125,Wikimedia Pageviews API monthly per-article
lk_nuwara_eliya_holy_trinity_church_nuwara_eliya,"Holy Trinity Church, Nuwara Eliya","Holy_Trinity_Church,_Nuwara_Eliya",2025,12,74,Wikimedia Pageviews API monthly per-article
lk_nuwara_eliya_holy_trinity_church_nuwara_eliya,"Holy Trinity Church, Nuwara Eliya","Holy_Trinity_Church,_Nuwara_Eliya",2026,1,2,Wikimedia Pageviews API monthly per-article
lk_nuwara_eliya_mini_world_s_end,Mini World's End,"World's_End,_Sri_Lanka",2024,1,2612,Wikimedia Pageviews API monthly per-article
lk_nuwara_eliya_mini_world_s_end,Mini World's End,"World's_End,_Sri_Lanka",2024,2,2083,Wikimedia Pageviews API monthly per-article
lk_nuwara_eliya_mini_world_s_end,Mini World's End,"World's_End,_Sri_Lanka",2024,3,2092,Wikimedia Pageviews API monthly per-article
lk_nuwara_eliya_mini_world_s_end,Mini World's End,"World's_End,_Sri_Lanka",2024,4,2250,Wikimedia Pageviews API monthly per-article
lk_nuwara_eliya_mini_world_s_end,Mini World's End,"World's_End,_Sri_Lanka",2024,5,1797,Wikimedia Pageviews API monthly per-article
lk_nuwara_eliya_mini_world_s_end,Mini World's End,"World's_End,_Sri_Lanka",2024,6,1402,Wikimedia Pageviews API monthly per-article
lk_nuwara_eliya_mini_world_s_end,Mini World's End,"World's_End,_Sri_Lanka",2024,7,1791,Wikimedia Pageviews API monthly per-article
lk_nuwara_eliya_mini_world_s_end,Mini World's End,"World's_End,_Sri_Lanka",2024,8,1964,Wikimedia Pageviews API monthly per-article
lk_nuwara_eliya_mini_world_s_end,Mini World's End,"World's_End,_Sri_Lanka",2024,9,1645,Wikimedia Pageviews API monthly per-article
lk_nuwara_eliya_mini_world_s_end,Mini World's End,"World's_End,_Sri_Lanka",2024,10,1602,Wikimedia Pageviews API monthly per-article
lk_nuwara_eliya_mini_world_s_end,Mini World's End,"World's_End,_Sri_Lanka",2024,11,1685,Wikimedia Pageviews API monthly per-article
lk_nuwara_eliya_mini_world_s_end,Mini World's End,"World's_End,_Sri_Lanka",2024,12,1761,Wikimedia Pageviews API monthly per-article
lk_nuwara_eliya_mini_world_s_end,Mini World's End,"World's_End,_Sri_Lanka",2025,1,1642,Wikimedia Pageviews API monthly per-article
lk_nuwara_eliya_mini_world_s_end,Mini World's End,"World's_End,_Sri_Lanka",2025,2,1462,Wikimedia Pageviews API monthly per-article
lk_nuwara_eliya_mini_world_s_end,Mini World's End,"World's_End,_Sri_Lanka",2025,3,1427,Wikimedia Pageviews API monthly per-article
lk_nuwara_eliya_mini_world_s_end,Mini World's End,"World's_End,_Sri_Lanka",2025,4,1261,Wikimedia Pageviews API monthly per-article
lk_nuwara_eliya_mini_world_s_end,Mini World's End,"World's_End,_Sri_Lanka",2025,5,1086,Wikimedia Pageviews API monthly per-article
lk_nuwara_eliya_mini_world_s_end,Mini World's End,"World's_End,_Sri_Lanka",2025,6,1052,Wikimedia Pageviews API monthly per-article
lk_nuwara_eliya_mini_world_s_end,Mini World's End,"World's_End,_Sri_Lanka",2025,7,1281,Wikimedia Pageviews API monthly per-article
lk_nuwara_eliya_mini_world_s_end,Mini World's End,"World's_End,_Sri_Lanka",2025,8,1579,Wikimedia Pageviews API monthly per-article
lk_nuwara_eliya_mini_world_s_end,Mini World's End,"World's_End,_Sri_Lanka",2025,9,1187,Wikimedia Pageviews API monthly per-article
lk_nuwara_eliya_mini_world_s_end,Mini World's End,"World's_End,_Sri_Lanka",2025,10,1418,Wikimedia Pageviews API monthly per-article
lk_nuwara_eliya_mini_world_s_end,Mini World's End,"World's_End,_Sri_Lanka",2025,11,1137,Wikimedia Pageviews API monthly per-article
lk_nuwara_eliya_mini_world_s_end,Mini World's End,"World's_End,_Sri_Lanka",2025,12,780,Wikimedia Pageviews API monthly per-article
lk_nuwara_eliya_mini_world_s_end,Mini World's End,"World's_End,_Sri_Lanka",2026,1,46,Wikimedia Pageviews API monthly per-article
lk_nuwara_eliya_single_tree_hill,Single Tree Hill,Single_Tree_Hill,2024,1,0,Wikimedia Pageviews API monthly per-article
lk_nuwara_eliya_single_tree_hill,Single Tree Hill,Single_Tree_Hill,2024,2,0,Wikimedia Pageviews API monthly per-article
lk_nuwara_eliya_single_tree_hill,Single Tree Hill,Single_Tree_Hill,2024,3,0,Wikimedia Pageviews API monthly per-article
lk_nuwara_eliya_single_tree_hill,Single Tree Hill,Single_Tree_Hill,2024,4,0,Wikimedia Pageviews API monthly per-article
lk_nuwara_eliya_single_tree_hill,Single Tree Hill,Single_Tree_Hill,2024,5,2,Wikimedia Pageviews API monthly per-article
lk_nuwara_eliya_single_tree_hill,Single Tree Hill,Single_Tree_Hill,2024,6,5,Wikimedia Pageviews API monthly per-article
lk_nuwara_eliya_single_tree_hill,Single Tree Hill,Single_Tree_Hill,2024,7,1,Wikimedia Pageviews API monthly per-article
lk_nuwara_eliya_single_tree_hill,Single Tree Hill,Single_Tree_Hill,2024,8,0,Wikimedia Pageviews API monthly per-article
lk_nuwara_eliya_single_tree_hill,Single Tree Hill,Single_Tree_Hill,2024,9,3,Wikimedia Pageviews API monthly per-article
lk_nuwara_eliya_single_tree_hill,Single Tree Hill,Single_Tree_Hill,2024,10,0,Wikimedia Pageviews API monthly per-article
lk_nuwara_eliya_single_tree_hill,Single Tree Hill,Single_Tree_Hill,2024,11,0,Wikimedia Pageviews API monthly per-article
lk_nuwara_eliya_single_tree_hill,Single Tree Hill,Single_Tree_Hill,2024,12,0,Wikimedia Pageviews API monthly per-article
lk_nuwara_eliya_single_tree_hill,Single Tree Hill,Single_Tree_Hill,2025,1,1,Wikimedia Pageviews API monthly per-article
lk_nuwara_eliya_single_tree_hill,Single Tree Hill,Single_Tree_Hill,2025,2,2,Wikimedia Pageviews API monthly per-article
lk_nuwara_eliya_single_tree_hill,Single Tree Hill,Single_Tree_Hill,2025,3,2,Wikimedia Pageviews API monthly per-article
lk_nuwara_eliya_single_tree_hill,Single Tree Hill,Single_Tree_Hill,2025,4,1,Wikimedia Pageviews API monthly per-article
lk_nuwara_eliya_single_tree_hill,Single Tree Hill,Single_Tree_Hill,2025,5,0,Wikimedia Pageviews API monthly per-article
lk_nuwara_eliya_single_tree_hill,Single Tree Hill,Single_Tree_Hill,2025,8,1,Wikimedia Pageviews API monthly per-article
lk_nuwara_eliya_single_tree_hill,Single Tree Hill,Single_Tree_Hill,2025,9,2,Wikimedia Pageviews API monthly per-article
lk_nuwara_eliya_single_tree_hill,Single Tree Hill,Single_Tree_Hill,2025,10,1,Wikimedia Pageviews API monthly per-article
lk_nuwara_eliya_single_tree_hill,Single Tree Hill,Single_Tree_Hill,2025,11,1,Wikimedia Pageviews API monthly per-article
lk_nuwara_eliya_single_tree_hill,Single Tree Hill,Single_Tree_Hill,2025,12,2,Wikimedia Pageviews API monthly per-article
lk_nuwara_eliya_victoria_park_nuwara_eliya,"Victoria Park, Nuwara Eliya","Victoria_Park,_Nuwara_Eliya",2024,1,903,Wikimedia Pageviews API monthly per-article
lk_nuwara_eliya_victoria_park_nuwara_eliya,"Victoria Park, Nuwara Eliya","Victoria_Park,_Nuwara_Eliya",2024,2,743,Wikimedia Pageviews API monthly per-article
lk_nuwara_eliya_victoria_park_nuwara_eliya,"Victoria Park, Nuwara Eliya","Victoria_Park,_Nuwara_Eliya",2024,3,837,Wikimedia Pageviews API monthly per-article
lk_nuwara_eliya_victoria_park_nuwara_eliya,"Victoria Park, Nuwara Eliya","Victoria_Park,_Nuwara_Eliya",2024,4,890,Wikimedia Pageviews API monthly per-article
lk_nuwara_eliya_victoria_park_nuwara_eliya,"Victoria Park, Nuwara Eliya","Victoria_Park,_Nuwara_Eliya",2024,5,575,Wikimedia Pageviews API monthly per-article
lk_nuwara_eliya_victoria_park_nuwara_eliya,"Victoria Park, Nuwara Eliya","Victoria_Park,_Nuwara_Eliya",2024,6,338,Wikimedia Pageviews API monthly per-article
lk_nuwara_eliya_victoria_park_nuwara_eliya,"Victoria Park, Nuwara Eliya","Victoria_Park,_Nuwara_Eliya",2024,7,477,Wikimedia Pageviews API monthly per-article
lk_nuwara_eliya_victoria_park_nuwara_eliya,"Victoria Park, Nuwara Eliya","Victoria_Park,_Nuwara_Eliya",2024,8,597,Wikimedia Pageviews API monthly per-article
lk_nuwara_eliya_victoria_park_nuwara_eliya,"Victoria Park, Nuwara Eliya","Victoria_Park,_Nuwara_Eliya",2024,9,458,Wikimedia Pageviews API monthly per-article
lk_nuwara_eliya_victoria_park_nuwara_eliya,"Victoria Park, Nuwara Eliya","Victoria_Park,_Nuwara_Eliya",2024,10,416,Wikimedia Pageviews API monthly per-article
lk_nuwara_eliya_victoria_park_nuwara_eliya,"Victoria Park, Nuwara Eliya","Victoria_Park,_Nuwara_Eliya",2024,11,413,Wikimedia Pageviews API monthly per-article
lk_nuwara_eliya_victoria_park_nuwara_eliya,"Victoria Park, Nuwara Eliya","Victoria_Park,_Nuwara_Eliya",2024,12,484,Wikimedia Pageviews API monthly per-article
lk_nuwara_eliya_victoria_park_nuwara_eliya,"Victoria Park, Nuwara Eliya","Victoria_Park,_Nuwara_Eliya",2025,1,560,Wikimedia Pageviews API monthly per-article
lk_nuwara_eliya_victoria_park_nuwara_eliya,"Victoria Park, Nuwara Eliya","Victoria_Park,_Nuwara_Eliya",2025,2,472,Wikimedia Pageviews API monthly per-article
lk_nuwara_eliya_victoria_park_nuwara_eliya,"Victoria Park, Nuwara Eliya","Victoria_Park,_Nuwara_Eliya",2025,3,437,Wikimedia Pageviews API monthly per-article
lk_nuwara_eliya_victoria_park_nuwara_eliya,"Victoria Park, Nuwara Eliya","Victoria_Park,_Nuwara_Eliya",2025,4,421,Wikimedia Pageviews API monthly per-article
lk_nuwara_eliya_victoria_park_nuwara_eliya,"Victoria Park, Nuwara Eliya","Victoria_Park,_Nuwara_Eliya",2025,5,239,Wikimedia Pageviews API monthly per-article
lk_nuwara_eliya_victoria_park_nuwara_eliya,"Victoria Park, Nuwara Eliya","Victoria_Park,_Nuwara_Eliya",2025,6,222,Wikimedia Pageviews API monthly per-article
lk_nuwara_eliya_victoria_park_nuwara_eliya,"Victoria Park, Nuwara Eliya","Victoria_Park,_Nuwara_Eliya",2025,7,232,Wikimedia Pageviews API monthly per-article
lk_nuwara_eliya_victoria_park_nuwara_eliya,"Victoria Park, Nuwara Eliya","Victoria_Park,_Nuwara_Eliya",2025,8,293,Wikimedia Pageviews API monthly per-article
lk_nuwara_eliya_victoria_park_nuwara_eliya,"Victoria Park, Nuwara Eliya","Victoria_Park,_Nuwara_Eliya",2025,9,294,Wikimedia Pageviews API monthly per-article
lk_nuwara_eliya_victoria_park_nuwara_eliya,"Victoria Park, Nuwara Eliya","Victoria_Park,_Nuwara_Eliya",2025,10,236,Wikimedia Pageviews API monthly per-article
lk_nuwara_eliya_victoria_park_nuwara_eliya,"Victoria Park, Nuwara Eliya","Victoria_Park,_Nuwara_Eliya",2025,11,289,Wikimedia Pageviews API monthly per-article
lk_nuwara_eliya_victoria_park_nuwara_eliya,"Victoria Park, Nuwara Eliya","Victoria_Park,_Nuwara_Eliya",2025,12,202,Wikimedia Pageviews API monthly per-article
lk_nuwara_eliya_victoria_park_nuwara_eliya,"Victoria Park, Nuwara Eliya","Victoria_Park,_Nuwara_Eliya",2026,1,6,Wikimedia Pageviews API monthly per-article
lk_nuwara_eliya_nanu_oya_railway_station,Nanu Oya Railway Station,Nanu_Oya_railway_station,2024,1,890,Wikimedia Pageviews API monthly per-article
lk_nuwara_eliya_nanu_oya_railway_station,Nanu Oya Railway Station,Nanu_Oya_railway_station,2024,2,821,Wikimedia Pageviews API monthly per-article
lk_nuwara_eliya_nanu_oya_railway_station,Nanu Oya Railway Station,Nanu_Oya_railway_station,2024,3,701,Wikimedia Pageviews API monthly per-article
lk_nuwara_eliya_nanu_oya_railway_station,Nanu Oya Railway Station,Nanu_Oya_railway_station,2024,4,678,Wikimedia Pageviews API monthly per-article
lk_nuwara_eliya_nanu_oya_railway_station,Nanu Oya Railway Station,Nanu_Oya_railway_station,2024,5,407,Wikimedia Pageviews API monthly per-article
lk_nuwara_eliya_nanu_oya_railway_station,Nanu Oya Railway Station,Nanu_Oya_railway_station,2024,6,273,Wikimedia Pageviews API monthly per-article
lk_nuwara_eliya_nanu_oya_railway_station,Nanu Oya Railway Station,Nanu_Oya_railway_station,2024,7,343,Wikimedia Pageviews API monthly per-article
lk_nuwara_eliya_nanu_oya_railway_station,Nanu Oya Railway Station,Nanu_Oya_railway_station,2024,8,388,Wikimedia Pageviews API monthly per-article
lk_nuwara_eliya_nanu_oya_railway_station,Nanu Oya Railway Station,Nanu_Oya_railway_station,2024,9,316,Wikimedia Pageviews API monthly per-article
lk_nuwara_eliya_nanu_oya_railway_station,Nanu Oya Railway Station,Nanu_Oya_railway_station,2024,10,311,Wikimedia Pageviews API monthly per-article
lk_nuwara_eliya_nanu_oya_railway_station,Nanu Oya Railway Station,Nanu_Oya_railway_station,2024,11,402,Wikimedia Pageviews API monthly per-article
lk_nuwara_eliya_nanu_oya_railway_station,Nanu Oya Railway Station,Nanu_Oya_railway_station,2024,12,434,Wikimedia Pageviews API monthly per-article
lk_nuwara_eliya_nanu_oya_railway_station,Nanu Oya Railway Station,Nanu_Oya_railway_station,2025,1,470,Wikimedia Pageviews API monthly per-article
lk_nuwara_eliya_nanu_oya_railway_station,Nanu Oya Railway Station,Nanu_Oya_railway_station,2025,2,364,Wikimedia Pageviews API monthly per-article
lk_nuwara_eliya_nanu_oya_railway_station,Nanu Oya Railway Station,Nanu_Oya_railway_station,2025,3,382,Wikimedia Pageviews API monthly per-article
lk_nuwara_eliya_nanu_oya_railway_station,Nanu Oya Railway Station,Nanu_Oya_railway_station,2025,4,291,Wikimedia Pageviews API monthly per-article
lk_nuwara_eliya_nanu_oya_railway_station,Nanu Oya Railway Station,Nanu_Oya_railway_station,2025,5,241,Wikimedia Pageviews API monthly per-article
lk_nuwara_eliya_nanu_oya_railway_station,Nanu Oya Railway Station,Nanu_Oya_railway_station,2025,6,205,Wikimedia Pageviews API monthly per-article
lk_nuwara_eliya_nanu_oya_railway_station,Nanu Oya Railway Station,Nanu_Oya_railway_station,2025,7,275,Wikimedia Pageviews API monthly per-article
lk_nuwara_eliya_nanu_oya_railway_station,Nanu Oya Railway Station,Nanu_Oya_railway_station,2025,8,368,Wikimedia Pageviews API monthly per-article
lk_nuwara_eliya_nanu_oya_railway_station,Nanu Oya Railway Station,Nanu_Oya_railway_station,2025,9,272,Wikimedia Pageviews API monthly per-article
lk_nuwara_eliya_nanu_oya_railway_station,Nanu Oya Railway Station,Nanu_Oya_railway_station,2025,10,276,Wikimedia Pageviews API monthly per-article
lk_nuwara_eliya_nanu_oya_railway_station,Nanu Oya Railway Station,Nanu_Oya_railway_station,2025,11,408,Wikimedia Pageviews API monthly per-article
lk_nuwara_eliya_nanu_oya_railway_station,Nanu Oya Railway Station,Nanu_Oya_railway_station,2025,12,159,Wikimedia Pageviews API monthly per-article
lk_nuwara_eliya_nanu_oya_railway_station,Nanu Oya Railway Station,Nanu_Oya_railway_station,2026,1,4,Wikimedia Pageviews API monthly per-article
lk_nuwara_eliya_pattipola_railway_station,Pattipola Railway Station,Pattipola_railway_station,2024,1,370,Wikimedia Pageviews API monthly per-article
lk_nuwara_eliya_pattipola_railway_station,Pattipola Railway Station,Pattipola_railway_station,2024,2,432,Wikimedia Pageviews API monthly per-article
lk_nuwara_eliya_pattipola_railway_station,Pattipola Railway Station,Pattipola_railway_station,2024,3,408,Wikimedia Pageviews API monthly per-article
lk_nuwara_eliya_pattipola_railway_station,Pattipola Railway Station,Pattipola_railway_station,2024,4,446,Wikimedia Pageviews API monthly per-article
lk_nuwara_eliya_pattipola_railway_station,Pattipola Railway Station,Pattipola_railway_station,2024,5,306,Wikimedia Pageviews API monthly per-article
lk_nuwara_eliya_pattipola_railway_station,Pattipola Railway Station,Pattipola_railway_station,2024,6,224,Wikimedia Pageviews API monthly per-article
lk_nuwara_eliya_pattipola_railway_station,Pattipola Railway Station,Pattipola_railway_station,2024,7,231,Wikimedia Pageviews API monthly per-article
lk_nuwara_eliya_pattipola_railway_station,Pattipola Railway Station,Pattipola_railway_station,2024,8,285,Wikimedia Pageviews API monthly per-article
lk_nuwara_eliya_pattipola_railway_station,Pattipola Railway Station,Pattipola_railway_station,2024,9,254,Wikimedia Pageviews API monthly per-article
lk_nuwara_eliya_pattipola_railway_station,Pattipola Railway Station,Pattipola_railway_station,2024,10,171,Wikimedia Pageviews API monthly per-article
lk_nuwara_eliya_pattipola_railway_station,Pattipola Railway Station,Pattipola_railway_station,2024,11,177,Wikimedia Pageviews API monthly per-article
lk_nuwara_eliya_pattipola_railway_station,Pattipola Railway Station,Pattipola_railway_station,2024,12,246,Wikimedia Pageviews API monthly per-article
lk_nuwara_eliya_pattipola_railway_station,Pattipola Railway Station,Pattipola_railway_station,2025,1,314,Wikimedia Pageviews API monthly per-article
lk_nuwara_eliya_pattipola_railway_station,Pattipola Railway Station,Pattipola_railway_station,2025,2,210,Wikimedia Pageviews API monthly per-article
lk_nuwara_eliya_pattipola_railway_station,Pattipola Railway Station,Pattipola_railway_station,2025,3,226,Wikimedia Pageviews API monthly per-article
lk_nuwara_eliya_pattipola_railway_station,Pattipola Railway Station,Pattipola_railway_station,2025,4,194,Wikimedia Pageviews API monthly per-article
lk_nuwara_eliya_pattipola_railway_station,Pattipola Railway Station,Pattipola_railway_station,2025,5,183,Wikimedia Pageviews API monthly per-article
lk_nuwara_eliya_pattipola_railway_station,Pattipola Railway Station,Pattipola_railway_station,2025,6,211,Wikimedia Pageviews API monthly per-article
lk_nuwara_eliya_pattipola_railway_station,Pattipola Railway Station,Pattipola_railway_station,2025,7,180,Wikimedia Pageviews API monthly per-article
lk_nuwara_eliya_pattipola_railway_station,Pattipola Railway Station,Pattipola_railway_station,2025,8,201,Wikimedia Pageviews API monthly per-article
lk_nuwara_eliya_pattipola_railway_station,Pattipola Railway Station,Pattipola_railway_station,2025,9,179,Wikimedia Pageviews API monthly per-article
lk_nuwara_eliya_pattipola_railway_station,Pattipola Railway Station,Pattipola_railway_station,2025,10,224,Wikimedia Pageviews API monthly per-article
lk_nuwara_eliya_pattipola_railway_station,Pattipola Railway Station,Pattipola_railway_station,2025,11,249,Wikimedia Pageviews API monthly per-article
lk_nuwara_eliya_pattipola_railway_station,Pattipola Railway Station,Pattipola_railway_station,2025,12,174,Wikimedia Pageviews API monthly per-article
lk_nuwara_eliya_pattipola_railway_station,Pattipola Railway Station,Pattipola_railway_station,2026,1,5,Wikimedia Pageviews API monthly per-article
lk_polonnaruwa_ancient_city_of_polonnaruwa,Ancient City of Polonnaruwa,Polonnaruwa,2024,1,6842,Wikimedia Pageviews API monthly per-article
lk_polonnaruwa_ancient_city_of_polonnaruwa,Ancient City of Polonnaruwa,Polonnaruwa,2024,2,5745,Wikimedia Pageviews API monthly per-article
lk_polonnaruwa_ancient_city_of_polonnaruwa,Ancient City of Polonnaruwa,Polonnaruwa,2024,3,5444,Wikimedia Pageviews API monthly per-article
lk_polonnaruwa_ancient_city_of_polonnaruwa,Ancient City of Polonnaruwa,Polonnaruwa,2024,4,4534,Wikimedia Pageviews API monthly per-article
lk_polonnaruwa_ancient_city_of_polonnaruwa,Ancient City of Polonnaruwa,Polonnaruwa,2024,5,3782,Wikimedia Pageviews API monthly per-article
lk_polonnaruwa_ancient_city_of_polonnaruwa,Ancient City of Polonnaruwa,Polonnaruwa,2024,6,3374,Wikimedia Pageviews API monthly per-article
lk_polonnaruwa_ancient_city_of_polonnaruwa,Ancient City of Polonnaruwa,Polonnaruwa,2024,7,4651,Wikimedia Pageviews API monthly per-article
lk_polonnaruwa_ancient_city_of_polonnaruwa,Ancient City of Polonnaruwa,Polonnaruwa,2024,8,4493,Wikimedia Pageviews API monthly per-article
lk_polonnaruwa_ancient_city_of_polonnaruwa,Ancient City of Polonnaruwa,Polonnaruwa,2024,9,4315,Wikimedia Pageviews API monthly per-article
lk_polonnaruwa_ancient_city_of_polonnaruwa,Ancient City of Polonnaruwa,Polonnaruwa,2024,10,4476,Wikimedia Pageviews API monthly per-article
lk_polonnaruwa_ancient_city_of_polonnaruwa,Ancient City of Polonnaruwa,Polonnaruwa,2024,11,4473,Wikimedia Pageviews API monthly per-article
lk_polonnaruwa_ancient_city_of_polonnaruwa,Ancient City of Polonnaruwa,Polonnaruwa,2024,12,4824,Wikimedia Pageviews API monthly per-article
lk_polonnaruwa_ancient_city_of_polonnaruwa,Ancient City of Polonnaruwa,Polonnaruwa,2025,1,5885,Wikimedia Pageviews API monthly per-article
lk_polonnaruwa_ancient_city_of_polonnaruwa,Ancient City of Polonnaruwa,Polonnaruwa,2025,2,5147,Wikimedia Pageviews API monthly per-article
lk_polonnaruwa_ancient_city_of_polonnaruwa,Ancient City of Polonnaruwa,Polonnaruwa,2025,3,5078,Wikimedia Pageviews API monthly per-article
lk_polonnaruwa_ancient_city_of_polonnaruwa,Ancient City of Polonnaruwa,Polonnaruwa,2025,4,3951,Wikimedia Pageviews API monthly per-article
lk_polonnaruwa_ancient_city_of_polonnaruwa,Ancient City of Polonnaruwa,Polonnaruwa,2025,5,3483,Wikimedia Pageviews API monthly per-article
lk_polonnaruwa_ancient_city_of_polonnaruwa,Ancient City of Polonnaruwa,Polonnaruwa,2025,6,3539,Wikimedia Pageviews API monthly per-article
lk_polonnaruwa_ancient_city_of_polonnaruwa,Ancient City of Polonnaruwa,Polonnaruwa,2025,7,4015,Wikimedia Pageviews API monthly per-article
lk_polonnaruwa_ancient_city_of_polonnaruwa,Ancient City of Polonnaruwa,Polonnaruwa,2025,8,4446,Wikimedia Pageviews API monthly per-article
lk_polonnaruwa_ancient_city_of_polonnaruwa,Ancient City of Polonnaruwa,Polonnaruwa,2025,9,3781,Wikimedia Pageviews API monthly per-article
lk_polonnaruwa_ancient_city_of_polonnaruwa,Ancient City of Polonnaruwa,Polonnaruwa,2025,10,3494,Wikimedia Pageviews API monthly per-article
lk_polonnaruwa_ancient_city_of_polonnaruwa,Ancient City of Polonnaruwa,Polonnaruwa,2025,11,3684,Wikimedia Pageviews API monthly per-article
lk_polonnaruwa_ancient_city_of_polonnaruwa,Ancient City of Polonnaruwa,Polonnaruwa,2025,12,3433,Wikimedia Pageviews API monthly per-article
lk_polonnaruwa_ancient_city_of_polonnaruwa,Ancient City of Polonnaruwa,Polonnaruwa,2026,1,117,Wikimedia Pageviews API monthly per-article
lk_polonnaruwa_gal_vihara,Gal Vihara,Gal_Vihara,2024,1,2307,Wikimedia Pageviews API monthly per-article
lk_polonnaruwa_gal_vihara,Gal Vihara,Gal_Vihara,2024,2,1946,Wikimedia Pageviews API monthly per-article
lk_polonnaruwa_gal_vihara,Gal Vihara,Gal_Vihara,2024,3,1906,Wikimedia Pageviews API monthly per-article
lk_polonnaruwa_gal_vihara,Gal Vihara,Gal_Vihara,2024,4,1441,Wikimedia Pageviews API monthly per-article
lk_polonnaruwa_gal_vihara,Gal Vihara,Gal_Vihara,2024,5,1421,Wikimedia Pageviews API monthly per-article
lk_polonnaruwa_gal_vihara,Gal Vihara,Gal_Vihara,2024,6,1184,Wikimedia Pageviews API monthly per-article
lk_polonnaruwa_gal_vihara,Gal Vihara,Gal_Vihara,2024,7,1341,Wikimedia Pageviews API monthly per-article
lk_polonnaruwa_gal_vihara,Gal Vihara,Gal_Vihara,2024,8,1526,Wikimedia Pageviews API monthly per-article
lk_polonnaruwa_gal_vihara,Gal Vihara,Gal_Vihara,2024,9,1432,Wikimedia Pageviews API monthly per-article
lk_polonnaruwa_gal_vihara,Gal Vihara,Gal_Vihara,2024,10,1762,Wikimedia Pageviews API monthly per-article
lk_polonnaruwa_gal_vihara,Gal Vihara,Gal_Vihara,2024,11,1855,Wikimedia Pageviews API monthly per-article
lk_polonnaruwa_gal_vihara,Gal Vihara,Gal_Vihara,2024,12,1530,Wikimedia Pageviews API monthly per-article
lk_polonnaruwa_gal_vihara,Gal Vihara,Gal_Vihara,2025,1,1752,Wikimedia Pageviews API monthly per-article
lk_polonnaruwa_gal_vihara,Gal Vihara,Gal_Vihara,2025,2,1524,Wikimedia Pageviews API monthly per-article
lk_polonnaruwa_gal_vihara,Gal Vihara,Gal_Vihara,2025,3,1540,Wikimedia Pageviews API monthly per-article
lk_polonnaruwa_gal_vihara,Gal Vihara,Gal_Vihara,2025,4,1316,Wikimedia Pageviews API monthly per-article
lk_polonnaruwa_gal_vihara,Gal Vihara,Gal_Vihara,2025,5,1180,Wikimedia Pageviews API monthly per-article
lk_polonnaruwa_gal_vihara,Gal Vihara,Gal_Vihara,2025,6,1051,Wikimedia Pageviews API monthly per-article
lk_polonnaruwa_gal_vihara,Gal Vihara,Gal_Vihara,2025,7,1267,Wikimedia Pageviews API monthly per-article
lk_polonnaruwa_gal_vihara,Gal Vihara,Gal_Vihara,2025,8,1299,Wikimedia Pageviews API monthly per-article
lk_polonnaruwa_gal_vihara,Gal Vihara,Gal_Vihara,2025,9,1343,Wikimedia Pageviews API monthly per-article
lk_polonnaruwa_gal_vihara,Gal Vihara,Gal_Vihara,2025,10,1576,Wikimedia Pageviews API monthly per-article
lk_polonnaruwa_gal_vihara,Gal Vihara,Gal_Vihara,2025,11,1273,Wikimedia Pageviews API monthly per-article
lk_polonnaruwa_gal_vihara,Gal Vihara,Gal_Vihara,2025,12,1095,Wikimedia Pageviews API monthly per-article
lk_polonnaruwa_gal_vihara,Gal Vihara,Gal_Vihara,2026,1,43,Wikimedia Pageviews API monthly per-article
lk_polonnaruwa_minneriya_national_park,Minneriya National Park,Minneriya_National_Park,2024,1,1295,Wikimedia Pageviews API monthly per-article
lk_polonnaruwa_minneriya_national_park,Minneriya National Park,Minneriya_National_Park,2024,2,984,Wikimedia Pageviews API monthly per-article
lk_polonnaruwa_minneriya_national_park,Minneriya National Park,Minneriya_National_Park,2024,3,981,Wikimedia Pageviews API monthly per-article
lk_polonnaruwa_minneriya_national_park,Minneriya National Park,Minneriya_National_Park,2024,4,831,Wikimedia Pageviews API monthly per-article
lk_polonnaruwa_minneriya_national_park,Minneriya National Park,Minneriya_National_Park,2024,5,735,Wikimedia Pageviews API monthly per-article
lk_polonnaruwa_minneriya_national_park,Minneriya National Park,Minneriya_National_Park,2024,6,704,Wikimedia Pageviews API monthly per-article
lk_polonnaruwa_minneriya_national_park,Minneriya National Park,Minneriya_National_Park,2024,7,1196,Wikimedia Pageviews API monthly per-article
lk_polonnaruwa_minneriya_national_park,Minneriya National Park,Minneriya_National_Park,2024,8,1223,Wikimedia Pageviews API monthly per-article
lk_polonnaruwa_minneriya_national_park,Minneriya National Park,Minneriya_National_Park,2024,9,989,Wikimedia Pageviews API monthly per-article
lk_polonnaruwa_minneriya_national_park,Minneriya National Park,Minneriya_National_Park,2024,10,860,Wikimedia Pageviews API monthly per-article
lk_polonnaruwa_minneriya_national_park,Minneriya National Park,Minneriya_National_Park,2024,11,832,Wikimedia Pageviews API monthly per-article
lk_polonnaruwa_minneriya_national_park,Minneriya National Park,Minneriya_National_Park,2024,12,930,Wikimedia Pageviews API monthly per-article
lk_polonnaruwa_minneriya_national_park,Minneriya National Park,Minneriya_National_Park,2025,1,1003,Wikimedia Pageviews API monthly per-article
lk_polonnaruwa_minneriya_national_park,Minneriya National Park,Minneriya_National_Park,2025,2,840,Wikimedia Pageviews API monthly per-article
lk_polonnaruwa_minneriya_national_park,Minneriya National Park,Minneriya_National_Park,2025,3,877,Wikimedia Pageviews API monthly per-article
lk_polonnaruwa_minneriya_national_park,Minneriya National Park,Minneriya_National_Park,2025,4,751,Wikimedia Pageviews API monthly per-article
lk_polonnaruwa_minneriya_national_park,Minneriya National Park,Minneriya_National_Park,2025,5,569,Wikimedia Pageviews API monthly per-article
lk_polonnaruwa_minneriya_national_park,Minneriya National Park,Minneriya_National_Park,2025,6,656,Wikimedia Pageviews API monthly per-article
lk_polonnaruwa_minneriya_national_park,Minneriya National Park,Minneriya_National_Park,2025,7,1037,Wikimedia Pageviews API monthly per-article
lk_polonnaruwa_minneriya_national_park,Minneriya National Park,Minneriya_National_Park,2025,8,1267,Wikimedia Pageviews API monthly per-article
lk_polonnaruwa_minneriya_national_park,Minneriya National Park,Minneriya_National_Park,2025,9,922,Wikimedia Pageviews API monthly per-article
lk_polonnaruwa_minneriya_national_park,Minneriya National Park,Minneriya_National_Park,2025,10,765,Wikimedia Pageviews API monthly per-article
lk_polonnaruwa_minneriya_national_park,Minneriya National Park,Minneriya_National_Park,2025,11,704,Wikimedia Pageviews API monthly per-article
lk_polonnaruwa_minneriya_national_park,Minneriya National Park,Minneriya_National_Park,2025,12,583,Wikimedia Pageviews API monthly per-article
lk_polonnaruwa_minneriya_national_park,Minneriya National Park,Minneriya_National_Park,2026,1,14,Wikimedia Pageviews API monthly per-article
lk_polonnaruwa_polonnaruwa_vatadage,Polonnaruwa Vatadage,Polonnaruwa_Vatadage,2024,1,693,Wikimedia Pageviews API monthly per-article
lk_polonnaruwa_polonnaruwa_vatadage,Polonnaruwa Vatadage,Polonnaruwa_Vatadage,2024,2,778,Wikimedia Pageviews API monthly per-article
lk_polonnaruwa_polonnaruwa_vatadage,Polonnaruwa Vatadage,Polonnaruwa_Vatadage,2024,3,673,Wikimedia Pageviews API monthly per-article
lk_polonnaruwa_polonnaruwa_vatadage,Polonnaruwa Vatadage,Polonnaruwa_Vatadage,2024,4,582,Wikimedia Pageviews API monthly per-article
lk_polonnaruwa_polonnaruwa_vatadage,Polonnaruwa Vatadage,Polonnaruwa_Vatadage,2024,5,589,Wikimedia Pageviews API monthly per-article
lk_polonnaruwa_polonnaruwa_vatadage,Polonnaruwa Vatadage,Polonnaruwa_Vatadage,2024,6,462,Wikimedia Pageviews API monthly per-article
lk_polonnaruwa_polonnaruwa_vatadage,Polonnaruwa Vatadage,Polonnaruwa_Vatadage,2024,7,590,Wikimedia Pageviews API monthly per-article
lk_polonnaruwa_polonnaruwa_vatadage,Polonnaruwa Vatadage,Polonnaruwa_Vatadage,2024,8,608,Wikimedia Pageviews API monthly per-article
lk_polonnaruwa_polonnaruwa_vatadage,Polonnaruwa Vatadage,Polonnaruwa_Vatadage,2024,9,477,Wikimedia Pageviews API monthly per-article
lk_polonnaruwa_polonnaruwa_vatadage,Polonnaruwa Vatadage,Polonnaruwa_Vatadage,2024,10,667,Wikimedia Pageviews API monthly per-article
lk_polonnaruwa_polonnaruwa_vatadage,Polonnaruwa Vatadage,Polonnaruwa_Vatadage,2024,11,671,Wikimedia Pageviews API monthly per-article
lk_polonnaruwa_polonnaruwa_vatadage,Polonnaruwa Vatadage,Polonnaruwa_Vatadage,2024,12,580,Wikimedia Pageviews API monthly per-article
lk_polonnaruwa_polonnaruwa_vatadage,Polonnaruwa Vatadage,Polonnaruwa_Vatadage,2025,1,807,Wikimedia Pageviews API monthly per-article
lk_polonnaruwa_polonnaruwa_vatadage,Polonnaruwa Vatadage,Polonnaruwa_Vatadage,2025,2,583,Wikimedia Pageviews API monthly per-article
lk_polonnaruwa_polonnaruwa_vatadage,Polonnaruwa Vatadage,Polonnaruwa_Vatadage,2025,3,761,Wikimedia Pageviews API monthly per-article
lk_polonnaruwa_polonnaruwa_vatadage,Polonnaruwa Vatadage,Polonnaruwa_Vatadage,2025,4,491,Wikimedia Pageviews API monthly per-article
lk_polonnaruwa_polonnaruwa_vatadage,Polonnaruwa Vatadage,Polonnaruwa_Vatadage,2025,5,405,Wikimedia Pageviews API monthly per-article
lk_polonnaruwa_polonnaruwa_vatadage,Polonnaruwa Vatadage,Polonnaruwa_Vatadage,2025,6,452,Wikimedia Pageviews API monthly per-article
lk_polonnaruwa_polonnaruwa_vatadage,Polonnaruwa Vatadage,Polonnaruwa_Vatadage,2025,7,506,Wikimedia Pageviews API monthly per-article
lk_polonnaruwa_polonnaruwa_vatadage,Polonnaruwa Vatadage,Polonnaruwa_Vatadage,2025,8,551,Wikimedia Pageviews API monthly per-article
lk_polonnaruwa_polonnaruwa_vatadage,Polonnaruwa Vatadage,Polonnaruwa_Vatadage,2025,9,459,Wikimedia Pageviews API monthly per-article
lk_polonnaruwa_polonnaruwa_vatadage,Polonnaruwa Vatadage,Polonnaruwa_Vatadage,2025,10,475,Wikimedia Pageviews API monthly per-article
lk_polonnaruwa_polonnaruwa_vatadage,Polonnaruwa Vatadage,Polonnaruwa_Vatadage,2025,11,431,Wikimedia Pageviews API monthly per-article
lk_polonnaruwa_polonnaruwa_vatadage,Polonnaruwa Vatadage,Polonnaruwa_Vatadage,2025,12,356,Wikimedia Pageviews API monthly per-article
lk_polonnaruwa_polonnaruwa_vatadage,Polonnaruwa Vatadage,Polonnaruwa_Vatadage,2026,1,6,Wikimedia Pageviews API monthly per-article
lk_polonnaruwa_kaudulla_national_park,Kaudulla National Park,Kaudulla_National_Park,2024,1,444,Wikimedia Pageviews API monthly per-article
lk_polonnaruwa_kaudulla_national_park,Kaudulla National Park,Kaudulla_National_Park,2024,2,296,Wikimedia Pageviews API monthly per-article
lk_polonnaruwa_kaudulla_national_park,Kaudulla National Park,Kaudulla_National_Park,2024,3,262,Wikimedia Pageviews API monthly per-article
lk_polonnaruwa_kaudulla_national_park,Kaudulla National Park,Kaudulla_National_Park,2024,4,280,Wikimedia Pageviews API monthly per-article
lk_polonnaruwa_kaudulla_national_park,Kaudulla National Park,Kaudulla_National_Park,2024,5,236,Wikimedia Pageviews API monthly per-article
lk_polonnaruwa_kaudulla_national_park,Kaudulla National Park,Kaudulla_National_Park,2024,6,242,Wikimedia Pageviews API monthly per-article
lk_polonnaruwa_kaudulla_national_park,Kaudulla National Park,Kaudulla_National_Park,2024,7,349,Wikimedia Pageviews API monthly per-article
lk_polonnaruwa_kaudulla_national_park,Kaudulla National Park,Kaudulla_National_Park,2024,8,663,Wikimedia Pageviews API monthly per-article
lk_polonnaruwa_kaudulla_national_park,Kaudulla National Park,Kaudulla_National_Park,2024,9,340,Wikimedia Pageviews API monthly per-article
lk_polonnaruwa_kaudulla_national_park,Kaudulla National Park,Kaudulla_National_Park,2024,10,522,Wikimedia Pageviews API monthly per-article
lk_polonnaruwa_kaudulla_national_park,Kaudulla National Park,Kaudulla_National_Park,2024,11,391,Wikimedia Pageviews API monthly per-article
lk_polonnaruwa_kaudulla_national_park,Kaudulla National Park,Kaudulla_National_Park,2024,12,357,Wikimedia Pageviews API monthly per-article
lk_polonnaruwa_kaudulla_national_park,Kaudulla National Park,Kaudulla_National_Park,2025,1,407,Wikimedia Pageviews API monthly per-article
lk_polonnaruwa_kaudulla_national_park,Kaudulla National Park,Kaudulla_National_Park,2025,2,298,Wikimedia Pageviews API monthly per-article
lk_polonnaruwa_kaudulla_national_park,Kaudulla National Park,Kaudulla_National_Park,2025,3,260,Wikimedia Pageviews API monthly per-article
lk_polonnaruwa_kaudulla_national_park,Kaudulla National Park,Kaudulla_National_Park,2025,4,227,Wikimedia Pageviews API monthly per-article
lk_polonnaruwa_kaudulla_national_park,Kaudulla National Park,Kaudulla_National_Park,2025,5,203,Wikimedia Pageviews API monthly per-article
lk_polonnaruwa_kaudulla_national_park,Kaudulla National Park,Kaudulla_National_Park,2025,6,258,Wikimedia Pageviews API monthly per-article
lk_polonnaruwa_kaudulla_national_park,Kaudulla National Park,Kaudulla_National_Park,2025,7,318,Wikimedia Pageviews API monthly per-article
lk_polonnaruwa_kaudulla_national_park,Kaudulla National Park,Kaudulla_National_Park,2025,8,717,Wikimedia Pageviews API monthly per-article
lk_polonnaruwa_kaudulla_national_park,Kaudulla National Park,Kaudulla_National_Park,2025,9,425,Wikimedia Pageviews API monthly per-article
lk_polonnaruwa_kaudulla_national_park,Kaudulla National Park,Kaudulla_National_Park,2025,10,518,Wikimedia Pageviews API monthly per-article
lk_polonnaruwa_kaudulla_national_park,Kaudulla National Park,Kaudulla_National_Park,2025,11,419,Wikimedia Pageviews API monthly per-article
lk_polonnaruwa_kaudulla_national_park,Kaudulla National Park,Kaudulla_National_Park,2025,12,175,Wikimedia Pageviews API monthly per-article
lk_polonnaruwa_kaudulla_national_park,Kaudulla National Park,Kaudulla_National_Park,2026,1,2,Wikimedia Pageviews API monthly per-article
lk_polonnaruwa_medirigiriya_vatadage,Medirigiriya Vatadage,Medirigiriya_Vatadage,2024,1,282,Wikimedia Pageviews API monthly per-article
lk_polonnaruwa_medirigiriya_vatadage,Medirigiriya Vatadage,Medirigiriya_Vatadage,2024,2,265,Wikimedia Pageviews API monthly per-article
lk_polonnaruwa_medirigiriya_vatadage,Medirigiriya Vatadage,Medirigiriya_Vatadage,2024,3,240,Wikimedia Pageviews API monthly per-article
lk_polonnaruwa_medirigiriya_vatadage,Medirigiriya Vatadage,Medirigiriya_Vatadage,2024,4,143,Wikimedia Pageviews API monthly per-article
lk_polonnaruwa_medirigiriya_vatadage,Medirigiriya Vatadage,Medirigiriya_Vatadage,2024,5,150,Wikimedia Pageviews API monthly per-article
lk_polonnaruwa_medirigiriya_vatadage,Medirigiriya Vatadage,Medirigiriya_Vatadage,2024,6,153,Wikimedia Pageviews API monthly per-article
lk_polonnaruwa_medirigiriya_vatadage,Medirigiriya Vatadage,Medirigiriya_Vatadage,2024,7,186,Wikimedia Pageviews API monthly per-article
lk_polonnaruwa_medirigiriya_vatadage,Medirigiriya Vatadage,Medirigiriya_Vatadage,2024,8,203,Wikimedia Pageviews API monthly per-article
lk_polonnaruwa_medirigiriya_vatadage,Medirigiriya Vatadage,Medirigiriya_Vatadage,2024,9,190,Wikimedia Pageviews API monthly per-article
lk_polonnaruwa_medirigiriya_vatadage,Medirigiriya Vatadage,Medirigiriya_Vatadage,2024,10,198,Wikimedia Pageviews API monthly per-article
lk_polonnaruwa_medirigiriya_vatadage,Medirigiriya Vatadage,Medirigiriya_Vatadage,2024,11,188,Wikimedia Pageviews API monthly per-article
lk_polonnaruwa_medirigiriya_vatadage,Medirigiriya Vatadage,Medirigiriya_Vatadage,2024,12,222,Wikimedia Pageviews API monthly per-article
lk_polonnaruwa_medirigiriya_vatadage,Medirigiriya Vatadage,Medirigiriya_Vatadage,2025,1,218,Wikimedia Pageviews API monthly per-article
lk_polonnaruwa_medirigiriya_vatadage,Medirigiriya Vatadage,Medirigiriya_Vatadage,2025,2,164,Wikimedia Pageviews API monthly per-article
lk_polonnaruwa_medirigiriya_vatadage,Medirigiriya Vatadage,Medirigiriya_Vatadage,2025,3,250,Wikimedia Pageviews API monthly per-article
lk_polonnaruwa_medirigiriya_vatadage,Medirigiriya Vatadage,Medirigiriya_Vatadage,2025,4,288,Wikimedia Pageviews API monthly per-article
lk_polonnaruwa_medirigiriya_vatadage,Medirigiriya Vatadage,Medirigiriya_Vatadage,2025,5,139,Wikimedia Pageviews API monthly per-article
lk_polonnaruwa_medirigiriya_vatadage,Medirigiriya Vatadage,Medirigiriya_Vatadage,2025,6,158,Wikimedia Pageviews API monthly per-article
lk_polonnaruwa_medirigiriya_vatadage,Medirigiriya Vatadage,Medirigiriya_Vatadage,2025,7,175,Wikimedia Pageviews API monthly per-article
lk_polonnaruwa_medirigiriya_vatadage,Medirigiriya Vatadage,Medirigiriya_Vatadage,2025,8,159,Wikimedia Pageviews API monthly per-article
lk_polonnaruwa_medirigiriya_vatadage,Medirigiriya Vatadage,Medirigiriya_Vatadage,2025,9,191,Wikimedia Pageviews API monthly per-article
lk_polonnaruwa_medirigiriya_vatadage,Medirigiriya Vatadage,Medirigiriya_Vatadage,2025,10,198,Wikimedia Pageviews API monthly per-article
lk_polonnaruwa_medirigiriya_vatadage,Medirigiriya Vatadage,Medirigiriya_Vatadage,2025,11,128,Wikimedia Pageviews API monthly per-article
lk_polonnaruwa_medirigiriya_vatadage,Medirigiriya Vatadage,Medirigiriya_Vatadage,2025,12,111,Wikimedia Pageviews API monthly per-article
lk_polonnaruwa_medirigiriya_vatadage,Medirigiriya Vatadage,Medirigiriya_Vatadage,2026,1,5,Wikimedia Pageviews API monthly per-article
lk_polonnaruwa_rankoth_vehera,Rankoth Vehera,Rankoth_Vehera,2024,1,487,Wikimedia Pageviews API monthly per-article
lk_polonnaruwa_rankoth_vehera,Rankoth Vehera,Rankoth_Vehera,2024,2,496,Wikimedia Pageviews API monthly per-article
lk_polonnaruwa_rankoth_vehera,Rankoth Vehera,Rankoth_Vehera,2024,3,533,Wikimedia Pageviews API monthly per-article
lk_polonnaruwa_rankoth_vehera,Rankoth Vehera,Rankoth_Vehera,2024,4,429,Wikimedia Pageviews API monthly per-article
lk_polonnaruwa_rankoth_vehera,Rankoth Vehera,Rankoth_Vehera,2024,5,380,Wikimedia Pageviews API monthly per-article
lk_polonnaruwa_rankoth_vehera,Rankoth Vehera,Rankoth_Vehera,2024,6,330,Wikimedia Pageviews API monthly per-article
lk_polonnaruwa_rankoth_vehera,Rankoth Vehera,Rankoth_Vehera,2024,7,451,Wikimedia Pageviews API monthly per-article
lk_polonnaruwa_rankoth_vehera,Rankoth Vehera,Rankoth_Vehera,2024,8,510,Wikimedia Pageviews API monthly per-article
lk_polonnaruwa_rankoth_vehera,Rankoth Vehera,Rankoth_Vehera,2024,9,353,Wikimedia Pageviews API monthly per-article
lk_polonnaruwa_rankoth_vehera,Rankoth Vehera,Rankoth_Vehera,2024,10,344,Wikimedia Pageviews API monthly per-article
lk_polonnaruwa_rankoth_vehera,Rankoth Vehera,Rankoth_Vehera,2024,11,394,Wikimedia Pageviews API monthly per-article
lk_polonnaruwa_rankoth_vehera,Rankoth Vehera,Rankoth_Vehera,2024,12,460,Wikimedia Pageviews API monthly per-article
lk_polonnaruwa_rankoth_vehera,Rankoth Vehera,Rankoth_Vehera,2025,1,544,Wikimedia Pageviews API monthly per-article
lk_polonnaruwa_rankoth_vehera,Rankoth Vehera,Rankoth_Vehera,2025,2,508,Wikimedia Pageviews API monthly per-article
lk_polonnaruwa_rankoth_vehera,Rankoth Vehera,Rankoth_Vehera,2025,3,554,Wikimedia Pageviews API monthly per-article
lk_polonnaruwa_rankoth_vehera,Rankoth Vehera,Rankoth_Vehera,2025,4,412,Wikimedia Pageviews API monthly per-article
lk_polonnaruwa_rankoth_vehera,Rankoth Vehera,Rankoth_Vehera,2025,5,325,Wikimedia Pageviews API monthly per-article
lk_polonnaruwa_rankoth_vehera,Rankoth Vehera,Rankoth_Vehera,2025,6,319,Wikimedia Pageviews API monthly per-article
lk_polonnaruwa_rankoth_vehera,Rankoth Vehera,Rankoth_Vehera,2025,7,394,Wikimedia Pageviews API monthly per-article
lk_polonnaruwa_rankoth_vehera,Rankoth Vehera,Rankoth_Vehera,2025,8,515,Wikimedia Pageviews API monthly per-article
lk_polonnaruwa_rankoth_vehera,Rankoth Vehera,Rankoth_Vehera,2025,9,321,Wikimedia Pageviews API monthly per-article
lk_polonnaruwa_rankoth_vehera,Rankoth Vehera,Rankoth_Vehera,2025,10,328,Wikimedia Pageviews API monthly per-article
lk_polonnaruwa_rankoth_vehera,Rankoth Vehera,Rankoth_Vehera,2025,11,395,Wikimedia Pageviews API monthly per-article
lk_polonnaruwa_rankoth_vehera,Rankoth Vehera,Rankoth_Vehera,2025,12,364,Wikimedia Pageviews API monthly per-article
lk_polonnaruwa_rankoth_vehera,Rankoth Vehera,Rankoth_Vehera,2026,1,8,Wikimedia Pageviews API monthly per-article
lk_polonnaruwa_royal_palace_of_king_parakramabahu,Royal Palace of King Parakramabahu,Polonnaruwa,2024,1,6842,Wikimedia Pageviews API monthly per-article
lk_polonnaruwa_royal_palace_of_king_parakramabahu,Royal Palace of King Parakramabahu,Polonnaruwa,2024,2,5745,Wikimedia Pageviews API monthly per-article
lk_polonnaruwa_royal_palace_of_king_parakramabahu,Royal Palace of King Parakramabahu,Polonnaruwa,2024,3,5444,Wikimedia Pageviews API monthly per-article
lk_polonnaruwa_royal_palace_of_king_parakramabahu,Royal Palace of King Parakramabahu,Polonnaruwa,2024,4,4534,Wikimedia Pageviews API monthly per-article
lk_polonnaruwa_royal_palace_of_king_parakramabahu,Royal Palace of King Parakramabahu,Polonnaruwa,2024,5,3782,Wikimedia Pageviews API monthly per-article
lk_polonnaruwa_royal_palace_of_king_parakramabahu,Royal Palace of King Parakramabahu,Polonnaruwa,2024,6,3374,Wikimedia Pageviews API monthly per-article
lk_polonnaruwa_royal_palace_of_king_parakramabahu,Royal Palace of King Parakramabahu,Polonnaruwa,2024,7,4651,Wikimedia Pageviews API monthly per-article
lk_polonnaruwa_royal_palace_of_king_parakramabahu,Royal Palace of King Parakramabahu,Polonnaruwa,2024,8,4493,Wikimedia Pageviews API monthly per-article
lk_polonnaruwa_royal_palace_of_king_parakramabahu,Royal Palace of King Parakramabahu,Polonnaruwa,2024,9,4315,Wikimedia Pageviews API monthly per-article
lk_polonnaruwa_royal_palace_of_king_parakramabahu,Royal Palace of King Parakramabahu,Polonnaruwa,2024,10,4476,Wikimedia Pageviews API monthly per-article
lk_polonnaruwa_royal_palace_of_king_parakramabahu,Royal Palace of King Parakramabahu,Polonnaruwa,2024,11,4473,Wikimedia Pageviews API monthly per-article
lk_polonnaruwa_royal_palace_of_king_parakramabahu,Royal Palace of King Parakramabahu,Polonnaruwa,2024,12,4824,Wikimedia Pageviews API monthly per-article
lk_polonnaruwa_royal_palace_of_king_parakramabahu,Royal Palace of King Parakramabahu,Polonnaruwa,2025,1,5885,Wikimedia Pageviews API monthly per-article
lk_polonnaruwa_royal_palace_of_king_parakramabahu,Royal Palace of King Parakramabahu,Polonnaruwa,2025,2,5147,Wikimedia Pageviews API monthly per-article
lk_polonnaruwa_royal_palace_of_king_parakramabahu,Royal Palace of King Parakramabahu,Polonnaruwa,2025,3,5078,Wikimedia Pageviews API monthly per-article
lk_polonnaruwa_royal_palace_of_king_parakramabahu,Royal Palace of King Parakramabahu,Polonnaruwa,2025,4,3951,Wikimedia Pageviews API monthly per-article
lk_polonnaruwa_royal_palace_of_king_parakramabahu,Royal Palace of King Parakramabahu,Polonnaruwa,2025,5,3483,Wikimedia Pageviews API monthly per-article
lk_polonnaruwa_royal_palace_of_king_parakramabahu,Royal Palace of King Parakramabahu,Polonnaruwa,2025,6,3539,Wikimedia Pageviews API monthly per-article
lk_polonnaruwa_royal_palace_of_king_parakramabahu,Royal Palace of King Parakramabahu,Polonnaruwa,2025,7,4015,Wikimedia Pageviews API monthly per-article
lk_polonnaruwa_royal_palace_of_king_parakramabahu,Royal Palace of King Parakramabahu,Polonnaruwa,2025,8,4446,Wikimedia Pageviews API monthly per-article
lk_polonnaruwa_royal_palace_of_king_parakramabahu,Royal Palace of King Parakramabahu,Polonnaruwa,2025,9,3781,Wikimedia Pageviews API monthly per-article
lk_polonnaruwa_royal_palace_of_king_parakramabahu,Royal Palace of King Parakramabahu,Polonnaruwa,2025,10,3494,Wikimedia Pageviews API monthly per-article
lk_polonnaruwa_royal_palace_of_king_parakramabahu,Royal Palace of King Parakramabahu,Polonnaruwa,2025,11,3684,Wikimedia Pageviews API monthly per-article
lk_polonnaruwa_royal_palace_of_king_parakramabahu,Royal Palace of King Parakramabahu,Polonnaruwa,2025,12,3433,Wikimedia Pageviews API monthly per-article
lk_polonnaruwa_royal_palace_of_king_parakramabahu,Royal Palace of King Parakramabahu,Polonnaruwa,2026,1,117,Wikimedia Pageviews API monthly per-article
lk_polonnaruwa_parakrama_samudra,Parakrama Samudra,Parakrama_Samudra,2024,1,1522,Wikimedia Pageviews API monthly per-article
lk_polonnaruwa_parakrama_samudra,Parakrama Samudra,Parakrama_Samudra,2024,2,1135,Wikimedia Pageviews API monthly per-article
lk_polonnaruwa_parakrama_samudra,Parakrama Samudra,Parakrama_Samudra,2024,3,730,Wikimedia Pageviews API monthly per-article
lk_polonnaruwa_parakrama_samudra,Parakrama Samudra,Parakrama_Samudra,2024,4,719,Wikimedia Pageviews API monthly per-article
lk_polonnaruwa_parakrama_samudra,Parakrama Samudra,Parakrama_Samudra,2024,5,714,Wikimedia Pageviews API monthly per-article
lk_polonnaruwa_parakrama_samudra,Parakrama Samudra,Parakrama_Samudra,2024,6,729,Wikimedia Pageviews API monthly per-article
lk_polonnaruwa_parakrama_samudra,Parakrama Samudra,Parakrama_Samudra,2024,7,993,Wikimedia Pageviews API monthly per-article
lk_polonnaruwa_parakrama_samudra,Parakrama Samudra,Parakrama_Samudra,2024,8,886,Wikimedia Pageviews API monthly per-article
lk_polonnaruwa_parakrama_samudra,Parakrama Samudra,Parakrama_Samudra,2024,9,807,Wikimedia Pageviews API monthly per-article
lk_polonnaruwa_parakrama_samudra,Parakrama Samudra,Parakrama_Samudra,2024,10,1354,Wikimedia Pageviews API monthly per-article
lk_polonnaruwa_parakrama_samudra,Parakrama Samudra,Parakrama_Samudra,2024,11,1505,Wikimedia Pageviews API monthly per-article
lk_polonnaruwa_parakrama_samudra,Parakrama Samudra,Parakrama_Samudra,2024,12,979,Wikimedia Pageviews API monthly per-article
lk_polonnaruwa_parakrama_samudra,Parakrama Samudra,Parakrama_Samudra,2025,1,1157,Wikimedia Pageviews API monthly per-article
lk_polonnaruwa_parakrama_samudra,Parakrama Samudra,Parakrama_Samudra,2025,2,662,Wikimedia Pageviews API monthly per-article
lk_polonnaruwa_parakrama_samudra,Parakrama Samudra,Parakrama_Samudra,2025,3,793,Wikimedia Pageviews API monthly per-article
lk_polonnaruwa_parakrama_samudra,Parakrama Samudra,Parakrama_Samudra,2025,4,556,Wikimedia Pageviews API monthly per-article
lk_polonnaruwa_parakrama_samudra,Parakrama Samudra,Parakrama_Samudra,2025,5,593,Wikimedia Pageviews API monthly per-article
lk_polonnaruwa_parakrama_samudra,Parakrama Samudra,Parakrama_Samudra,2025,6,787,Wikimedia Pageviews API monthly per-article
lk_polonnaruwa_parakrama_samudra,Parakrama Samudra,Parakrama_Samudra,2025,7,894,Wikimedia Pageviews API monthly per-article
lk_polonnaruwa_parakrama_samudra,Parakrama Samudra,Parakrama_Samudra,2025,8,815,Wikimedia Pageviews API monthly per-article
lk_polonnaruwa_parakrama_samudra,Parakrama Samudra,Parakrama_Samudra,2025,9,736,Wikimedia Pageviews API monthly per-article
lk_polonnaruwa_parakrama_samudra,Parakrama Samudra,Parakrama_Samudra,2025,10,2047,Wikimedia Pageviews API monthly per-article
lk_polonnaruwa_parakrama_samudra,Parakrama Samudra,Parakrama_Samudra,2025,11,876,Wikimedia Pageviews API monthly per-article
lk_polonnaruwa_parakrama_samudra,Parakrama Samudra,Parakrama_Samudra,2025,12,697,Wikimedia Pageviews API monthly per-article
lk_polonnaruwa_parakrama_samudra,Parakrama Samudra,Parakrama_Samudra,2026,1,13,Wikimedia Pageviews API monthly per-article
lk_puttalam_wilpattu_national_park,Wilpattu National Park,Wilpattu_National_Park,2024,1,2371,Wikimedia Pageviews API monthly per-article
lk_puttalam_wilpattu_national_park,Wilpattu National Park,Wilpattu_National_Park,2024,2,1865,Wikimedia Pageviews API monthly per-article
lk_puttalam_wilpattu_national_park,Wilpattu National Park,Wilpattu_National_Park,2024,3,1750,Wikimedia Pageviews API monthly per-article
lk_puttalam_wilpattu_national_park,Wilpattu National Park,Wilpattu_National_Park,2024,4,1732,Wikimedia Pageviews API monthly per-article
lk_puttalam_wilpattu_national_park,Wilpattu National Park,Wilpattu_National_Park,2024,5,1287,Wikimedia Pageviews API monthly per-article
lk_puttalam_wilpattu_national_park,Wilpattu National Park,Wilpattu_National_Park,2024,6,1066,Wikimedia Pageviews API monthly per-article
lk_puttalam_wilpattu_national_park,Wilpattu National Park,Wilpattu_National_Park,2024,7,1520,Wikimedia Pageviews API monthly per-article
lk_puttalam_wilpattu_national_park,Wilpattu National Park,Wilpattu_National_Park,2024,8,1598,Wikimedia Pageviews API monthly per-article
lk_puttalam_wilpattu_national_park,Wilpattu National Park,Wilpattu_National_Park,2024,9,1380,Wikimedia Pageviews API monthly per-article
lk_puttalam_wilpattu_national_park,Wilpattu National Park,Wilpattu_National_Park,2024,10,1269,Wikimedia Pageviews API monthly per-article
lk_puttalam_wilpattu_national_park,Wilpattu National Park,Wilpattu_National_Park,2024,11,1380,Wikimedia Pageviews API monthly per-article
lk_puttalam_wilpattu_national_park,Wilpattu National Park,Wilpattu_National_Park,2024,12,1411,Wikimedia Pageviews API monthly per-article
lk_puttalam_wilpattu_national_park,Wilpattu National Park,Wilpattu_National_Park,2025,1,1701,Wikimedia Pageviews API monthly per-article
lk_puttalam_wilpattu_national_park,Wilpattu National Park,Wilpattu_National_Park,2025,2,1381,Wikimedia Pageviews API monthly per-article
lk_puttalam_wilpattu_national_park,Wilpattu National Park,Wilpattu_National_Park,2025,3,1656,Wikimedia Pageviews API monthly per-article
lk_puttalam_wilpattu_national_park,Wilpattu National Park,Wilpattu_National_Park,2025,4,1159,Wikimedia Pageviews API monthly per-article
lk_puttalam_wilpattu_national_park,Wilpattu National Park,Wilpattu_National_Park,2025,5,905,Wikimedia Pageviews API monthly per-article
lk_puttalam_wilpattu_national_park,Wilpattu National Park,Wilpattu_National_Park,2025,6,1020,Wikimedia Pageviews API monthly per-article
lk_puttalam_wilpattu_national_park,Wilpattu National Park,Wilpattu_National_Park,2025,7,1251,Wikimedia Pageviews API monthly per-article
lk_puttalam_wilpattu_national_park,Wilpattu National Park,Wilpattu_National_Park,2025,8,1344,Wikimedia Pageviews API monthly per-article
lk_puttalam_wilpattu_national_park,Wilpattu National Park,Wilpattu_National_Park,2025,9,1295,Wikimedia Pageviews API monthly per-article
lk_puttalam_wilpattu_national_park,Wilpattu National Park,Wilpattu_National_Park,2025,10,1253,Wikimedia Pageviews API monthly per-article
lk_puttalam_wilpattu_national_park,Wilpattu National Park,Wilpattu_National_Park,2025,11,1163,Wikimedia Pageviews API monthly per-article
lk_puttalam_wilpattu_national_park,Wilpattu National Park,Wilpattu_National_Park,2025,12,1091,Wikimedia Pageviews API monthly per-article
lk_puttalam_wilpattu_national_park,Wilpattu National Park,Wilpattu_National_Park,2026,1,47,Wikimedia Pageviews API monthly per-article
lk_puttalam_kalpitiya,Kalpitiya,Kalpitiya,2024,1,1274,Wikimedia Pageviews API monthly per-article
lk_puttalam_kalpitiya,Kalpitiya,Kalpitiya,2024,2,1062,Wikimedia Pageviews API monthly per-article
lk_puttalam_kalpitiya,Kalpitiya,Kalpitiya,2024,3,927,Wikimedia Pageviews API monthly per-article
lk_puttalam_kalpitiya,Kalpitiya,Kalpitiya,2024,4,938,Wikimedia Pageviews API monthly per-article
lk_puttalam_kalpitiya,Kalpitiya,Kalpitiya,2024,5,718,Wikimedia Pageviews API monthly per-article
lk_puttalam_kalpitiya,Kalpitiya,Kalpitiya,2024,6,608,Wikimedia Pageviews API monthly per-article
lk_puttalam_kalpitiya,Kalpitiya,Kalpitiya,2024,7,632,Wikimedia Pageviews API monthly per-article
lk_puttalam_kalpitiya,Kalpitiya,Kalpitiya,2024,8,736,Wikimedia Pageviews API monthly per-article
lk_puttalam_kalpitiya,Kalpitiya,Kalpitiya,2024,9,573,Wikimedia Pageviews API monthly per-article
lk_puttalam_kalpitiya,Kalpitiya,Kalpitiya,2024,10,645,Wikimedia Pageviews API monthly per-article
lk_puttalam_kalpitiya,Kalpitiya,Kalpitiya,2024,11,608,Wikimedia Pageviews API monthly per-article
lk_puttalam_kalpitiya,Kalpitiya,Kalpitiya,2024,12,823,Wikimedia Pageviews API monthly per-article
lk_puttalam_kalpitiya,Kalpitiya,Kalpitiya,2025,1,991,Wikimedia Pageviews API monthly per-article
lk_puttalam_kalpitiya,Kalpitiya,Kalpitiya,2025,2,902,Wikimedia Pageviews API monthly per-article
lk_puttalam_kalpitiya,Kalpitiya,Kalpitiya,2025,3,824,Wikimedia Pageviews API monthly per-article
lk_puttalam_kalpitiya,Kalpitiya,Kalpitiya,2025,4,600,Wikimedia Pageviews API monthly per-article
lk_puttalam_kalpitiya,Kalpitiya,Kalpitiya,2025,5,663,Wikimedia Pageviews API monthly per-article
lk_puttalam_kalpitiya,Kalpitiya,Kalpitiya,2025,6,530,Wikimedia Pageviews API monthly per-article
lk_puttalam_kalpitiya,Kalpitiya,Kalpitiya,2025,7,713,Wikimedia Pageviews API monthly per-article
lk_puttalam_kalpitiya,Kalpitiya,Kalpitiya,2025,8,705,Wikimedia Pageviews API monthly per-article
lk_puttalam_kalpitiya,Kalpitiya,Kalpitiya,2025,9,594,Wikimedia Pageviews API monthly per-article
lk_puttalam_kalpitiya,Kalpitiya,Kalpitiya,2025,10,552,Wikimedia Pageviews API monthly per-article
lk_puttalam_kalpitiya,Kalpitiya,Kalpitiya,2025,11,584,Wikimedia Pageviews API monthly per-article
lk_puttalam_kalpitiya,Kalpitiya,Kalpitiya,2025,12,563,Wikimedia Pageviews API monthly per-article
lk_puttalam_kalpitiya,Kalpitiya,Kalpitiya,2026,1,21,Wikimedia Pageviews API monthly per-article
lk_puttalam_munneswaram_temple,Munneswaram Temple,Munneswaram_temple,2024,1,2091,Wikimedia Pageviews API monthly per-article
lk_puttalam_munneswaram_temple,Munneswaram Temple,Munneswaram_temple,2024,2,1935,Wikimedia Pageviews API monthly per-article
lk_puttalam_munneswaram_temple,Munneswaram Temple,Munneswaram_temple,2024,3,1915,Wikimedia Pageviews API monthly per-article
lk_puttalam_munneswaram_temple,Munneswaram Temple,Munneswaram_temple,2024,4,1585,Wikimedia Pageviews API monthly per-article
lk_puttalam_munneswaram_temple,Munneswaram Temple,Munneswaram_temple,2024,5,1344,Wikimedia Pageviews API monthly per-article
lk_puttalam_munneswaram_temple,Munneswaram Temple,Munneswaram_temple,2024,6,1047,Wikimedia Pageviews API monthly per-article
lk_puttalam_munneswaram_temple,Munneswaram Temple,Munneswaram_temple,2024,7,1161,Wikimedia Pageviews API monthly per-article
lk_puttalam_munneswaram_temple,Munneswaram Temple,Munneswaram_temple,2024,8,1288,Wikimedia Pageviews API monthly per-article
lk_puttalam_munneswaram_temple,Munneswaram Temple,Munneswaram_temple,2024,9,1188,Wikimedia Pageviews API monthly per-article
lk_puttalam_munneswaram_temple,Munneswaram Temple,Munneswaram_temple,2024,10,1117,Wikimedia Pageviews API monthly per-article
lk_puttalam_munneswaram_temple,Munneswaram Temple,Munneswaram_temple,2024,11,1122,Wikimedia Pageviews API monthly per-article
lk_puttalam_munneswaram_temple,Munneswaram Temple,Munneswaram_temple,2024,12,1348,Wikimedia Pageviews API monthly per-article
lk_puttalam_munneswaram_temple,Munneswaram Temple,Munneswaram_temple,2025,1,1337,Wikimedia Pageviews API monthly per-article
lk_puttalam_munneswaram_temple,Munneswaram Temple,Munneswaram_temple,2025,2,1347,Wikimedia Pageviews API monthly per-article
lk_puttalam_munneswaram_temple,Munneswaram Temple,Munneswaram_temple,2025,3,1119,Wikimedia Pageviews API monthly per-article
lk_puttalam_munneswaram_temple,Munneswaram Temple,Munneswaram_temple,2025,4,1003,Wikimedia Pageviews API monthly per-article
lk_puttalam_munneswaram_temple,Munneswaram Temple,Munneswaram_temple,2025,5,895,Wikimedia Pageviews API monthly per-article
lk_puttalam_munneswaram_temple,Munneswaram Temple,Munneswaram_temple,2025,6,1034,Wikimedia Pageviews API monthly per-article
lk_puttalam_munneswaram_temple,Munneswaram Temple,Munneswaram_temple,2025,7,1070,Wikimedia Pageviews API monthly per-article
lk_puttalam_munneswaram_temple,Munneswaram Temple,Munneswaram_temple,2025,8,1472,Wikimedia Pageviews API monthly per-article
lk_puttalam_munneswaram_temple,Munneswaram Temple,Munneswaram_temple,2025,9,1312,Wikimedia Pageviews API monthly per-article
lk_puttalam_munneswaram_temple,Munneswaram Temple,Munneswaram_temple,2025,10,1239,Wikimedia Pageviews API monthly per-article
lk_puttalam_munneswaram_temple,Munneswaram Temple,Munneswaram_temple,2025,11,1277,Wikimedia Pageviews API monthly per-article
lk_puttalam_munneswaram_temple,Munneswaram Temple,Munneswaram_temple,2025,12,1011,Wikimedia Pageviews API monthly per-article
lk_puttalam_munneswaram_temple,Munneswaram Temple,Munneswaram_temple,2026,1,34,Wikimedia Pageviews API monthly per-article
lk_puttalam_alankuda_beach,Alankuda Beach,Alankuda,2025,10,1,Wikimedia Pageviews API monthly per-article
lk_puttalam_bar_reef_marine_sanctuary,Bar Reef Marine Sanctuary,Bar_Reef,2024,1,120,Wikimedia Pageviews API monthly per-article
lk_puttalam_bar_reef_marine_sanctuary,Bar Reef Marine Sanctuary,Bar_Reef,2024,2,91,Wikimedia Pageviews API monthly per-article
lk_puttalam_bar_reef_marine_sanctuary,Bar Reef Marine Sanctuary,Bar_Reef,2024,3,130,Wikimedia Pageviews API monthly per-article
lk_puttalam_bar_reef_marine_sanctuary,Bar Reef Marine Sanctuary,Bar_Reef,2024,4,134,Wikimedia Pageviews API monthly per-article
lk_puttalam_bar_reef_marine_sanctuary,Bar Reef Marine Sanctuary,Bar_Reef,2024,5,80,Wikimedia Pageviews API monthly per-article
lk_puttalam_bar_reef_marine_sanctuary,Bar Reef Marine Sanctuary,Bar_Reef,2024,6,72,Wikimedia Pageviews API monthly per-article
lk_puttalam_bar_reef_marine_sanctuary,Bar Reef Marine Sanctuary,Bar_Reef,2024,7,128,Wikimedia Pageviews API monthly per-article
lk_puttalam_bar_reef_marine_sanctuary,Bar Reef Marine Sanctuary,Bar_Reef,2024,8,115,Wikimedia Pageviews API monthly per-article
lk_puttalam_bar_reef_marine_sanctuary,Bar Reef Marine Sanctuary,Bar_Reef,2024,9,147,Wikimedia Pageviews API monthly per-article
lk_puttalam_bar_reef_marine_sanctuary,Bar Reef Marine Sanctuary,Bar_Reef,2024,10,116,Wikimedia Pageviews API monthly per-article
lk_puttalam_bar_reef_marine_sanctuary,Bar Reef Marine Sanctuary,Bar_Reef,2024,11,119,Wikimedia Pageviews API monthly per-article
lk_puttalam_bar_reef_marine_sanctuary,Bar Reef Marine Sanctuary,Bar_Reef,2024,12,158,Wikimedia Pageviews API monthly per-article
lk_puttalam_bar_reef_marine_sanctuary,Bar Reef Marine Sanctuary,Bar_Reef,2025,1,196,Wikimedia Pageviews API monthly per-article
lk_puttalam_bar_reef_marine_sanctuary,Bar Reef Marine Sanctuary,Bar_Reef,2025,2,136,Wikimedia Pageviews API monthly per-article
lk_puttalam_bar_reef_marine_sanctuary,Bar Reef Marine Sanctuary,Bar_Reef,2025,3,134,Wikimedia Pageviews API monthly per-article
lk_puttalam_bar_reef_marine_sanctuary,Bar Reef Marine Sanctuary,Bar_Reef,2025,4,131,Wikimedia Pageviews API monthly per-article
lk_puttalam_bar_reef_marine_sanctuary,Bar Reef Marine Sanctuary,Bar_Reef,2025,5,106,Wikimedia Pageviews API monthly per-article
lk_puttalam_bar_reef_marine_sanctuary,Bar Reef Marine Sanctuary,Bar_Reef,2025,6,91,Wikimedia Pageviews API monthly per-article
lk_puttalam_bar_reef_marine_sanctuary,Bar Reef Marine Sanctuary,Bar_Reef,2025,7,95,Wikimedia Pageviews API monthly per-article
lk_puttalam_bar_reef_marine_sanctuary,Bar Reef Marine Sanctuary,Bar_Reef,2025,8,133,Wikimedia Pageviews API monthly per-article
lk_puttalam_bar_reef_marine_sanctuary,Bar Reef Marine Sanctuary,Bar_Reef,2025,9,123,Wikimedia Pageviews API monthly per-article
lk_puttalam_bar_reef_marine_sanctuary,Bar Reef Marine Sanctuary,Bar_Reef,2025,10,129,Wikimedia Pageviews API monthly per-article
lk_puttalam_bar_reef_marine_sanctuary,Bar Reef Marine Sanctuary,Bar_Reef,2025,11,139,Wikimedia Pageviews API monthly per-article
lk_puttalam_bar_reef_marine_sanctuary,Bar Reef Marine Sanctuary,Bar_Reef,2025,12,136,Wikimedia Pageviews API monthly per-article
lk_puttalam_bar_reef_marine_sanctuary,Bar Reef Marine Sanctuary,Bar_Reef,2026,1,2,Wikimedia Pageviews API monthly per-article
lk_puttalam_dutch_fort_of_kalpitiya,Dutch Fort of Kalpitiya,Kalpitiya_Fort,2024,1,0,Wikimedia Pageviews API monthly per-article
lk_puttalam_dutch_fort_of_kalpitiya,Dutch Fort of Kalpitiya,Kalpitiya_Fort,2024,2,0,Wikimedia Pageviews API monthly per-article
lk_puttalam_dutch_fort_of_kalpitiya,Dutch Fort of Kalpitiya,Kalpitiya_Fort,2024,3,3,Wikimedia Pageviews API monthly per-article
lk_puttalam_dutch_fort_of_kalpitiya,Dutch Fort of Kalpitiya,Kalpitiya_Fort,2024,4,0,Wikimedia Pageviews API monthly per-article
lk_puttalam_dutch_fort_of_kalpitiya,Dutch Fort of Kalpitiya,Kalpitiya_Fort,2024,5,1,Wikimedia Pageviews API monthly per-article
lk_puttalam_dutch_fort_of_kalpitiya,Dutch Fort of Kalpitiya,Kalpitiya_Fort,2024,6,1,Wikimedia Pageviews API monthly per-article
lk_puttalam_dutch_fort_of_kalpitiya,Dutch Fort of Kalpitiya,Kalpitiya_Fort,2024,7,2,Wikimedia Pageviews API monthly per-article
lk_puttalam_dutch_fort_of_kalpitiya,Dutch Fort of Kalpitiya,Kalpitiya_Fort,2024,8,4,Wikimedia Pageviews API monthly per-article
lk_puttalam_dutch_fort_of_kalpitiya,Dutch Fort of Kalpitiya,Kalpitiya_Fort,2024,9,5,Wikimedia Pageviews API monthly per-article
lk_puttalam_dutch_fort_of_kalpitiya,Dutch Fort of Kalpitiya,Kalpitiya_Fort,2024,10,1,Wikimedia Pageviews API monthly per-article
lk_puttalam_dutch_fort_of_kalpitiya,Dutch Fort of Kalpitiya,Kalpitiya_Fort,2024,11,1,Wikimedia Pageviews API monthly per-article
lk_puttalam_dutch_fort_of_kalpitiya,Dutch Fort of Kalpitiya,Kalpitiya_Fort,2024,12,3,Wikimedia Pageviews API monthly per-article
lk_puttalam_dutch_fort_of_kalpitiya,Dutch Fort of Kalpitiya,Kalpitiya_Fort,2025,1,0,Wikimedia Pageviews API monthly per-article
lk_puttalam_dutch_fort_of_kalpitiya,Dutch Fort of Kalpitiya,Kalpitiya_Fort,2025,2,4,Wikimedia Pageviews API monthly per-article
lk_puttalam_dutch_fort_of_kalpitiya,Dutch Fort of Kalpitiya,Kalpitiya_Fort,2025,3,5,Wikimedia Pageviews API monthly per-article
lk_puttalam_dutch_fort_of_kalpitiya,Dutch Fort of Kalpitiya,Kalpitiya_Fort,2025,4,2,Wikimedia Pageviews API monthly per-article
lk_puttalam_dutch_fort_of_kalpitiya,Dutch Fort of Kalpitiya,Kalpitiya_Fort,2025,5,0,Wikimedia Pageviews API monthly per-article
lk_puttalam_dutch_fort_of_kalpitiya,Dutch Fort of Kalpitiya,Kalpitiya_Fort,2025,6,6,Wikimedia Pageviews API monthly per-article
lk_puttalam_dutch_fort_of_kalpitiya,Dutch Fort of Kalpitiya,Kalpitiya_Fort,2025,7,7,Wikimedia Pageviews API monthly per-article
lk_puttalam_dutch_fort_of_kalpitiya,Dutch Fort of Kalpitiya,Kalpitiya_Fort,2025,8,7,Wikimedia Pageviews API monthly per-article
lk_puttalam_dutch_fort_of_kalpitiya,Dutch Fort of Kalpitiya,Kalpitiya_Fort,2025,9,8,Wikimedia Pageviews API monthly per-article
lk_puttalam_dutch_fort_of_kalpitiya,Dutch Fort of Kalpitiya,Kalpitiya_Fort,2025,10,8,Wikimedia Pageviews API monthly per-article
lk_puttalam_dutch_fort_of_kalpitiya,Dutch Fort of Kalpitiya,Kalpitiya_Fort,2025,11,3,Wikimedia Pageviews API monthly per-article
lk_puttalam_dutch_fort_of_kalpitiya,Dutch Fort of Kalpitiya,Kalpitiya_Fort,2025,12,6,Wikimedia Pageviews API monthly per-article
lk_puttalam_dutch_fort_of_kalpitiya,Dutch Fort of Kalpitiya,Kalpitiya_Fort,2026,1,0,Wikimedia Pageviews API monthly per-article
lk_puttalam_dutch_reformed_church_kalpitiya,"Dutch Reformed Church, Kalpitiya",Kalpitiya,2024,1,1274,Wikimedia Pageviews API monthly per-article
lk_puttalam_dutch_reformed_church_kalpitiya,"Dutch Reformed Church, Kalpitiya",Kalpitiya,2024,2,1062,Wikimedia Pageviews API monthly per-article
lk_puttalam_dutch_reformed_church_kalpitiya,"Dutch Reformed Church, Kalpitiya",Kalpitiya,2024,3,927,Wikimedia Pageviews API monthly per-article
lk_puttalam_dutch_reformed_church_kalpitiya,"Dutch Reformed Church, Kalpitiya",Kalpitiya,2024,4,938,Wikimedia Pageviews API monthly per-article
lk_puttalam_dutch_reformed_church_kalpitiya,"Dutch Reformed Church, Kalpitiya",Kalpitiya,2024,5,718,Wikimedia Pageviews API monthly per-article
lk_puttalam_dutch_reformed_church_kalpitiya,"Dutch Reformed Church, Kalpitiya",Kalpitiya,2024,6,608,Wikimedia Pageviews API monthly per-article
lk_puttalam_dutch_reformed_church_kalpitiya,"Dutch Reformed Church, Kalpitiya",Kalpitiya,2024,7,632,Wikimedia Pageviews API monthly per-article
lk_puttalam_dutch_reformed_church_kalpitiya,"Dutch Reformed Church, Kalpitiya",Kalpitiya,2024,8,736,Wikimedia Pageviews API monthly per-article
lk_puttalam_dutch_reformed_church_kalpitiya,"Dutch Reformed Church, Kalpitiya",Kalpitiya,2024,9,573,Wikimedia Pageviews API monthly per-article
lk_puttalam_dutch_reformed_church_kalpitiya,"Dutch Reformed Church, Kalpitiya",Kalpitiya,2024,10,645,Wikimedia Pageviews API monthly per-article
lk_puttalam_dutch_reformed_church_kalpitiya,"Dutch Reformed Church, Kalpitiya",Kalpitiya,2024,11,608,Wikimedia Pageviews API monthly per-article
lk_puttalam_dutch_reformed_church_kalpitiya,"Dutch Reformed Church, Kalpitiya",Kalpitiya,2024,12,823,Wikimedia Pageviews API monthly per-article
lk_puttalam_dutch_reformed_church_kalpitiya,"Dutch Reformed Church, Kalpitiya",Kalpitiya,2025,1,991,Wikimedia Pageviews API monthly per-article
lk_puttalam_dutch_reformed_church_kalpitiya,"Dutch Reformed Church, Kalpitiya",Kalpitiya,2025,2,902,Wikimedia Pageviews API monthly per-article
lk_puttalam_dutch_reformed_church_kalpitiya,"Dutch Reformed Church, Kalpitiya",Kalpitiya,2025,3,824,Wikimedia Pageviews API monthly per-article
lk_puttalam_dutch_reformed_church_kalpitiya,"Dutch Reformed Church, Kalpitiya",Kalpitiya,2025,4,600,Wikimedia Pageviews API monthly per-article
lk_puttalam_dutch_reformed_church_kalpitiya,"Dutch Reformed Church, Kalpitiya",Kalpitiya,2025,5,663,Wikimedia Pageviews API monthly per-article
lk_puttalam_dutch_reformed_church_kalpitiya,"Dutch Reformed Church, Kalpitiya",Kalpitiya,2025,6,530,Wikimedia Pageviews API monthly per-article
lk_puttalam_dutch_reformed_church_kalpitiya,"Dutch Reformed Church, Kalpitiya",Kalpitiya,2025,7,713,Wikimedia Pageviews API monthly per-article
lk_puttalam_dutch_reformed_church_kalpitiya,"Dutch Reformed Church, Kalpitiya",Kalpitiya,2025,8,705,Wikimedia Pageviews API monthly per-article
lk_puttalam_dutch_reformed_church_kalpitiya,"Dutch Reformed Church, Kalpitiya",Kalpitiya,2025,9,594,Wikimedia Pageviews API monthly per-article
lk_puttalam_dutch_reformed_church_kalpitiya,"Dutch Reformed Church, Kalpitiya",Kalpitiya,2025,10,552,Wikimedia Pageviews API monthly per-article
lk_puttalam_dutch_reformed_church_kalpitiya,"Dutch Reformed Church, Kalpitiya",Kalpitiya,2025,11,584,Wikimedia Pageviews API monthly per-article
lk_puttalam_dutch_reformed_church_kalpitiya,"Dutch Reformed Church, Kalpitiya",Kalpitiya,2025,12,563,Wikimedia Pageviews API monthly per-article
lk_puttalam_dutch_reformed_church_kalpitiya,"Dutch Reformed Church, Kalpitiya",Kalpitiya,2026,1,21,Wikimedia Pageviews API monthly per-article
lk_ratnapura_adam_s_peak_sri_pada,Adam's Peak (Sri Pada),Adam's_Peak,2024,1,23744,Wikimedia Pageviews API monthly per-article
lk_ratnapura_adam_s_peak_sri_pada,Adam's Peak (Sri Pada),Adam's_Peak,2024,2,19214,Wikimedia Pageviews API monthly per-article
lk_ratnapura_adam_s_peak_sri_pada,Adam's Peak (Sri Pada),Adam's_Peak,2024,3,17572,Wikimedia Pageviews API monthly per-article
lk_ratnapura_adam_s_peak_sri_pada,Adam's Peak (Sri Pada),Adam's_Peak,2024,4,14810,Wikimedia Pageviews API monthly per-article
lk_ratnapura_adam_s_peak_sri_pada,Adam's Peak (Sri Pada),Adam's_Peak,2024,5,11609,Wikimedia Pageviews API monthly per-article
lk_ratnapura_adam_s_peak_sri_pada,Adam's Peak (Sri Pada),Adam's_Peak,2024,6,8203,Wikimedia Pageviews API monthly per-article
lk_ratnapura_adam_s_peak_sri_pada,Adam's Peak (Sri Pada),Adam's_Peak,2024,7,9364,Wikimedia Pageviews API monthly per-article
lk_ratnapura_adam_s_peak_sri_pada,Adam's Peak (Sri Pada),Adam's_Peak,2024,8,9634,Wikimedia Pageviews API monthly per-article
lk_ratnapura_adam_s_peak_sri_pada,Adam's Peak (Sri Pada),Adam's_Peak,2024,9,9139,Wikimedia Pageviews API monthly per-article
lk_ratnapura_adam_s_peak_sri_pada,Adam's Peak (Sri Pada),Adam's_Peak,2024,10,10810,Wikimedia Pageviews API monthly per-article
lk_ratnapura_adam_s_peak_sri_pada,Adam's Peak (Sri Pada),Adam's_Peak,2024,11,10967,Wikimedia Pageviews API monthly per-article
lk_ratnapura_adam_s_peak_sri_pada,Adam's Peak (Sri Pada),Adam's_Peak,2024,12,12226,Wikimedia Pageviews API monthly per-article
lk_ratnapura_adam_s_peak_sri_pada,Adam's Peak (Sri Pada),Adam's_Peak,2025,1,14802,Wikimedia Pageviews API monthly per-article
lk_ratnapura_adam_s_peak_sri_pada,Adam's Peak (Sri Pada),Adam's_Peak,2025,2,12043,Wikimedia Pageviews API monthly per-article
lk_ratnapura_adam_s_peak_sri_pada,Adam's Peak (Sri Pada),Adam's_Peak,2025,3,13310,Wikimedia Pageviews API monthly per-article
lk_ratnapura_adam_s_peak_sri_pada,Adam's Peak (Sri Pada),Adam's_Peak,2025,4,11015,Wikimedia Pageviews API monthly per-article
lk_ratnapura_adam_s_peak_sri_pada,Adam's Peak (Sri Pada),Adam's_Peak,2025,5,9159,Wikimedia Pageviews API monthly per-article
lk_ratnapura_adam_s_peak_sri_pada,Adam's Peak (Sri Pada),Adam's_Peak,2025,6,8526,Wikimedia Pageviews API monthly per-article
lk_ratnapura_adam_s_peak_sri_pada,Adam's Peak (Sri Pada),Adam's_Peak,2025,7,7851,Wikimedia Pageviews API monthly per-article
lk_ratnapura_adam_s_peak_sri_pada,Adam's Peak (Sri Pada),Adam's_Peak,2025,8,8016,Wikimedia Pageviews API monthly per-article
lk_ratnapura_adam_s_peak_sri_pada,Adam's Peak (Sri Pada),Adam's_Peak,2025,9,6735,Wikimedia Pageviews API monthly per-article
lk_ratnapura_adam_s_peak_sri_pada,Adam's Peak (Sri Pada),Adam's_Peak,2025,10,7363,Wikimedia Pageviews API monthly per-article
lk_ratnapura_adam_s_peak_sri_pada,Adam's Peak (Sri Pada),Adam's_Peak,2025,11,7078,Wikimedia Pageviews API monthly per-article
lk_ratnapura_adam_s_peak_sri_pada,Adam's Peak (Sri Pada),Adam's_Peak,2025,12,7003,Wikimedia Pageviews API monthly per-article
lk_ratnapura_adam_s_peak_sri_pada,Adam's Peak (Sri Pada),Adam's_Peak,2026,1,182,Wikimedia Pageviews API monthly per-article
lk_ratnapura_sinharaja_forest_reserve,Sinharaja Forest Reserve,Sinharaja_Forest_Reserve,2024,1,3402,Wikimedia Pageviews API monthly per-article
lk_ratnapura_sinharaja_forest_reserve,Sinharaja Forest Reserve,Sinharaja_Forest_Reserve,2024,2,3143,Wikimedia Pageviews API monthly per-article
lk_ratnapura_sinharaja_forest_reserve,Sinharaja Forest Reserve,Sinharaja_Forest_Reserve,2024,3,3246,Wikimedia Pageviews API monthly per-article
lk_ratnapura_sinharaja_forest_reserve,Sinharaja Forest Reserve,Sinharaja_Forest_Reserve,2024,4,2651,Wikimedia Pageviews API monthly per-article
lk_ratnapura_sinharaja_forest_reserve,Sinharaja Forest Reserve,Sinharaja_Forest_Reserve,2024,5,2823,Wikimedia Pageviews API monthly per-article
lk_ratnapura_sinharaja_forest_reserve,Sinharaja Forest Reserve,Sinharaja_Forest_Reserve,2024,6,2317,Wikimedia Pageviews API monthly per-article
lk_ratnapura_sinharaja_forest_reserve,Sinharaja Forest Reserve,Sinharaja_Forest_Reserve,2024,7,2799,Wikimedia Pageviews API monthly per-article
lk_ratnapura_sinharaja_forest_reserve,Sinharaja Forest Reserve,Sinharaja_Forest_Reserve,2024,8,2334,Wikimedia Pageviews API monthly per-article
lk_ratnapura_sinharaja_forest_reserve,Sinharaja Forest Reserve,Sinharaja_Forest_Reserve,2024,9,2642,Wikimedia Pageviews API monthly per-article
lk_ratnapura_sinharaja_forest_reserve,Sinharaja Forest Reserve,Sinharaja_Forest_Reserve,2024,10,2590,Wikimedia Pageviews API monthly per-article
lk_ratnapura_sinharaja_forest_reserve,Sinharaja Forest Reserve,Sinharaja_Forest_Reserve,2024,11,2283,Wikimedia Pageviews API monthly per-article
lk_ratnapura_sinharaja_forest_reserve,Sinharaja Forest Reserve,Sinharaja_Forest_Reserve,2024,12,2248,Wikimedia Pageviews API monthly per-article
lk_ratnapura_sinharaja_forest_reserve,Sinharaja Forest Reserve,Sinharaja_Forest_Reserve,2025,1,2591,Wikimedia Pageviews API monthly per-article
lk_ratnapura_sinharaja_forest_reserve,Sinharaja Forest Reserve,Sinharaja_Forest_Reserve,2025,2,2172,Wikimedia Pageviews API monthly per-article
lk_ratnapura_sinharaja_forest_reserve,Sinharaja Forest Reserve,Sinharaja_Forest_Reserve,2025,3,2282,Wikimedia Pageviews API monthly per-article
lk_ratnapura_sinharaja_forest_reserve,Sinharaja Forest Reserve,Sinharaja_Forest_Reserve,2025,4,1623,Wikimedia Pageviews API monthly per-article
lk_ratnapura_sinharaja_forest_reserve,Sinharaja Forest Reserve,Sinharaja_Forest_Reserve,2025,5,1849,Wikimedia Pageviews API monthly per-article
lk_ratnapura_sinharaja_forest_reserve,Sinharaja Forest Reserve,Sinharaja_Forest_Reserve,2025,6,2066,Wikimedia Pageviews API monthly per-article
lk_ratnapura_sinharaja_forest_reserve,Sinharaja Forest Reserve,Sinharaja_Forest_Reserve,2025,7,1916,Wikimedia Pageviews API monthly per-article
lk_ratnapura_sinharaja_forest_reserve,Sinharaja Forest Reserve,Sinharaja_Forest_Reserve,2025,8,2177,Wikimedia Pageviews API monthly per-article
lk_ratnapura_sinharaja_forest_reserve,Sinharaja Forest Reserve,Sinharaja_Forest_Reserve,2025,9,2488,Wikimedia Pageviews API monthly per-article
lk_ratnapura_sinharaja_forest_reserve,Sinharaja Forest Reserve,Sinharaja_Forest_Reserve,2025,10,2090,Wikimedia Pageviews API monthly per-article
lk_ratnapura_sinharaja_forest_reserve,Sinharaja Forest Reserve,Sinharaja_Forest_Reserve,2025,11,1846,Wikimedia Pageviews API monthly per-article
lk_ratnapura_sinharaja_forest_reserve,Sinharaja Forest Reserve,Sinharaja_Forest_Reserve,2025,12,1568,Wikimedia Pageviews API monthly per-article
lk_ratnapura_sinharaja_forest_reserve,Sinharaja Forest Reserve,Sinharaja_Forest_Reserve,2026,1,41,Wikimedia Pageviews API monthly per-article
lk_ratnapura_udawalawe_national_park,Udawalawe National Park,Udawalawe_National_Park,2024,1,3751,Wikimedia Pageviews API monthly per-article
lk_ratnapura_udawalawe_national_park,Udawalawe National Park,Udawalawe_National_Park,2024,2,2999,Wikimedia Pageviews API monthly per-article
lk_ratnapura_udawalawe_national_park,Udawalawe National Park,Udawalawe_National_Park,2024,3,2649,Wikimedia Pageviews API monthly per-article
lk_ratnapura_udawalawe_national_park,Udawalawe National Park,Udawalawe_National_Park,2024,4,2096,Wikimedia Pageviews API monthly per-article
lk_ratnapura_udawalawe_national_park,Udawalawe National Park,Udawalawe_National_Park,2024,5,1414,Wikimedia Pageviews API monthly per-article
lk_ratnapura_udawalawe_national_park,Udawalawe National Park,Udawalawe_National_Park,2024,6,1096,Wikimedia Pageviews API monthly per-article
lk_ratnapura_udawalawe_national_park,Udawalawe National Park,Udawalawe_National_Park,2024,7,1515,Wikimedia Pageviews API monthly per-article
lk_ratnapura_udawalawe_national_park,Udawalawe National Park,Udawalawe_National_Park,2024,8,1754,Wikimedia Pageviews API monthly per-article
lk_ratnapura_udawalawe_national_park,Udawalawe National Park,Udawalawe_National_Park,2024,9,1267,Wikimedia Pageviews API monthly per-article
lk_ratnapura_udawalawe_national_park,Udawalawe National Park,Udawalawe_National_Park,2024,10,1526,Wikimedia Pageviews API monthly per-article
lk_ratnapura_udawalawe_national_park,Udawalawe National Park,Udawalawe_National_Park,2024,11,1600,Wikimedia Pageviews API monthly per-article
lk_ratnapura_udawalawe_national_park,Udawalawe National Park,Udawalawe_National_Park,2024,12,1819,Wikimedia Pageviews API monthly per-article
lk_ratnapura_udawalawe_national_park,Udawalawe National Park,Udawalawe_National_Park,2025,1,2126,Wikimedia Pageviews API monthly per-article
lk_ratnapura_udawalawe_national_park,Udawalawe National Park,Udawalawe_National_Park,2025,2,1890,Wikimedia Pageviews API monthly per-article
lk_ratnapura_udawalawe_national_park,Udawalawe National Park,Udawalawe_National_Park,2025,3,2057,Wikimedia Pageviews API monthly per-article
lk_ratnapura_udawalawe_national_park,Udawalawe National Park,Udawalawe_National_Park,2025,4,1569,Wikimedia Pageviews API monthly per-article
lk_ratnapura_udawalawe_national_park,Udawalawe National Park,Udawalawe_National_Park,2025,5,952,Wikimedia Pageviews API monthly per-article
lk_ratnapura_udawalawe_national_park,Udawalawe National Park,Udawalawe_National_Park,2025,6,884,Wikimedia Pageviews API monthly per-article
lk_ratnapura_udawalawe_national_park,Udawalawe National Park,Udawalawe_National_Park,2025,7,1066,Wikimedia Pageviews API monthly per-article
lk_ratnapura_udawalawe_national_park,Udawalawe National Park,Udawalawe_National_Park,2025,8,1236,Wikimedia Pageviews API monthly per-article
lk_ratnapura_udawalawe_national_park,Udawalawe National Park,Udawalawe_National_Park,2025,9,605,Wikimedia Pageviews API monthly per-article
lk_ratnapura_udawalawe_national_park,Udawalawe National Park,Udawalawe_National_Park,2025,10,1181,Wikimedia Pageviews API monthly per-article
lk_ratnapura_udawalawe_national_park,Udawalawe National Park,Udawalawe_National_Park,2025,11,1263,Wikimedia Pageviews API monthly per-article
lk_ratnapura_udawalawe_national_park,Udawalawe National Park,Udawalawe_National_Park,2025,12,1316,Wikimedia Pageviews API monthly per-article
lk_ratnapura_udawalawe_national_park,Udawalawe National Park,Udawalawe_National_Park,2026,1,53,Wikimedia Pageviews API monthly per-article
lk_ratnapura_belihuloya,Belihuloya,Belihuloya,2024,1,579,Wikimedia Pageviews API monthly per-article
lk_ratnapura_belihuloya,Belihuloya,Belihuloya,2024,2,558,Wikimedia Pageviews API monthly per-article
lk_ratnapura_belihuloya,Belihuloya,Belihuloya,2024,3,476,Wikimedia Pageviews API monthly per-article
lk_ratnapura_belihuloya,Belihuloya,Belihuloya,2024,4,837,Wikimedia Pageviews API monthly per-article
lk_ratnapura_belihuloya,Belihuloya,Belihuloya,2024,5,413,Wikimedia Pageviews API monthly per-article
lk_ratnapura_belihuloya,Belihuloya,Belihuloya,2024,6,278,Wikimedia Pageviews API monthly per-article
lk_ratnapura_belihuloya,Belihuloya,Belihuloya,2024,7,323,Wikimedia Pageviews API monthly per-article
lk_ratnapura_belihuloya,Belihuloya,Belihuloya,2024,8,402,Wikimedia Pageviews API monthly per-article
lk_ratnapura_belihuloya,Belihuloya,Belihuloya,2024,9,322,Wikimedia Pageviews API monthly per-article
lk_ratnapura_belihuloya,Belihuloya,Belihuloya,2024,10,262,Wikimedia Pageviews API monthly per-article
lk_ratnapura_belihuloya,Belihuloya,Belihuloya,2024,11,243,Wikimedia Pageviews API monthly per-article
lk_ratnapura_belihuloya,Belihuloya,Belihuloya,2024,12,304,Wikimedia Pageviews API monthly per-article
lk_ratnapura_belihuloya,Belihuloya,Belihuloya,2025,1,334,Wikimedia Pageviews API monthly per-article
lk_ratnapura_belihuloya,Belihuloya,Belihuloya,2025,2,292,Wikimedia Pageviews API monthly per-article
lk_ratnapura_belihuloya,Belihuloya,Belihuloya,2025,3,298,Wikimedia Pageviews API monthly per-article
lk_ratnapura_belihuloya,Belihuloya,Belihuloya,2025,4,334,Wikimedia Pageviews API monthly per-article
lk_ratnapura_belihuloya,Belihuloya,Belihuloya,2025,5,310,Wikimedia Pageviews API monthly per-article
lk_ratnapura_belihuloya,Belihuloya,Belihuloya,2025,6,243,Wikimedia Pageviews API monthly per-article
lk_ratnapura_belihuloya,Belihuloya,Belihuloya,2025,7,284,Wikimedia Pageviews API monthly per-article
lk_ratnapura_belihuloya,Belihuloya,Belihuloya,2025,8,371,Wikimedia Pageviews API monthly per-article
lk_ratnapura_belihuloya,Belihuloya,Belihuloya,2025,9,294,Wikimedia Pageviews API monthly per-article
lk_ratnapura_belihuloya,Belihuloya,Belihuloya,2025,10,270,Wikimedia Pageviews API monthly per-article
lk_ratnapura_belihuloya,Belihuloya,Belihuloya,2025,11,280,Wikimedia Pageviews API monthly per-article
lk_ratnapura_belihuloya,Belihuloya,Belihuloya,2025,12,187,Wikimedia Pageviews API monthly per-article
lk_ratnapura_belihuloya,Belihuloya,Belihuloya,2026,1,7,Wikimedia Pageviews API monthly per-article
lk_ratnapura_bopath_ella_falls,Bopath Ella Falls,Bopath_Ella_Falls,2024,1,552,Wikimedia Pageviews API monthly per-article
lk_ratnapura_bopath_ella_falls,Bopath Ella Falls,Bopath_Ella_Falls,2024,2,419,Wikimedia Pageviews API monthly per-article
lk_ratnapura_bopath_ella_falls,Bopath Ella Falls,Bopath_Ella_Falls,2024,3,1066,Wikimedia Pageviews API monthly per-article
lk_ratnapura_bopath_ella_falls,Bopath Ella Falls,Bopath_Ella_Falls,2024,4,553,Wikimedia Pageviews API monthly per-article
lk_ratnapura_bopath_ella_falls,Bopath Ella Falls,Bopath_Ella_Falls,2024,5,269,Wikimedia Pageviews API monthly per-article
lk_ratnapura_bopath_ella_falls,Bopath Ella Falls,Bopath_Ella_Falls,2024,6,174,Wikimedia Pageviews API monthly per-article
lk_ratnapura_bopath_ella_falls,Bopath Ella Falls,Bopath_Ella_Falls,2024,7,199,Wikimedia Pageviews API monthly per-article
lk_ratnapura_bopath_ella_falls,Bopath Ella Falls,Bopath_Ella_Falls,2024,8,283,Wikimedia Pageviews API monthly per-article
lk_ratnapura_bopath_ella_falls,Bopath Ella Falls,Bopath_Ella_Falls,2024,9,209,Wikimedia Pageviews API monthly per-article
lk_ratnapura_bopath_ella_falls,Bopath Ella Falls,Bopath_Ella_Falls,2024,10,172,Wikimedia Pageviews API monthly per-article
lk_ratnapura_bopath_ella_falls,Bopath Ella Falls,Bopath_Ella_Falls,2024,11,148,Wikimedia Pageviews API monthly per-article
lk_ratnapura_bopath_ella_falls,Bopath Ella Falls,Bopath_Ella_Falls,2024,12,196,Wikimedia Pageviews API monthly per-article
lk_ratnapura_bopath_ella_falls,Bopath Ella Falls,Bopath_Ella_Falls,2025,1,186,Wikimedia Pageviews API monthly per-article
lk_ratnapura_bopath_ella_falls,Bopath Ella Falls,Bopath_Ella_Falls,2025,2,185,Wikimedia Pageviews API monthly per-article
lk_ratnapura_bopath_ella_falls,Bopath Ella Falls,Bopath_Ella_Falls,2025,3,208,Wikimedia Pageviews API monthly per-article
lk_ratnapura_bopath_ella_falls,Bopath Ella Falls,Bopath_Ella_Falls,2025,4,223,Wikimedia Pageviews API monthly per-article
lk_ratnapura_bopath_ella_falls,Bopath Ella Falls,Bopath_Ella_Falls,2025,5,154,Wikimedia Pageviews API monthly per-article
lk_ratnapura_bopath_ella_falls,Bopath Ella Falls,Bopath_Ella_Falls,2025,6,142,Wikimedia Pageviews API monthly per-article
lk_ratnapura_bopath_ella_falls,Bopath Ella Falls,Bopath_Ella_Falls,2025,7,182,Wikimedia Pageviews API monthly per-article
lk_ratnapura_bopath_ella_falls,Bopath Ella Falls,Bopath_Ella_Falls,2025,8,206,Wikimedia Pageviews API monthly per-article
lk_ratnapura_bopath_ella_falls,Bopath Ella Falls,Bopath_Ella_Falls,2025,9,181,Wikimedia Pageviews API monthly per-article
lk_ratnapura_bopath_ella_falls,Bopath Ella Falls,Bopath_Ella_Falls,2025,10,150,Wikimedia Pageviews API monthly per-article
lk_ratnapura_bopath_ella_falls,Bopath Ella Falls,Bopath_Ella_Falls,2025,11,158,Wikimedia Pageviews API monthly per-article
lk_ratnapura_bopath_ella_falls,Bopath Ella Falls,Bopath_Ella_Falls,2025,12,97,Wikimedia Pageviews API monthly per-article
lk_ratnapura_bopath_ella_falls,Bopath Ella Falls,Bopath_Ella_Falls,2026,1,3,Wikimedia Pageviews API monthly per-article
lk_ratnapura_katugas_ella,Katugas Ella,Belihuloya,2024,1,579,Wikimedia Pageviews API monthly per-article
lk_ratnapura_katugas_ella,Katugas Ella,Belihuloya,2024,2,558,Wikimedia Pageviews API monthly per-article
lk_ratnapura_katugas_ella,Katugas Ella,Belihuloya,2024,3,476,Wikimedia Pageviews API monthly per-article
lk_ratnapura_katugas_ella,Katugas Ella,Belihuloya,2024,4,837,Wikimedia Pageviews API monthly per-article
lk_ratnapura_katugas_ella,Katugas Ella,Belihuloya,2024,5,413,Wikimedia Pageviews API monthly per-article
lk_ratnapura_katugas_ella,Katugas Ella,Belihuloya,2024,6,278,Wikimedia Pageviews API monthly per-article
lk_ratnapura_katugas_ella,Katugas Ella,Belihuloya,2024,7,323,Wikimedia Pageviews API monthly per-article
lk_ratnapura_katugas_ella,Katugas Ella,Belihuloya,2024,8,402,Wikimedia Pageviews API monthly per-article
lk_ratnapura_katugas_ella,Katugas Ella,Belihuloya,2024,9,322,Wikimedia Pageviews API monthly per-article
lk_ratnapura_katugas_ella,Katugas Ella,Belihuloya,2024,10,262,Wikimedia Pageviews API monthly per-article
lk_ratnapura_katugas_ella,Katugas Ella,Belihuloya,2024,11,243,Wikimedia Pageviews API monthly per-article
lk_ratnapura_katugas_ella,Katugas Ella,Belihuloya,2024,12,304,Wikimedia Pageviews API monthly per-article
lk_ratnapura_katugas_ella,Katugas Ella,Belihuloya,2025,1,334,Wikimedia Pageviews API monthly per-article
lk_ratnapura_katugas_ella,Katugas Ella,Belihuloya,2025,2,292,Wikimedia Pageviews API monthly per-article
lk_ratnapura_katugas_ella,Katugas Ella,Belihuloya,2025,3,298,Wikimedia Pageviews API monthly per-article
lk_ratnapura_katugas_ella,Katugas Ella,Belihuloya,2025,4,334,Wikimedia Pageviews API monthly per-article
lk_ratnapura_katugas_ella,Katugas Ella,Belihuloya,2025,5,310,Wikimedia Pageviews API monthly per-article
lk_ratnapura_katugas_ella,Katugas Ella,Belihuloya,2025,6,243,Wikimedia Pageviews API monthly per-article
lk_ratnapura_katugas_ella,Katugas Ella,Belihuloya,2025,7,284,Wikimedia Pageviews API monthly per-article
lk_ratnapura_katugas_ella,Katugas Ella,Belihuloya,2025,8,371,Wikimedia Pageviews API monthly per-article
lk_ratnapura_katugas_ella,Katugas Ella,Belihuloya,2025,9,294,Wikimedia Pageviews API monthly per-article
lk_ratnapura_katugas_ella,Katugas Ella,Belihuloya,2025,10,270,Wikimedia Pageviews API monthly per-article
lk_ratnapura_katugas_ella,Katugas Ella,Belihuloya,2025,11,280,Wikimedia Pageviews API monthly per-article
lk_ratnapura_katugas_ella,Katugas Ella,Belihuloya,2025,12,187,Wikimedia Pageviews API monthly per-article
lk_ratnapura_katugas_ella,Katugas Ella,Belihuloya,2026,1,7,Wikimedia Pageviews API monthly per-article
lk_ratnapura_kirindi_ella,Kirindi Ella,Kirindi_Ella,2025,11,0,Wikimedia Pageviews API monthly per-article
lk_ratnapura_kudawa_entrance_sinharaja,"Kudawa Entrance, Sinharaja",Sinharaja_Forest_Reserve,2024,1,3402,Wikimedia Pageviews API monthly per-article
lk_ratnapura_kudawa_entrance_sinharaja,"Kudawa Entrance, Sinharaja",Sinharaja_Forest_Reserve,2024,2,3143,Wikimedia Pageviews API monthly per-article
lk_ratnapura_kudawa_entrance_sinharaja,"Kudawa Entrance, Sinharaja",Sinharaja_Forest_Reserve,2024,3,3246,Wikimedia Pageviews API monthly per-article
lk_ratnapura_kudawa_entrance_sinharaja,"Kudawa Entrance, Sinharaja",Sinharaja_Forest_Reserve,2024,4,2651,Wikimedia Pageviews API monthly per-article
lk_ratnapura_kudawa_entrance_sinharaja,"Kudawa Entrance, Sinharaja",Sinharaja_Forest_Reserve,2024,5,2823,Wikimedia Pageviews API monthly per-article
lk_ratnapura_kudawa_entrance_sinharaja,"Kudawa Entrance, Sinharaja",Sinharaja_Forest_Reserve,2024,6,2317,Wikimedia Pageviews API monthly per-article
lk_ratnapura_kudawa_entrance_sinharaja,"Kudawa Entrance, Sinharaja",Sinharaja_Forest_Reserve,2024,7,2799,Wikimedia Pageviews API monthly per-article
lk_ratnapura_kudawa_entrance_sinharaja,"Kudawa Entrance, Sinharaja",Sinharaja_Forest_Reserve,2024,8,2334,Wikimedia Pageviews API monthly per-article
lk_ratnapura_kudawa_entrance_sinharaja,"Kudawa Entrance, Sinharaja",Sinharaja_Forest_Reserve,2024,9,2642,Wikimedia Pageviews API monthly per-article
lk_ratnapura_kudawa_entrance_sinharaja,"Kudawa Entrance, Sinharaja",Sinharaja_Forest_Reserve,2024,10,2590,Wikimedia Pageviews API monthly per-article
lk_ratnapura_kudawa_entrance_sinharaja,"Kudawa Entrance, Sinharaja",Sinharaja_Forest_Reserve,2024,11,2283,Wikimedia Pageviews API monthly per-article
lk_ratnapura_kudawa_entrance_sinharaja,"Kudawa Entrance, Sinharaja",Sinharaja_Forest_Reserve,2024,12,2248,Wikimedia Pageviews API monthly per-article
lk_ratnapura_kudawa_entrance_sinharaja,"Kudawa Entrance, Sinharaja",Sinharaja_Forest_Reserve,2025,1,2591,Wikimedia Pageviews API monthly per-article
lk_ratnapura_kudawa_entrance_sinharaja,"Kudawa Entrance, Sinharaja",Sinharaja_Forest_Reserve,2025,2,2172,Wikimedia Pageviews API monthly per-article
lk_ratnapura_kudawa_entrance_sinharaja,"Kudawa Entrance, Sinharaja",Sinharaja_Forest_Reserve,2025,3,2282,Wikimedia Pageviews API monthly per-article
lk_ratnapura_kudawa_entrance_sinharaja,"Kudawa Entrance, Sinharaja",Sinharaja_Forest_Reserve,2025,4,1623,Wikimedia Pageviews API monthly per-article
lk_ratnapura_kudawa_entrance_sinharaja,"Kudawa Entrance, Sinharaja",Sinharaja_Forest_Reserve,2025,5,1849,Wikimedia Pageviews API monthly per-article
lk_ratnapura_kudawa_entrance_sinharaja,"Kudawa Entrance, Sinharaja",Sinharaja_Forest_Reserve,2025,6,2066,Wikimedia Pageviews API monthly per-article
lk_ratnapura_kudawa_entrance_sinharaja,"Kudawa Entrance, Sinharaja",Sinharaja_Forest_Reserve,2025,7,1916,Wikimedia Pageviews API monthly per-article
lk_ratnapura_kudawa_entrance_sinharaja,"Kudawa Entrance, Sinharaja",Sinharaja_Forest_Reserve,2025,8,2177,Wikimedia Pageviews API monthly per-article
lk_ratnapura_kudawa_entrance_sinharaja,"Kudawa Entrance, Sinharaja",Sinharaja_Forest_Reserve,2025,9,2488,Wikimedia Pageviews API monthly per-article
lk_ratnapura_kudawa_entrance_sinharaja,"Kudawa Entrance, Sinharaja",Sinharaja_Forest_Reserve,2025,10,2090,Wikimedia Pageviews API monthly per-article
lk_ratnapura_kudawa_entrance_sinharaja,"Kudawa Entrance, Sinharaja",Sinharaja_Forest_Reserve,2025,11,1846,Wikimedia Pageviews API monthly per-article
lk_ratnapura_kudawa_entrance_sinharaja,"Kudawa Entrance, Sinharaja",Sinharaja_Forest_Reserve,2025,12,1568,Wikimedia Pageviews API monthly per-article
lk_ratnapura_kudawa_entrance_sinharaja,"Kudawa Entrance, Sinharaja",Sinharaja_Forest_Reserve,2026,1,41,Wikimedia Pageviews API monthly per-article
lk_ratnapura_kuragala,Kuragala,Kuragala,2024,1,1018,Wikimedia Pageviews API monthly per-article
lk_ratnapura_kuragala,Kuragala,Kuragala,2024,2,838,Wikimedia Pageviews API monthly per-article
lk_ratnapura_kuragala,Kuragala,Kuragala,2024,3,553,Wikimedia Pageviews API monthly per-article
lk_ratnapura_kuragala,Kuragala,Kuragala,2024,4,599,Wikimedia Pageviews API monthly per-article
lk_ratnapura_kuragala,Kuragala,Kuragala,2024,5,875,Wikimedia Pageviews API monthly per-article
lk_ratnapura_kuragala,Kuragala,Kuragala,2024,6,524,Wikimedia Pageviews API monthly per-article
lk_ratnapura_kuragala,Kuragala,Kuragala,2024,7,372,Wikimedia Pageviews API monthly per-article
lk_ratnapura_kuragala,Kuragala,Kuragala,2024,8,454,Wikimedia Pageviews API monthly per-article
lk_ratnapura_kuragala,Kuragala,Kuragala,2024,9,350,Wikimedia Pageviews API monthly per-article
lk_ratnapura_kuragala,Kuragala,Kuragala,2024,10,359,Wikimedia Pageviews API monthly per-article
lk_ratnapura_kuragala,Kuragala,Kuragala,2024,11,230,Wikimedia Pageviews API monthly per-article
lk_ratnapura_kuragala,Kuragala,Kuragala,2024,12,319,Wikimedia Pageviews API monthly per-article
lk_ratnapura_kuragala,Kuragala,Kuragala,2025,1,308,Wikimedia Pageviews API monthly per-article
lk_ratnapura_kuragala,Kuragala,Kuragala,2025,2,236,Wikimedia Pageviews API monthly per-article
lk_ratnapura_kuragala,Kuragala,Kuragala,2025,3,220,Wikimedia Pageviews API monthly per-article
lk_ratnapura_kuragala,Kuragala,Kuragala,2025,4,230,Wikimedia Pageviews API monthly per-article
lk_ratnapura_kuragala,Kuragala,Kuragala,2025,5,379,Wikimedia Pageviews API monthly per-article
lk_ratnapura_kuragala,Kuragala,Kuragala,2025,6,648,Wikimedia Pageviews API monthly per-article
lk_ratnapura_kuragala,Kuragala,Kuragala,2025,7,270,Wikimedia Pageviews API monthly per-article
lk_ratnapura_kuragala,Kuragala,Kuragala,2025,8,380,Wikimedia Pageviews API monthly per-article
lk_ratnapura_kuragala,Kuragala,Kuragala,2025,9,283,Wikimedia Pageviews API monthly per-article
lk_ratnapura_kuragala,Kuragala,Kuragala,2025,10,241,Wikimedia Pageviews API monthly per-article
lk_ratnapura_kuragala,Kuragala,Kuragala,2025,11,260,Wikimedia Pageviews API monthly per-article
lk_ratnapura_kuragala,Kuragala,Kuragala,2025,12,114,Wikimedia Pageviews API monthly per-article
lk_ratnapura_kuragala,Kuragala,Kuragala,2026,1,15,Wikimedia Pageviews API monthly per-article
lk_ratnapura_maduwanwela_walawwa,Maduwanwela Walawwa,Maduwanwela_Walawwa,2024,1,328,Wikimedia Pageviews API monthly per-article
lk_ratnapura_maduwanwela_walawwa,Maduwanwela Walawwa,Maduwanwela_Walawwa,2024,2,308,Wikimedia Pageviews API monthly per-article
lk_ratnapura_maduwanwela_walawwa,Maduwanwela Walawwa,Maduwanwela_Walawwa,2024,3,322,Wikimedia Pageviews API monthly per-article
lk_ratnapura_maduwanwela_walawwa,Maduwanwela Walawwa,Maduwanwela_Walawwa,2024,4,433,Wikimedia Pageviews API monthly per-article
lk_ratnapura_maduwanwela_walawwa,Maduwanwela Walawwa,Maduwanwela_Walawwa,2024,5,261,Wikimedia Pageviews API monthly per-article
lk_ratnapura_maduwanwela_walawwa,Maduwanwela Walawwa,Maduwanwela_Walawwa,2024,6,302,Wikimedia Pageviews API monthly per-article
lk_ratnapura_maduwanwela_walawwa,Maduwanwela Walawwa,Maduwanwela_Walawwa,2024,7,233,Wikimedia Pageviews API monthly per-article
lk_ratnapura_maduwanwela_walawwa,Maduwanwela Walawwa,Maduwanwela_Walawwa,2024,8,254,Wikimedia Pageviews API monthly per-article
lk_ratnapura_maduwanwela_walawwa,Maduwanwela Walawwa,Maduwanwela_Walawwa,2024,9,330,Wikimedia Pageviews API monthly per-article
lk_ratnapura_maduwanwela_walawwa,Maduwanwela Walawwa,Maduwanwela_Walawwa,2024,10,284,Wikimedia Pageviews API monthly per-article
lk_ratnapura_maduwanwela_walawwa,Maduwanwela Walawwa,Maduwanwela_Walawwa,2024,11,211,Wikimedia Pageviews API monthly per-article
lk_ratnapura_maduwanwela_walawwa,Maduwanwela Walawwa,Maduwanwela_Walawwa,2024,12,275,Wikimedia Pageviews API monthly per-article
lk_ratnapura_maduwanwela_walawwa,Maduwanwela Walawwa,Maduwanwela_Walawwa,2025,1,270,Wikimedia Pageviews API monthly per-article
lk_ratnapura_maduwanwela_walawwa,Maduwanwela Walawwa,Maduwanwela_Walawwa,2025,2,221,Wikimedia Pageviews API monthly per-article
lk_ratnapura_maduwanwela_walawwa,Maduwanwela Walawwa,Maduwanwela_Walawwa,2025,3,218,Wikimedia Pageviews API monthly per-article
lk_ratnapura_maduwanwela_walawwa,Maduwanwela Walawwa,Maduwanwela_Walawwa,2025,4,249,Wikimedia Pageviews API monthly per-article
lk_ratnapura_maduwanwela_walawwa,Maduwanwela Walawwa,Maduwanwela_Walawwa,2025,5,177,Wikimedia Pageviews API monthly per-article
lk_ratnapura_maduwanwela_walawwa,Maduwanwela Walawwa,Maduwanwela_Walawwa,2025,6,143,Wikimedia Pageviews API monthly per-article
lk_ratnapura_maduwanwela_walawwa,Maduwanwela Walawwa,Maduwanwela_Walawwa,2025,7,220,Wikimedia Pageviews API monthly per-article
lk_ratnapura_maduwanwela_walawwa,Maduwanwela Walawwa,Maduwanwela_Walawwa,2025,8,401,Wikimedia Pageviews API monthly per-article
lk_ratnapura_maduwanwela_walawwa,Maduwanwela Walawwa,Maduwanwela_Walawwa,2025,9,244,Wikimedia Pageviews API monthly per-article
lk_ratnapura_maduwanwela_walawwa,Maduwanwela Walawwa,Maduwanwela_Walawwa,2025,10,289,Wikimedia Pageviews API monthly per-article
lk_ratnapura_maduwanwela_walawwa,Maduwanwela Walawwa,Maduwanwela_Walawwa,2025,11,232,Wikimedia Pageviews API monthly per-article
lk_ratnapura_maduwanwela_walawwa,Maduwanwela Walawwa,Maduwanwela_Walawwa,2025,12,204,Wikimedia Pageviews API monthly per-article
lk_ratnapura_maduwanwela_walawwa,Maduwanwela Walawwa,Maduwanwela_Walawwa,2026,1,10,Wikimedia Pageviews API monthly per-article
lk_ratnapura_surathali_ella,Surathali Ella,Belihuloya,2024,1,579,Wikimedia Pageviews API monthly per-article
lk_ratnapura_surathali_ella,Surathali Ella,Belihuloya,2024,2,558,Wikimedia Pageviews API monthly per-article
lk_ratnapura_surathali_ella,Surathali Ella,Belihuloya,2024,3,476,Wikimedia Pageviews API monthly per-article
lk_ratnapura_surathali_ella,Surathali Ella,Belihuloya,2024,4,837,Wikimedia Pageviews API monthly per-article
lk_ratnapura_surathali_ella,Surathali Ella,Belihuloya,2024,5,413,Wikimedia Pageviews API monthly per-article
lk_ratnapura_surathali_ella,Surathali Ella,Belihuloya,2024,6,278,Wikimedia Pageviews API monthly per-article
lk_ratnapura_surathali_ella,Surathali Ella,Belihuloya,2024,7,323,Wikimedia Pageviews API monthly per-article
lk_ratnapura_surathali_ella,Surathali Ella,Belihuloya,2024,8,402,Wikimedia Pageviews API monthly per-article
lk_ratnapura_surathali_ella,Surathali Ella,Belihuloya,2024,9,322,Wikimedia Pageviews API monthly per-article
lk_ratnapura_surathali_ella,Surathali Ella,Belihuloya,2024,10,262,Wikimedia Pageviews API monthly per-article
lk_ratnapura_surathali_ella,Surathali Ella,Belihuloya,2024,11,243,Wikimedia Pageviews API monthly per-article
lk_ratnapura_surathali_ella,Surathali Ella,Belihuloya,2024,12,304,Wikimedia Pageviews API monthly per-article
lk_ratnapura_surathali_ella,Surathali Ella,Belihuloya,2025,1,334,Wikimedia Pageviews API monthly per-article
lk_ratnapura_surathali_ella,Surathali Ella,Belihuloya,2025,2,292,Wikimedia Pageviews API monthly per-article
lk_ratnapura_surathali_ella,Surathali Ella,Belihuloya,2025,3,298,Wikimedia Pageviews API monthly per-article
lk_ratnapura_surathali_ella,Surathali Ella,Belihuloya,2025,4,334,Wikimedia Pageviews API monthly per-article
lk_ratnapura_surathali_ella,Surathali Ella,Belihuloya,2025,5,310,Wikimedia Pageviews API monthly per-article
lk_ratnapura_surathali_ella,Surathali Ella,Belihuloya,2025,6,243,Wikimedia Pageviews API monthly per-article
lk_ratnapura_surathali_ella,Surathali Ella,Belihuloya,2025,7,284,Wikimedia Pageviews API monthly per-article
lk_ratnapura_surathali_ella,Surathali Ella,Belihuloya,2025,8,371,Wikimedia Pageviews API monthly per-article
lk_ratnapura_surathali_ella,Surathali Ella,Belihuloya,2025,9,294,Wikimedia Pageviews API monthly per-article
lk_ratnapura_surathali_ella,Surathali Ella,Belihuloya,2025,10,270,Wikimedia Pageviews API monthly per-article
lk_ratnapura_surathali_ella,Surathali Ella,Belihuloya,2025,11,280,Wikimedia Pageviews API monthly per-article
lk_ratnapura_surathali_ella,Surathali Ella,Belihuloya,2025,12,187,Wikimedia Pageviews API monthly per-article
lk_ratnapura_surathali_ella,Surathali Ella,Belihuloya,2026,1,7,Wikimedia Pageviews API monthly per-article
lk_trincomalee_koneswaram_temple,Koneswaram Temple,Koneswaram_Temple,2024,1,6631,Wikimedia Pageviews API monthly per-article
lk_trincomalee_koneswaram_temple,Koneswaram Temple,Koneswaram_Temple,2024,2,5496,Wikimedia Pageviews API monthly per-article
lk_trincomalee_koneswaram_temple,Koneswaram Temple,Koneswaram_Temple,2024,3,6023,Wikimedia Pageviews API monthly per-article
lk_trincomalee_koneswaram_temple,Koneswaram Temple,Koneswaram_Temple,2024,4,5243,Wikimedia Pageviews API monthly per-article
lk_trincomalee_koneswaram_temple,Koneswaram Temple,Koneswaram_Temple,2024,5,4575,Wikimedia Pageviews API monthly per-article
lk_trincomalee_koneswaram_temple,Koneswaram Temple,Koneswaram_Temple,2024,6,3946,Wikimedia Pageviews API monthly per-article
lk_trincomalee_koneswaram_temple,Koneswaram Temple,Koneswaram_Temple,2024,7,4983,Wikimedia Pageviews API monthly per-article
lk_trincomalee_koneswaram_temple,Koneswaram Temple,Koneswaram_Temple,2024,8,5120,Wikimedia Pageviews API monthly per-article
lk_trincomalee_koneswaram_temple,Koneswaram Temple,Koneswaram_Temple,2024,9,4404,Wikimedia Pageviews API monthly per-article
lk_trincomalee_koneswaram_temple,Koneswaram Temple,Koneswaram_Temple,2024,10,4262,Wikimedia Pageviews API monthly per-article
lk_trincomalee_koneswaram_temple,Koneswaram Temple,Koneswaram_Temple,2024,11,4072,Wikimedia Pageviews API monthly per-article
lk_trincomalee_koneswaram_temple,Koneswaram Temple,Koneswaram_Temple,2024,12,4110,Wikimedia Pageviews API monthly per-article
lk_trincomalee_koneswaram_temple,Koneswaram Temple,Koneswaram_Temple,2025,1,4804,Wikimedia Pageviews API monthly per-article
lk_trincomalee_koneswaram_temple,Koneswaram Temple,Koneswaram_Temple,2025,2,4021,Wikimedia Pageviews API monthly per-article
lk_trincomalee_koneswaram_temple,Koneswaram Temple,Koneswaram_Temple,2025,3,4072,Wikimedia Pageviews API monthly per-article
lk_trincomalee_koneswaram_temple,Koneswaram Temple,Koneswaram_Temple,2025,4,3858,Wikimedia Pageviews API monthly per-article
lk_trincomalee_koneswaram_temple,Koneswaram Temple,Koneswaram_Temple,2025,5,3583,Wikimedia Pageviews API monthly per-article
lk_trincomalee_koneswaram_temple,Koneswaram Temple,Koneswaram_Temple,2025,6,3357,Wikimedia Pageviews API monthly per-article
lk_trincomalee_koneswaram_temple,Koneswaram Temple,Koneswaram_Temple,2025,7,4704,Wikimedia Pageviews API monthly per-article
lk_trincomalee_koneswaram_temple,Koneswaram Temple,Koneswaram_Temple,2025,8,4971,Wikimedia Pageviews API monthly per-article
lk_trincomalee_koneswaram_temple,Koneswaram Temple,Koneswaram_Temple,2025,9,4173,Wikimedia Pageviews API monthly per-article
lk_trincomalee_koneswaram_temple,Koneswaram Temple,Koneswaram_Temple,2025,10,3788,Wikimedia Pageviews API monthly per-article
lk_trincomalee_koneswaram_temple,Koneswaram Temple,Koneswaram_Temple,2025,11,3310,Wikimedia Pageviews API monthly per-article
lk_trincomalee_koneswaram_temple,Koneswaram Temple,Koneswaram_Temple,2025,12,3077,Wikimedia Pageviews API monthly per-article
lk_trincomalee_koneswaram_temple,Koneswaram Temple,Koneswaram_Temple,2026,1,117,Wikimedia Pageviews API monthly per-article
lk_trincomalee_nilaveli_beach,Nilaveli Beach,Nilaveli,2024,1,387,Wikimedia Pageviews API monthly per-article
lk_trincomalee_nilaveli_beach,Nilaveli Beach,Nilaveli,2024,2,328,Wikimedia Pageviews API monthly per-article
lk_trincomalee_nilaveli_beach,Nilaveli Beach,Nilaveli,2024,3,336,Wikimedia Pageviews API monthly per-article
lk_trincomalee_nilaveli_beach,Nilaveli Beach,Nilaveli,2024,4,395,Wikimedia Pageviews API monthly per-article
lk_trincomalee_nilaveli_beach,Nilaveli Beach,Nilaveli,2024,5,342,Wikimedia Pageviews API monthly per-article
lk_trincomalee_nilaveli_beach,Nilaveli Beach,Nilaveli,2024,6,300,Wikimedia Pageviews API monthly per-article
lk_trincomalee_nilaveli_beach,Nilaveli Beach,Nilaveli,2024,7,409,Wikimedia Pageviews API monthly per-article
lk_trincomalee_nilaveli_beach,Nilaveli Beach,Nilaveli,2024,8,525,Wikimedia Pageviews API monthly per-article
lk_trincomalee_nilaveli_beach,Nilaveli Beach,Nilaveli,2024,9,340,Wikimedia Pageviews API monthly per-article
lk_trincomalee_nilaveli_beach,Nilaveli Beach,Nilaveli,2024,10,281,Wikimedia Pageviews API monthly per-article
lk_trincomalee_nilaveli_beach,Nilaveli Beach,Nilaveli,2024,11,299,Wikimedia Pageviews API monthly per-article
lk_trincomalee_nilaveli_beach,Nilaveli Beach,Nilaveli,2024,12,325,Wikimedia Pageviews API monthly per-article
lk_trincomalee_nilaveli_beach,Nilaveli Beach,Nilaveli,2025,1,358,Wikimedia Pageviews API monthly per-article
lk_trincomalee_nilaveli_beach,Nilaveli Beach,Nilaveli,2025,2,297,Wikimedia Pageviews API monthly per-article
lk_trincomalee_nilaveli_beach,Nilaveli Beach,Nilaveli,2025,3,385,Wikimedia Pageviews API monthly per-article
lk_trincomalee_nilaveli_beach,Nilaveli Beach,Nilaveli,2025,4,320,Wikimedia Pageviews API monthly per-article
lk_trincomalee_nilaveli_beach,Nilaveli Beach,Nilaveli,2025,5,332,Wikimedia Pageviews API monthly per-article
lk_trincomalee_nilaveli_beach,Nilaveli Beach,Nilaveli,2025,6,292,Wikimedia Pageviews API monthly per-article
lk_trincomalee_nilaveli_beach,Nilaveli Beach,Nilaveli,2025,7,415,Wikimedia Pageviews API monthly per-article
lk_trincomalee_nilaveli_beach,Nilaveli Beach,Nilaveli,2025,8,476,Wikimedia Pageviews API monthly per-article
lk_trincomalee_nilaveli_beach,Nilaveli Beach,Nilaveli,2025,9,335,Wikimedia Pageviews API monthly per-article
lk_trincomalee_nilaveli_beach,Nilaveli Beach,Nilaveli,2025,10,269,Wikimedia Pageviews API monthly per-article
lk_trincomalee_nilaveli_beach,Nilaveli Beach,Nilaveli,2025,11,230,Wikimedia Pageviews API monthly per-article
lk_trincomalee_nilaveli_beach,Nilaveli Beach,Nilaveli,2025,12,172,Wikimedia Pageviews API monthly per-article
lk_trincomalee_nilaveli_beach,Nilaveli Beach,Nilaveli,2026,1,2,Wikimedia Pageviews API monthly per-article
lk_trincomalee_pigeon_island_national_park,Pigeon Island National Park,Pigeon_Island_National_Park,2024,1,1257,Wikimedia Pageviews API monthly per-article
lk_trincomalee_pigeon_island_national_park,Pigeon Island National Park,Pigeon_Island_National_Park,2024,2,1130,Wikimedia Pageviews API monthly per-article
lk_trincomalee_pigeon_island_national_park,Pigeon Island National Park,Pigeon_Island_National_Park,2024,3,1244,Wikimedia Pageviews API monthly per-article
lk_trincomalee_pigeon_island_national_park,Pigeon Island National Park,Pigeon_Island_National_Park,2024,4,1347,Wikimedia Pageviews API monthly per-article
lk_trincomalee_pigeon_island_national_park,Pigeon Island National Park,Pigeon_Island_National_Park,2024,5,963,Wikimedia Pageviews API monthly per-article
lk_trincomalee_pigeon_island_national_park,Pigeon Island National Park,Pigeon_Island_National_Park,2024,6,790,Wikimedia Pageviews API monthly per-article
lk_trincomalee_pigeon_island_national_park,Pigeon Island National Park,Pigeon_Island_National_Park,2024,7,1123,Wikimedia Pageviews API monthly per-article
lk_trincomalee_pigeon_island_national_park,Pigeon Island National Park,Pigeon_Island_National_Park,2024,8,1316,Wikimedia Pageviews API monthly per-article
lk_trincomalee_pigeon_island_national_park,Pigeon Island National Park,Pigeon_Island_National_Park,2024,9,894,Wikimedia Pageviews API monthly per-article
lk_trincomalee_pigeon_island_national_park,Pigeon Island National Park,Pigeon_Island_National_Park,2024,10,626,Wikimedia Pageviews API monthly per-article
lk_trincomalee_pigeon_island_national_park,Pigeon Island National Park,Pigeon_Island_National_Park,2024,11,643,Wikimedia Pageviews API monthly per-article
lk_trincomalee_pigeon_island_national_park,Pigeon Island National Park,Pigeon_Island_National_Park,2024,12,823,Wikimedia Pageviews API monthly per-article
lk_trincomalee_pigeon_island_national_park,Pigeon Island National Park,Pigeon_Island_National_Park,2025,1,921,Wikimedia Pageviews API monthly per-article
lk_trincomalee_pigeon_island_national_park,Pigeon Island National Park,Pigeon_Island_National_Park,2025,2,690,Wikimedia Pageviews API monthly per-article
lk_trincomalee_pigeon_island_national_park,Pigeon Island National Park,Pigeon_Island_National_Park,2025,3,889,Wikimedia Pageviews API monthly per-article
lk_trincomalee_pigeon_island_national_park,Pigeon Island National Park,Pigeon_Island_National_Park,2025,4,1032,Wikimedia Pageviews API monthly per-article
lk_trincomalee_pigeon_island_national_park,Pigeon Island National Park,Pigeon_Island_National_Park,2025,5,763,Wikimedia Pageviews API monthly per-article
lk_trincomalee_pigeon_island_national_park,Pigeon Island National Park,Pigeon_Island_National_Park,2025,6,649,Wikimedia Pageviews API monthly per-article
lk_trincomalee_pigeon_island_national_park,Pigeon Island National Park,Pigeon_Island_National_Park,2025,7,919,Wikimedia Pageviews API monthly per-article
lk_trincomalee_pigeon_island_national_park,Pigeon Island National Park,Pigeon_Island_National_Park,2025,8,1137,Wikimedia Pageviews API monthly per-article
lk_trincomalee_pigeon_island_national_park,Pigeon Island National Park,Pigeon_Island_National_Park,2025,9,698,Wikimedia Pageviews API monthly per-article
lk_trincomalee_pigeon_island_national_park,Pigeon Island National Park,Pigeon_Island_National_Park,2025,10,602,Wikimedia Pageviews API monthly per-article
lk_trincomalee_pigeon_island_national_park,Pigeon Island National Park,Pigeon_Island_National_Park,2025,11,523,Wikimedia Pageviews API monthly per-article
lk_trincomalee_pigeon_island_national_park,Pigeon Island National Park,Pigeon_Island_National_Park,2025,12,414,Wikimedia Pageviews API monthly per-article
lk_trincomalee_pigeon_island_national_park,Pigeon Island National Park,Pigeon_Island_National_Park,2026,1,18,Wikimedia Pageviews API monthly per-article
lk_trincomalee_uppuveli_beach,Uppuveli Beach,Uppuveli,2024,1,82,Wikimedia Pageviews API monthly per-article
lk_trincomalee_uppuveli_beach,Uppuveli Beach,Uppuveli,2024,2,96,Wikimedia Pageviews API monthly per-article
lk_trincomalee_uppuveli_beach,Uppuveli Beach,Uppuveli,2024,3,76,Wikimedia Pageviews API monthly per-article
lk_trincomalee_uppuveli_beach,Uppuveli Beach,Uppuveli,2024,4,73,Wikimedia Pageviews API monthly per-article
lk_trincomalee_uppuveli_beach,Uppuveli Beach,Uppuveli,2024,5,77,Wikimedia Pageviews API monthly per-article
lk_trincomalee_uppuveli_beach,Uppuveli Beach,Uppuveli,2024,6,58,Wikimedia Pageviews API monthly per-article
lk_trincomalee_uppuveli_beach,Uppuveli Beach,Uppuveli,2024,7,57,Wikimedia Pageviews API monthly per-article
lk_trincomalee_uppuveli_beach,Uppuveli Beach,Uppuveli,2024,8,85,Wikimedia Pageviews API monthly per-article
lk_trincomalee_uppuveli_beach,Uppuveli Beach,Uppuveli,2024,9,74,Wikimedia Pageviews API monthly per-article
lk_trincomalee_uppuveli_beach,Uppuveli Beach,Uppuveli,2024,10,40,Wikimedia Pageviews API monthly per-article
lk_trincomalee_uppuveli_beach,Uppuveli Beach,Uppuveli,2024,11,63,Wikimedia Pageviews API monthly per-article
lk_trincomalee_uppuveli_beach,Uppuveli Beach,Uppuveli,2024,12,56,Wikimedia Pageviews API monthly per-article
lk_trincomalee_uppuveli_beach,Uppuveli Beach,Uppuveli,2025,1,63,Wikimedia Pageviews API monthly per-article
lk_trincomalee_uppuveli_beach,Uppuveli Beach,Uppuveli,2025,2,73,Wikimedia Pageviews API monthly per-article
lk_trincomalee_uppuveli_beach,Uppuveli Beach,Uppuveli,2025,3,95,Wikimedia Pageviews API monthly per-article
lk_trincomalee_uppuveli_beach,Uppuveli Beach,Uppuveli,2025,4,68,Wikimedia Pageviews API monthly per-article
lk_trincomalee_uppuveli_beach,Uppuveli Beach,Uppuveli,2025,5,85,Wikimedia Pageviews API monthly per-article
lk_trincomalee_uppuveli_beach,Uppuveli Beach,Uppuveli,2025,6,72,Wikimedia Pageviews API monthly per-article
lk_trincomalee_uppuveli_beach,Uppuveli Beach,Uppuveli,2025,7,132,Wikimedia Pageviews API monthly per-article
lk_trincomalee_uppuveli_beach,Uppuveli Beach,Uppuveli,2025,8,139,Wikimedia Pageviews API monthly per-article
lk_trincomalee_uppuveli_beach,Uppuveli Beach,Uppuveli,2025,9,68,Wikimedia Pageviews API monthly per-article
lk_trincomalee_uppuveli_beach,Uppuveli Beach,Uppuveli,2025,10,68,Wikimedia Pageviews API monthly per-article
lk_trincomalee_uppuveli_beach,Uppuveli Beach,Uppuveli,2025,11,53,Wikimedia Pageviews API monthly per-article
lk_trincomalee_uppuveli_beach,Uppuveli Beach,Uppuveli,2025,12,42,Wikimedia Pageviews API monthly per-article
lk_trincomalee_uppuveli_beach,Uppuveli Beach,Uppuveli,2026,1,1,Wikimedia Pageviews API monthly per-article
lk_trincomalee_naval_and_maritime_museum_trincomalee,"Naval and Maritime Museum, Trincomalee",Hoods_Tower_Museum,2024,1,68,Wikimedia Pageviews API monthly per-article
lk_trincomalee_naval_and_maritime_museum_trincomalee,"Naval and Maritime Museum, Trincomalee",Hoods_Tower_Museum,2024,2,41,Wikimedia Pageviews API monthly per-article
lk_trincomalee_naval_and_maritime_museum_trincomalee,"Naval and Maritime Museum, Trincomalee",Hoods_Tower_Museum,2024,3,55,Wikimedia Pageviews API monthly per-article
lk_trincomalee_naval_and_maritime_museum_trincomalee,"Naval and Maritime Museum, Trincomalee",Hoods_Tower_Museum,2024,4,48,Wikimedia Pageviews API monthly per-article
lk_trincomalee_naval_and_maritime_museum_trincomalee,"Naval and Maritime Museum, Trincomalee",Hoods_Tower_Museum,2024,5,54,Wikimedia Pageviews API monthly per-article
lk_trincomalee_naval_and_maritime_museum_trincomalee,"Naval and Maritime Museum, Trincomalee",Hoods_Tower_Museum,2024,6,62,Wikimedia Pageviews API monthly per-article
lk_trincomalee_naval_and_maritime_museum_trincomalee,"Naval and Maritime Museum, Trincomalee",Hoods_Tower_Museum,2024,7,74,Wikimedia Pageviews API monthly per-article
lk_trincomalee_naval_and_maritime_museum_trincomalee,"Naval and Maritime Museum, Trincomalee",Hoods_Tower_Museum,2024,8,58,Wikimedia Pageviews API monthly per-article
lk_trincomalee_naval_and_maritime_museum_trincomalee,"Naval and Maritime Museum, Trincomalee",Hoods_Tower_Museum,2024,9,55,Wikimedia Pageviews API monthly per-article
lk_trincomalee_naval_and_maritime_museum_trincomalee,"Naval and Maritime Museum, Trincomalee",Hoods_Tower_Museum,2024,10,44,Wikimedia Pageviews API monthly per-article
lk_trincomalee_naval_and_maritime_museum_trincomalee,"Naval and Maritime Museum, Trincomalee",Hoods_Tower_Museum,2024,11,63,Wikimedia Pageviews API monthly per-article
lk_trincomalee_naval_and_maritime_museum_trincomalee,"Naval and Maritime Museum, Trincomalee",Hoods_Tower_Museum,2024,12,58,Wikimedia Pageviews API monthly per-article
lk_trincomalee_naval_and_maritime_museum_trincomalee,"Naval and Maritime Museum, Trincomalee",Hoods_Tower_Museum,2025,1,78,Wikimedia Pageviews API monthly per-article
lk_trincomalee_naval_and_maritime_museum_trincomalee,"Naval and Maritime Museum, Trincomalee",Hoods_Tower_Museum,2025,2,42,Wikimedia Pageviews API monthly per-article
lk_trincomalee_naval_and_maritime_museum_trincomalee,"Naval and Maritime Museum, Trincomalee",Hoods_Tower_Museum,2025,3,72,Wikimedia Pageviews API monthly per-article
lk_trincomalee_naval_and_maritime_museum_trincomalee,"Naval and Maritime Museum, Trincomalee",Hoods_Tower_Museum,2025,4,72,Wikimedia Pageviews API monthly per-article
lk_trincomalee_naval_and_maritime_museum_trincomalee,"Naval and Maritime Museum, Trincomalee",Hoods_Tower_Museum,2025,5,43,Wikimedia Pageviews API monthly per-article
lk_trincomalee_naval_and_maritime_museum_trincomalee,"Naval and Maritime Museum, Trincomalee",Hoods_Tower_Museum,2025,6,61,Wikimedia Pageviews API monthly per-article
lk_trincomalee_naval_and_maritime_museum_trincomalee,"Naval and Maritime Museum, Trincomalee",Hoods_Tower_Museum,2025,7,56,Wikimedia Pageviews API monthly per-article
lk_trincomalee_naval_and_maritime_museum_trincomalee,"Naval and Maritime Museum, Trincomalee",Hoods_Tower_Museum,2025,8,90,Wikimedia Pageviews API monthly per-article
lk_trincomalee_naval_and_maritime_museum_trincomalee,"Naval and Maritime Museum, Trincomalee",Hoods_Tower_Museum,2025,9,68,Wikimedia Pageviews API monthly per-article
lk_trincomalee_naval_and_maritime_museum_trincomalee,"Naval and Maritime Museum, Trincomalee",Hoods_Tower_Museum,2025,10,59,Wikimedia Pageviews API monthly per-article
lk_trincomalee_naval_and_maritime_museum_trincomalee,"Naval and Maritime Museum, Trincomalee",Hoods_Tower_Museum,2025,11,66,Wikimedia Pageviews API monthly per-article
lk_trincomalee_naval_and_maritime_museum_trincomalee,"Naval and Maritime Museum, Trincomalee",Hoods_Tower_Museum,2025,12,43,Wikimedia Pageviews API monthly per-article
lk_trincomalee_naval_and_maritime_museum_trincomalee,"Naval and Maritime Museum, Trincomalee",Hoods_Tower_Museum,2026,1,2,Wikimedia Pageviews API monthly per-article
lk_trincomalee_pathirakali_amman_temple,Pathirakali Amman Temple,Pathirakali_Amman_Temple,2024,1,861,Wikimedia Pageviews API monthly per-article
lk_trincomalee_pathirakali_amman_temple,Pathirakali Amman Temple,Pathirakali_Amman_Temple,2024,2,826,Wikimedia Pageviews API monthly per-article
lk_trincomalee_pathirakali_amman_temple,Pathirakali Amman Temple,Pathirakali_Amman_Temple,2024,3,949,Wikimedia Pageviews API monthly per-article
lk_trincomalee_pathirakali_amman_temple,Pathirakali Amman Temple,Pathirakali_Amman_Temple,2024,4,740,Wikimedia Pageviews API monthly per-article
lk_trincomalee_pathirakali_amman_temple,Pathirakali Amman Temple,Pathirakali_Amman_Temple,2024,5,611,Wikimedia Pageviews API monthly per-article
lk_trincomalee_pathirakali_amman_temple,Pathirakali Amman Temple,Pathirakali_Amman_Temple,2024,6,415,Wikimedia Pageviews API monthly per-article
lk_trincomalee_pathirakali_amman_temple,Pathirakali Amman Temple,Pathirakali_Amman_Temple,2024,7,558,Wikimedia Pageviews API monthly per-article
lk_trincomalee_pathirakali_amman_temple,Pathirakali Amman Temple,Pathirakali_Amman_Temple,2024,8,548,Wikimedia Pageviews API monthly per-article
lk_trincomalee_pathirakali_amman_temple,Pathirakali Amman Temple,Pathirakali_Amman_Temple,2024,9,549,Wikimedia Pageviews API monthly per-article
lk_trincomalee_pathirakali_amman_temple,Pathirakali Amman Temple,Pathirakali_Amman_Temple,2024,10,420,Wikimedia Pageviews API monthly per-article
lk_trincomalee_pathirakali_amman_temple,Pathirakali Amman Temple,Pathirakali_Amman_Temple,2024,11,441,Wikimedia Pageviews API monthly per-article
lk_trincomalee_pathirakali_amman_temple,Pathirakali Amman Temple,Pathirakali_Amman_Temple,2024,12,410,Wikimedia Pageviews API monthly per-article
lk_trincomalee_pathirakali_amman_temple,Pathirakali Amman Temple,Pathirakali_Amman_Temple,2025,1,422,Wikimedia Pageviews API monthly per-article
lk_trincomalee_pathirakali_amman_temple,Pathirakali Amman Temple,Pathirakali_Amman_Temple,2025,2,421,Wikimedia Pageviews API monthly per-article
lk_trincomalee_pathirakali_amman_temple,Pathirakali Amman Temple,Pathirakali_Amman_Temple,2025,3,600,Wikimedia Pageviews API monthly per-article
lk_trincomalee_pathirakali_amman_temple,Pathirakali Amman Temple,Pathirakali_Amman_Temple,2025,4,625,Wikimedia Pageviews API monthly per-article
lk_trincomalee_pathirakali_amman_temple,Pathirakali Amman Temple,Pathirakali_Amman_Temple,2025,5,517,Wikimedia Pageviews API monthly per-article
lk_trincomalee_pathirakali_amman_temple,Pathirakali Amman Temple,Pathirakali_Amman_Temple,2025,6,345,Wikimedia Pageviews API monthly per-article
lk_trincomalee_pathirakali_amman_temple,Pathirakali Amman Temple,Pathirakali_Amman_Temple,2025,7,551,Wikimedia Pageviews API monthly per-article
lk_trincomalee_pathirakali_amman_temple,Pathirakali Amman Temple,Pathirakali_Amman_Temple,2025,8,700,Wikimedia Pageviews API monthly per-article
lk_trincomalee_pathirakali_amman_temple,Pathirakali Amman Temple,Pathirakali_Amman_Temple,2025,9,1078,Wikimedia Pageviews API monthly per-article
lk_trincomalee_pathirakali_amman_temple,Pathirakali Amman Temple,Pathirakali_Amman_Temple,2025,10,674,Wikimedia Pageviews API monthly per-article
lk_trincomalee_pathirakali_amman_temple,Pathirakali Amman Temple,Pathirakali_Amman_Temple,2025,11,652,Wikimedia Pageviews API monthly per-article
lk_trincomalee_pathirakali_amman_temple,Pathirakali Amman Temple,Pathirakali_Amman_Temple,2025,12,477,Wikimedia Pageviews API monthly per-article
lk_trincomalee_pathirakali_amman_temple,Pathirakali Amman Temple,Pathirakali_Amman_Temple,2026,1,18,Wikimedia Pageviews API monthly per-article
lk_trincomalee_thiriyai_girihandu_seya,Thiriyai Girihandu Seya,Girihandu_Seya,2024,1,366,Wikimedia Pageviews API monthly per-article
lk_trincomalee_thiriyai_girihandu_seya,Thiriyai Girihandu Seya,Girihandu_Seya,2024,2,392,Wikimedia Pageviews API monthly per-article
lk_trincomalee_thiriyai_girihandu_seya,Thiriyai Girihandu Seya,Girihandu_Seya,2024,3,322,Wikimedia Pageviews API monthly per-article
lk_trincomalee_thiriyai_girihandu_seya,Thiriyai Girihandu Seya,Girihandu_Seya,2024,4,485,Wikimedia Pageviews API monthly per-article
lk_trincomalee_thiriyai_girihandu_seya,Thiriyai Girihandu Seya,Girihandu_Seya,2024,5,331,Wikimedia Pageviews API monthly per-article
lk_trincomalee_thiriyai_girihandu_seya,Thiriyai Girihandu Seya,Girihandu_Seya,2024,6,317,Wikimedia Pageviews API monthly per-article
lk_trincomalee_thiriyai_girihandu_seya,Thiriyai Girihandu Seya,Girihandu_Seya,2024,7,307,Wikimedia Pageviews API monthly per-article
lk_trincomalee_thiriyai_girihandu_seya,Thiriyai Girihandu Seya,Girihandu_Seya,2024,8,296,Wikimedia Pageviews API monthly per-article
lk_trincomalee_thiriyai_girihandu_seya,Thiriyai Girihandu Seya,Girihandu_Seya,2024,9,283,Wikimedia Pageviews API monthly per-article
lk_trincomalee_thiriyai_girihandu_seya,Thiriyai Girihandu Seya,Girihandu_Seya,2024,10,192,Wikimedia Pageviews API monthly per-article
lk_trincomalee_thiriyai_girihandu_seya,Thiriyai Girihandu Seya,Girihandu_Seya,2024,11,240,Wikimedia Pageviews API monthly per-article
lk_trincomalee_thiriyai_girihandu_seya,Thiriyai Girihandu Seya,Girihandu_Seya,2024,12,301,Wikimedia Pageviews API monthly per-article
lk_trincomalee_thiriyai_girihandu_seya,Thiriyai Girihandu Seya,Girihandu_Seya,2025,1,364,Wikimedia Pageviews API monthly per-article
lk_trincomalee_thiriyai_girihandu_seya,Thiriyai Girihandu Seya,Girihandu_Seya,2025,2,300,Wikimedia Pageviews API monthly per-article
lk_trincomalee_thiriyai_girihandu_seya,Thiriyai Girihandu Seya,Girihandu_Seya,2025,3,351,Wikimedia Pageviews API monthly per-article
lk_trincomalee_thiriyai_girihandu_seya,Thiriyai Girihandu Seya,Girihandu_Seya,2025,4,336,Wikimedia Pageviews API monthly per-article
lk_trincomalee_thiriyai_girihandu_seya,Thiriyai Girihandu Seya,Girihandu_Seya,2025,5,280,Wikimedia Pageviews API monthly per-article
lk_trincomalee_thiriyai_girihandu_seya,Thiriyai Girihandu Seya,Girihandu_Seya,2025,6,290,Wikimedia Pageviews API monthly per-article
lk_trincomalee_thiriyai_girihandu_seya,Thiriyai Girihandu Seya,Girihandu_Seya,2025,7,281,Wikimedia Pageviews API monthly per-article
lk_trincomalee_thiriyai_girihandu_seya,Thiriyai Girihandu Seya,Girihandu_Seya,2025,8,345,Wikimedia Pageviews API monthly per-article
lk_trincomalee_thiriyai_girihandu_seya,Thiriyai Girihandu Seya,Girihandu_Seya,2025,9,261,Wikimedia Pageviews API monthly per-article
lk_trincomalee_thiriyai_girihandu_seya,Thiriyai Girihandu Seya,Girihandu_Seya,2025,10,211,Wikimedia Pageviews API monthly per-article
lk_trincomalee_thiriyai_girihandu_seya,Thiriyai Girihandu Seya,Girihandu_Seya,2025,11,229,Wikimedia Pageviews API monthly per-article
lk_trincomalee_thiriyai_girihandu_seya,Thiriyai Girihandu Seya,Girihandu_Seya,2025,12,237,Wikimedia Pageviews API monthly per-article
lk_trincomalee_thiriyai_girihandu_seya,Thiriyai Girihandu Seya,Girihandu_Seya,2026,1,5,Wikimedia Pageviews API monthly per-article
lk_vavuniya_madukanda_vihara,Madukanda Vihara,Vavuniya,2024,1,1577,Wikimedia Pageviews API monthly per-article
lk_vavuniya_madukanda_vihara,Madukanda Vihara,Vavuniya,2024,2,1555,Wikimedia Pageviews API monthly per-article
lk_vavuniya_madukanda_vihara,Madukanda Vihara,Vavuniya,2024,3,1562,Wikimedia Pageviews API monthly per-article
lk_vavuniya_madukanda_vihara,Madukanda Vihara,Vavuniya,2024,4,1359,Wikimedia Pageviews API monthly per-article
lk_vavuniya_madukanda_vihara,Madukanda Vihara,Vavuniya,2024,5,1027,Wikimedia Pageviews API monthly per-article
lk_vavuniya_madukanda_vihara,Madukanda Vihara,Vavuniya,2024,6,1350,Wikimedia Pageviews API monthly per-article
lk_vavuniya_madukanda_vihara,Madukanda Vihara,Vavuniya,2024,7,1028,Wikimedia Pageviews API monthly per-article
lk_vavuniya_madukanda_vihara,Madukanda Vihara,Vavuniya,2024,8,1128,Wikimedia Pageviews API monthly per-article
lk_vavuniya_madukanda_vihara,Madukanda Vihara,Vavuniya,2024,9,1219,Wikimedia Pageviews API monthly per-article
lk_vavuniya_madukanda_vihara,Madukanda Vihara,Vavuniya,2024,10,1048,Wikimedia Pageviews API monthly per-article
lk_vavuniya_madukanda_vihara,Madukanda Vihara,Vavuniya,2024,11,1125,Wikimedia Pageviews API monthly per-article
lk_vavuniya_madukanda_vihara,Madukanda Vihara,Vavuniya,2024,12,1047,Wikimedia Pageviews API monthly per-article
lk_vavuniya_madukanda_vihara,Madukanda Vihara,Vavuniya,2025,1,1104,Wikimedia Pageviews API monthly per-article
lk_vavuniya_madukanda_vihara,Madukanda Vihara,Vavuniya,2025,2,1001,Wikimedia Pageviews API monthly per-article
lk_vavuniya_madukanda_vihara,Madukanda Vihara,Vavuniya,2025,3,1204,Wikimedia Pageviews API monthly per-article
lk_vavuniya_madukanda_vihara,Madukanda Vihara,Vavuniya,2025,4,1115,Wikimedia Pageviews API monthly per-article
lk_vavuniya_madukanda_vihara,Madukanda Vihara,Vavuniya,2025,5,1324,Wikimedia Pageviews API monthly per-article
lk_vavuniya_madukanda_vihara,Madukanda Vihara,Vavuniya,2025,6,1144,Wikimedia Pageviews API monthly per-article
lk_vavuniya_madukanda_vihara,Madukanda Vihara,Vavuniya,2025,7,1217,Wikimedia Pageviews API monthly per-article
lk_vavuniya_madukanda_vihara,Madukanda Vihara,Vavuniya,2025,8,1195,Wikimedia Pageviews API monthly per-article
lk_vavuniya_madukanda_vihara,Madukanda Vihara,Vavuniya,2025,9,1007,Wikimedia Pageviews API monthly per-article
lk_vavuniya_madukanda_vihara,Madukanda Vihara,Vavuniya,2025,10,1005,Wikimedia Pageviews API monthly per-article
lk_vavuniya_madukanda_vihara,Madukanda Vihara,Vavuniya,2025,11,1639,Wikimedia Pageviews API monthly per-article
lk_vavuniya_madukanda_vihara,Madukanda Vihara,Vavuniya,2025,12,1092,Wikimedia Pageviews API monthly per-article
lk_vavuniya_madukanda_vihara,Madukanda Vihara,Vavuniya,2026,1,25,Wikimedia Pageviews API monthly per-article
lk_vavuniya_vavuniya_archaeological_museum,Vavuniya Archaeological Museum,Vavuniya,2024,1,1577,Wikimedia Pageviews API monthly per-article
lk_vavuniya_vavuniya_archaeological_museum,Vavuniya Archaeological Museum,Vavuniya,2024,2,1555,Wikimedia Pageviews API monthly per-article
lk_vavuniya_vavuniya_archaeological_museum,Vavuniya Archaeological Museum,Vavuniya,2024,3,1562,Wikimedia Pageviews API monthly per-article
lk_vavuniya_vavuniya_archaeological_museum,Vavuniya Archaeological Museum,Vavuniya,2024,4,1359,Wikimedia Pageviews API monthly per-article
lk_vavuniya_vavuniya_archaeological_museum,Vavuniya Archaeological Museum,Vavuniya,2024,5,1027,Wikimedia Pageviews API monthly per-article
lk_vavuniya_vavuniya_archaeological_museum,Vavuniya Archaeological Museum,Vavuniya,2024,6,1350,Wikimedia Pageviews API monthly per-article
lk_vavuniya_vavuniya_archaeological_museum,Vavuniya Archaeological Museum,Vavuniya,2024,7,1028,Wikimedia Pageviews API monthly per-article
lk_vavuniya_vavuniya_archaeological_museum,Vavuniya Archaeological Museum,Vavuniya,2024,8,1128,Wikimedia Pageviews API monthly per-article
lk_vavuniya_vavuniya_archaeological_museum,Vavuniya Archaeological Museum,Vavuniya,2024,9,1219,Wikimedia Pageviews API monthly per-article
lk_vavuniya_vavuniya_archaeological_museum,Vavuniya Archaeological Museum,Vavuniya,2024,10,1048,Wikimedia Pageviews API monthly per-article
lk_vavuniya_vavuniya_archaeological_museum,Vavuniya Archaeological Museum,Vavuniya,2024,11,1125,Wikimedia Pageviews API monthly per-article
lk_vavuniya_vavuniya_archaeological_museum,Vavuniya Archaeological Museum,Vavuniya,2024,12,1047,Wikimedia Pageviews API monthly per-article
lk_vavuniya_vavuniya_archaeological_museum,Vavuniya Archaeological Museum,Vavuniya,2025,1,1104,Wikimedia Pageviews API monthly per-article
lk_vavuniya_vavuniya_archaeological_museum,Vavuniya Archaeological Museum,Vavuniya,2025,2,1001,Wikimedia Pageviews API monthly per-article
lk_vavuniya_vavuniya_archaeological_museum,Vavuniya Archaeological Museum,Vavuniya,2025,3,1204,Wikimedia Pageviews API monthly per-article
lk_vavuniya_vavuniya_archaeological_museum,Vavuniya Archaeological Museum,Vavuniya,2025,4,1115,Wikimedia Pageviews API monthly per-article
lk_vavuniya_vavuniya_archaeological_museum,Vavuniya Archaeological Museum,Vavuniya,2025,5,1324,Wikimedia Pageviews API monthly per-article
lk_vavuniya_vavuniya_archaeological_museum,Vavuniya Archaeological Museum,Vavuniya,2025,6,1144,Wikimedia Pageviews API monthly per-article
lk_vavuniya_vavuniya_archaeological_museum,Vavuniya Archaeological Museum,Vavuniya,2025,7,1217,Wikimedia Pageviews API monthly per-article
lk_vavuniya_vavuniya_archaeological_museum,Vavuniya Archaeological Museum,Vavuniya,2025,8,1195,Wikimedia Pageviews API monthly per-article
lk_vavuniya_vavuniya_archaeological_museum,Vavuniya Archaeological Museum,Vavuniya,2025,9,1007,Wikimedia Pageviews API monthly per-article
lk_vavuniya_vavuniya_archaeological_museum,Vavuniya Archaeological Museum,Vavuniya,2025,10,1005,Wikimedia Pageviews API monthly per-article
lk_vavuniya_vavuniya_archaeological_museum,Vavuniya Archaeological Museum,Vavuniya,2025,11,1639,Wikimedia Pageviews API monthly per-article
lk_vavuniya_vavuniya_archaeological_museum,Vavuniya Archaeological Museum,Vavuniya,2025,12,1092,Wikimedia Pageviews API monthly per-article
lk_vavuniya_vavuniya_archaeological_museum,Vavuniya Archaeological Museum,Vavuniya,2026,1,25,Wikimedia Pageviews API monthly per-article
